curated_row_id,source_file,source_row_hash,raw_source_file,raw_match_status,raw_match_count,raw_row_hash,raw_match_notes,referencenumber,id,daterequested,requesttype,borough,mainstreet,crossstreet1,crossstreet2,statusdescription,inclusion_status,inclusion_basis,provenance_status,review_required,review_notes
1,output/data_cb5_signal_studies.csv,b9a5741f0d21604b84802f76d64fa35a065870d77c2313bca03f8aeaef129ddd,data_raw/signal_studies_citywide.csv,matched,1,b9a5741f0d21604b84802f76d64fa35a065870d77c2313bca03f8aeaef129ddd,Matched committed raw Signal Studies snapshot by id and referencenumber.,CQ25-3181,229885,2025-10-06T00:00:00.000,All-Way Stop,Queens,52 ROAD,67 STREET,,Study Request Denial,included,Legacy curated QCB5 signal-study input. Signal Studies lack a community-board field and source coordinates; inclusion was carried forward from prior street-name curation and still needs row-level human review.,needs_human_review,True,
2,output/data_cb5_signal_studies.csv,931d797f96971e8dcb26ad1dc063f3e56fc6652624062348fcba04a98ec3cfd9,data_raw/signal_studies_citywide.csv,matched,1,931d797f96971e8dcb26ad1dc063f3e56fc6652624062348fcba04a98ec3cfd9,Matched committed raw Signal Studies snapshot by id and referencenumber.,CQ25-3180,229884,2025-10-06T00:00:00.000,All-Way Stop,Queens,52 ROAD,66 STREET,,Study Request Denial,included,Legacy curated QCB5 signal-study input. Signal Studies lack a community-board field and source coordinates; inclusion was carried forward from prior street-name curation and still needs row-level human review.,needs_human_review,True,
3,output/data_cb5_signal_studies.csv,df3458f056df0dd7a9783eadbd5a64ca946d599d3445d57a7d62a56f6a84db0f,data_raw/signal_studies_citywide.csv,matched,1,df3458f056df0dd7a9783eadbd5a64ca946d599d3445d57a7d62a56f6a84db0f,Matched committed raw Signal Studies snapshot by id and referencenumber.,CQ25-3033B,229737,2025-09-04T00:00:00.000,Traffic Signal,Queens,CYPRESS AVENUE,VERMONT PLACE,,Engineering Study Completed     (Signals Engineering),included,Legacy curated QCB5 signal-study input. Signal Studies lack a community-board field and source coordinates; inclusion was carried forward from prior street-name curation and still needs row-level human review.,needs_human_review,True,
4,output/data_cb5_signal_studies.csv,5488a44875092c0123b9bc2cc24548ee869025bb2c2c1915d3c74faa19bec86e,data_raw/signal_studies_citywide.csv,matched,1,5488a44875092c0123b9bc2cc24548ee869025bb2c2c1915d3c74faa19bec86e,Matched committed raw Signal Studies snapshot by id and referencenumber.,CQ25-2943B,229647,2025-08-29T00:00:00.000,Traffic Signal,Queens,FLUSHING AVENUE,53 STREET,,Engineering Study Completed     (Signals Engineering),included,Legacy curated QCB5 signal-study input. Signal Studies lack a community-board field and source coordinates; inclusion was carried forward from prior street-name curation and still needs row-level human review.,needs_human_review,True,
5,output/data_cb5_signal_studies.csv,ffb3a4d93618575d6f889038316afcecac97c316214a8ba3f358394049a99681,data_raw/signal_studies_citywide.csv,matched,1,ffb3a4d93618575d6f889038316afcecac97c316214a8ba3f358394049a99681,Matched committed raw Signal Studies snapshot by id and referencenumber.,CQ25-2868B,228575,2025-09-04T00:00:00.000,Accessible Pedestrian Signal,Queens,SENECA AVENUE,WOODBINE STREET,,Engineering Study Completed     (Signals Engineering),included,Legacy curated QCB5 signal-study input. Signal Studies lack a community-board field and source coordinates; inclusion was carried forward from prior street-name curation and still needs row-level human review.,needs_human_review,True,
6,output/data_cb5_signal_studies.csv,f33c1b12d439a7b5837126b591fdc9b29f983d12aa4f134870e631d817e6237e,data_raw/signal_studies_citywide.csv,matched,1,f33c1b12d439a7b5837126b591fdc9b29f983d12aa4f134870e631d817e6237e,Matched committed raw Signal Studies snapshot by id and referencenumber.,CQ25-2807B,228514,2025-08-01T00:00:00.000,Traffic Signal,Queens,DRY HARBOR ROAD,80 STREET,FURMANVILLE AVENUE,Engineering Study Completed     (Signals Engineering),included,Legacy curated QCB5 signal-study input. Signal Studies lack a community-board field and source coordinates; inclusion was carried forward from prior street-name curation and still needs row-level human review.,needs_human_review,True,
7,output/data_cb5_signal_studies.csv,ec2ded56ddc9a911651c46e11fd74ab193f7913186bdb877073a2b05cbe00072,data_raw/signal_studies_citywide.csv,matched,1,ec2ded56ddc9a911651c46e11fd74ab193f7913186bdb877073a2b05cbe00072,Matched committed raw Signal Studies snapshot by id and referencenumber.,CQ25-2632,228339,2025-08-13T00:00:00.000,All-Way Stop,Queens,78 AVENUE,64 PLACE,,Study Request Denial,included,Legacy curated QCB5 signal-study input. Signal Studies lack a community-board field and source coordinates; inclusion was carried forward from prior street-name curation and still needs row-level human review.,needs_human_review,True,
8,output/data_cb5_signal_studies.csv,d7b2c4222558119b70b50e3938681604df65e845207a8a60a30e0e77bf8d0cc6,data_raw/signal_studies_citywide.csv,matched,1,d7b2c4222558119b70b50e3938681604df65e845207a8a60a30e0e77bf8d0cc6,Matched committed raw Signal Studies snapshot by id and referencenumber.,CQ25-2631,228338,2025-08-13T00:00:00.000,All-Way Stop,Queens,78 AVENUE,64 STREET,PHIL SCOOTER RIZZUTO CORNER,Study Request Denial,included,Legacy curated QCB5 signal-study input. Signal Studies lack a community-board field and source coordinates; inclusion was carried forward from prior street-name curation and still needs row-level human review.,needs_human_review,True,
9,output/data_cb5_signal_studies.csv,fd009b22fe0d294bd99958a3eafc408d3c4fed6864f6fe4900e5de64605c3b5d,data_raw/signal_studies_citywide.csv,matched,1,fd009b22fe0d294bd99958a3eafc408d3c4fed6864f6fe4900e5de64605c3b5d,Matched committed raw Signal Studies snapshot by id and referencenumber.,CQ25-2566B,228273,2025-08-08T00:00:00.000,Leading Pedestrian Interval,Queens,FRESH POND ROAD,60 ROAD,,Engineering Study Completed     (Signals Engineering),included,Legacy curated QCB5 signal-study input. Signal Studies lack a community-board field and source coordinates; inclusion was carried forward from prior street-name curation and still needs row-level human review.,needs_human_review,True,
10,output/data_cb5_signal_studies.csv,a58e326d8b4465a4de946c65e90bcdf67cff4fcdbe8cfc9fc8605dbe7b6fdba4,data_raw/signal_studies_citywide.csv,matched,1,a58e326d8b4465a4de946c65e90bcdf67cff4fcdbe8cfc9fc8605dbe7b6fdba4,Matched committed raw Signal Studies snapshot by id and referencenumber.,CQ25-2472B,228179,2025-07-14T00:00:00.000,Traffic Signal,Queens,78 STREET,JUNIPER BOULEVARD SOUTH,PENELOPE AVENUE,Engineering Study Completed     (Signals Engineering),included,Legacy curated QCB5 signal-study input. Signal Studies lack a community-board field and source coordinates; inclusion was carried forward from prior street-name curation and still needs row-level human review.,needs_human_review,True,
11,output/data_cb5_signal_studies.csv,5442ff317f88540dc28ee55bea545113ccac563c596d55994295a75308afbd30,data_raw/signal_studies_citywide.csv,matched,1,5442ff317f88540dc28ee55bea545113ccac563c596d55994295a75308afbd30,Matched committed raw Signal Studies snapshot by id and referencenumber.,CQ25-2443B,227152,2025-07-15T00:00:00.000,Accessible Pedestrian Signal,Queens,FRESH POND ROAD,68 ROAD,,Engineering Study Completed     (Signals Engineering),included,Legacy curated QCB5 signal-study input. Signal Studies lack a community-board field and source coordinates; inclusion was carried forward from prior street-name curation and still needs row-level human review.,needs_human_review,True,
12,output/data_cb5_signal_studies.csv,ce64078ceb1af7cc824f62870004ff0322597233c75a8f9867eecef163f07a71,data_raw/signal_studies_citywide.csv,matched,1,ce64078ceb1af7cc824f62870004ff0322597233c75a8f9867eecef163f07a71,Matched committed raw Signal Studies snapshot by id and referencenumber.,CQ25-2441B,227150,2025-07-14T00:00:00.000,Traffic Signal,Queens,PUTNAM AVENUE,FOREST AVENUE,,Engineering Study Completed     (Signals Engineering),included,Legacy curated QCB5 signal-study input. Signal Studies lack a community-board field and source coordinates; inclusion was carried forward from prior street-name curation and still needs row-level human review.,needs_human_review,True,
13,output/data_cb5_signal_studies.csv,683bca29e7d5ac182527aae5cff11985ef0c267fb817c0daf5df75ecb3470538,data_raw/signal_studies_citywide.csv,matched,1,683bca29e7d5ac182527aae5cff11985ef0c267fb817c0daf5df75ecb3470538,Matched committed raw Signal Studies snapshot by id and referencenumber.,CQ25-2410B,227119,2025-06-24T00:00:00.000,Traffic Signal,Queens,MYRTLE AVENUE,60 LANE,,Engineering Study Completed     (Signals Engineering),included,Legacy curated QCB5 signal-study input. Signal Studies lack a community-board field and source coordinates; inclusion was carried forward from prior street-name curation and still needs row-level human review.,needs_human_review,True,
14,output/data_cb5_signal_studies.csv,a1ba7103120ab97f3daeeba116d3a97fddde90bf590e19d626e6946154f64dda,data_raw/signal_studies_citywide.csv,matched,1,a1ba7103120ab97f3daeeba116d3a97fddde90bf590e19d626e6946154f64dda,Matched committed raw Signal Studies snapshot by id and referencenumber.,CQ25-2359,227068,2025-07-11T00:00:00.000,All-Way Stop,Queens,78 AVENUE,60 STREET,,Study Request Denial,included,Legacy curated QCB5 signal-study input. Signal Studies lack a community-board field and source coordinates; inclusion was carried forward from prior street-name curation and still needs row-level human review.,needs_human_review,True,
15,output/data_cb5_signal_studies.csv,f9789eb85cbb9f7d15df6ba82f715f11d3557980167cf0816adc630782cc7ba0,data_raw/signal_studies_citywide.csv,matched,1,f9789eb85cbb9f7d15df6ba82f715f11d3557980167cf0816adc630782cc7ba0,Matched committed raw Signal Studies snapshot by id and referencenumber.,CQ25-2292,227001,2025-07-02T00:00:00.000,Traffic Signal,Queens,STARR STREET,ONDERDONK AVENUE,,Study Request Denial,included,Legacy curated QCB5 signal-study input. Signal Studies lack a community-board field and source coordinates; inclusion was carried forward from prior street-name curation and still needs row-level human review.,needs_human_review,True,
16,output/data_cb5_signal_studies.csv,ef538a0e997ea0bea20b4e907606fc25236b9c8b59db37b63b5cb0654fad4cf1,data_raw/signal_studies_citywide.csv,matched,1,ef538a0e997ea0bea20b4e907606fc25236b9c8b59db37b63b5cb0654fad4cf1,Matched committed raw Signal Studies snapshot by id and referencenumber.,CQ25-2240,225958,2025-06-30T00:00:00.000,Traffic Signal,Queens,DEKALB AVENUE,ONDERDONK AVENUE,,Study Request Denial,included,Legacy curated QCB5 signal-study input. Signal Studies lack a community-board field and source coordinates; inclusion was carried forward from prior street-name curation and still needs row-level human review.,needs_human_review,True,
17,output/data_cb5_signal_studies.csv,23b183f72f80ed9a8dcd7227dc3485c1f154dca8a830dbd7e5f944adcbe31329,data_raw/signal_studies_citywide.csv,matched,1,23b183f72f80ed9a8dcd7227dc3485c1f154dca8a830dbd7e5f944adcbe31329,Matched committed raw Signal Studies snapshot by id and referencenumber.,CQ25-2094B,224822,2025-05-30T00:00:00.000,Traffic Signal,Queens,BORDEN AVENUE,MAURICE AVENUE,LONG ISLAND EXPRESSWAY,Engineering Study Completed     (Signals Engineering),included,Legacy curated QCB5 signal-study input. Signal Studies lack a community-board field and source coordinates; inclusion was carried forward from prior street-name curation and still needs row-level human review.,needs_human_review,True,
18,output/data_cb5_signal_studies.csv,180f21590f149af464e6f57c4121e343bb905fde4a70caa39656560a7f533a41,data_raw/signal_studies_citywide.csv,matched,1,180f21590f149af464e6f57c4121e343bb905fde4a70caa39656560a7f533a41,Matched committed raw Signal Studies snapshot by id and referencenumber.,CQ25-2062,224790,2025-06-09T00:00:00.000,Traffic Signal,Queens,COOPER AVENUE,60 LANE,,Study Request Denial,included,Legacy curated QCB5 signal-study input. Signal Studies lack a community-board field and source coordinates; inclusion was carried forward from prior street-name curation and still needs row-level human review.,needs_human_review,True,
19,output/data_cb5_signal_studies.csv,ae0f3ef81d2bc030d1e987284750f72f667bb83128f004d25c39628413d5b5ff,data_raw/signal_studies_citywide.csv,matched,1,ae0f3ef81d2bc030d1e987284750f72f667bb83128f004d25c39628413d5b5ff,Matched committed raw Signal Studies snapshot by id and referencenumber.,CQ25-2040,224768,2025-06-04T00:00:00.000,All-Way Stop,Queens,76 STREET,78 AVENUE,,Study Request Denial,included,Legacy curated QCB5 signal-study input. Signal Studies lack a community-board field and source coordinates; inclusion was carried forward from prior street-name curation and still needs row-level human review.,needs_human_review,True,
20,output/data_cb5_signal_studies.csv,003f6bf34a4fc869d8832ead38a6dea74e1d642f9c74adce836fa442a54d13bb,data_raw/signal_studies_citywide.csv,matched,1,003f6bf34a4fc869d8832ead38a6dea74e1d642f9c74adce836fa442a54d13bb,Matched committed raw Signal Studies snapshot by id and referencenumber.,CQ25-2000,224728,2025-05-30T00:00:00.000,All-Way Stop,Queens,72 PLACE,COOPER AVENUE,,Study Request Denial,included,Legacy curated QCB5 signal-study input. Signal Studies lack a community-board field and source coordinates; inclusion was carried forward from prior street-name curation and still needs row-level human review.,needs_human_review,True,
21,output/data_cb5_signal_studies.csv,4f467f731b33c3e060b0cd5615d76700f2cafef486262db9c96ec95d6865dda7,data_raw/signal_studies_citywide.csv,matched,1,4f467f731b33c3e060b0cd5615d76700f2cafef486262db9c96ec95d6865dda7,Matched committed raw Signal Studies snapshot by id and referencenumber.,CQ25-1999,224727,2025-05-30T00:00:00.000,All-Way Stop,Queens,MENAHAN STREET,60 PLACE,240 STREET,Study Request Denial,included,Legacy curated QCB5 signal-study input. Signal Studies lack a community-board field and source coordinates; inclusion was carried forward from prior street-name curation and still needs row-level human review.,needs_human_review,True,
22,output/data_cb5_signal_studies.csv,fbe9b1e9e56387c58fb889880749b99a66162bb7c09591b0705b0a0f577df4ec,data_raw/signal_studies_citywide.csv,matched,1,fbe9b1e9e56387c58fb889880749b99a66162bb7c09591b0705b0a0f577df4ec,Matched committed raw Signal Studies snapshot by id and referencenumber.,CQ25-1907B,224635,2025-05-27T00:00:00.000,Accessible Pedestrian Signal,Queens,METROPOLITAN AVENUE,74 STREET,,Engineering Study Completed     (Signals Engineering),included,Legacy curated QCB5 signal-study input. Signal Studies lack a community-board field and source coordinates; inclusion was carried forward from prior street-name curation and still needs row-level human review.,needs_human_review,True,
23,output/data_cb5_signal_studies.csv,11db908e923ee3833bf0ab169d416e5905ee1dcbebd1b224ab3a2273d965b59c,data_raw/signal_studies_citywide.csv,matched,1,11db908e923ee3833bf0ab169d416e5905ee1dcbebd1b224ab3a2273d965b59c,Matched committed raw Signal Studies snapshot by id and referencenumber.,CQ25-1904B,224632,2025-05-27T00:00:00.000,Left Turn Arrow/Signal,Queens,FOREST AVENUE,CATALPA AVENUE,,Engineering Study Completed     (Signals Engineering),included,Legacy curated QCB5 signal-study input. Signal Studies lack a community-board field and source coordinates; inclusion was carried forward from prior street-name curation and still needs row-level human review.,needs_human_review,True,
24,output/data_cb5_signal_studies.csv,2d7169646dd97f706cd4209eb2eca8dda70265e4f0f2caa411fd2fc4dbdca946,data_raw/signal_studies_citywide.csv,matched,1,2d7169646dd97f706cd4209eb2eca8dda70265e4f0f2caa411fd2fc4dbdca946,Matched committed raw Signal Studies snapshot by id and referencenumber.,CQ25-1833B,224561,2025-05-15T00:00:00.000,Accessible Pedestrian Signal,Queens,STOCKHOLM STREET,SENECA AVENUE,,Case Forward to Another Unit,included,Legacy curated QCB5 signal-study input. Signal Studies lack a community-board field and source coordinates; inclusion was carried forward from prior street-name curation and still needs row-level human review.,needs_human_review,True,
25,output/data_cb5_signal_studies.csv,6ea2a0bd4417f21b9173ee00f41fb25c0ad6c2faa820ae340ea5f41343d0ca4e,data_raw/signal_studies_citywide.csv,matched,1,6ea2a0bd4417f21b9173ee00f41fb25c0ad6c2faa820ae340ea5f41343d0ca4e,Matched committed raw Signal Studies snapshot by id and referencenumber.,CQ25-1762B,223494,2025-05-09T00:00:00.000,Traffic Signal,Queens,WOODHAVEN BOULEVARD,UNION TURNPIKE,,Engineering Study Completed     (Signals Engineering),included,Legacy curated QCB5 signal-study input. Signal Studies lack a community-board field and source coordinates; inclusion was carried forward from prior street-name curation and still needs row-level human review.,needs_human_review,True,
26,output/data_cb5_signal_studies.csv,0f01bd6fe12a64bed30df7fd9825ab06a1396418ed4b8973f3ed9c6cbc9dabd3,data_raw/signal_studies_citywide.csv,matched,1,0f01bd6fe12a64bed30df7fd9825ab06a1396418ed4b8973f3ed9c6cbc9dabd3,Matched committed raw Signal Studies snapshot by id and referencenumber.,CQ25-1691B,220433,2025-05-09T00:00:00.000,Accessible Pedestrian Signal,Queens,71 AVENUE,MYRTLE AVENUE,,Engineering Study Completed     (Signals Engineering),included,Legacy curated QCB5 signal-study input. Signal Studies lack a community-board field and source coordinates; inclusion was carried forward from prior street-name curation and still needs row-level human review.,needs_human_review,True,
27,output/data_cb5_signal_studies.csv,3015d0810f93b8d0ca7c2d4d69c13bdd4a237913716c777be1bbcf4d9ddc1444,data_raw/signal_studies_citywide.csv,matched,1,3015d0810f93b8d0ca7c2d4d69c13bdd4a237913716c777be1bbcf4d9ddc1444,Matched committed raw Signal Studies snapshot by id and referencenumber.,CQ25-1652B,219415,2025-04-28T00:00:00.000,Leading Pedestrian Interval,Queens,WYCKOFF AVENUE,COOPER AVENUE,LONG ISLAND RAILROAD,Engineering Study Completed     (Signals Engineering),included,Legacy curated QCB5 signal-study input. Signal Studies lack a community-board field and source coordinates; inclusion was carried forward from prior street-name curation and still needs row-level human review.,needs_human_review,True,
28,output/data_cb5_signal_studies.csv,73a6c2b6e68d4f38c271cb4ecf82a46cf87d48bfc623c4d14a561a6d4c062bd7,data_raw/signal_studies_citywide.csv,matched,1,73a6c2b6e68d4f38c271cb4ecf82a46cf87d48bfc623c4d14a561a6d4c062bd7,Matched committed raw Signal Studies snapshot by id and referencenumber.,CQ25-1622B,219385,2025-04-25T00:00:00.000,Left Turn Arrow/Signal,Queens,CENTRAL AVENUE,CYPRESS HILLS STREET,64 STREET,Engineering Study Completed     (Signals Engineering),included,Legacy curated QCB5 signal-study input. Signal Studies lack a community-board field and source coordinates; inclusion was carried forward from prior street-name curation and still needs row-level human review.,needs_human_review,True,
29,output/data_cb5_signal_studies.csv,4cdeeede1dca886672072a94c9c2a0fd7c6f008fb558a890d0c06f0a37b8b13b,data_raw/signal_studies_citywide.csv,matched,1,4cdeeede1dca886672072a94c9c2a0fd7c6f008fb558a890d0c06f0a37b8b13b,Matched committed raw Signal Studies snapshot by id and referencenumber.,CQ25-1511,219274,2025-05-01T00:00:00.000,Traffic Signal,Queens,FLUSHING AVENUE,56 STREET,LONG ISLAND RAILROAD,Study Request Denial,included,Legacy curated QCB5 signal-study input. Signal Studies lack a community-board field and source coordinates; inclusion was carried forward from prior street-name curation and still needs row-level human review.,needs_human_review,True,
30,output/data_cb5_signal_studies.csv,a83d5cdaa8aad587183431c5f64232de505f2b6137e99d9c01f1fa8beb66c174,data_raw/signal_studies_citywide.csv,matched,1,a83d5cdaa8aad587183431c5f64232de505f2b6137e99d9c01f1fa8beb66c174,Matched committed raw Signal Studies snapshot by id and referencenumber.,CQ25-1510,219273,2025-05-01T00:00:00.000,Traffic Signal,Queens,61 STREET,57 ROAD,,Study Request Denial,included,Legacy curated QCB5 signal-study input. Signal Studies lack a community-board field and source coordinates; inclusion was carried forward from prior street-name curation and still needs row-level human review.,needs_human_review,True,
31,output/data_cb5_signal_studies.csv,354d1962c3d8fe5210c59cd9adc562d64783d5b88ad9dc3da1c7bf0c7f0f0417,data_raw/signal_studies_citywide.csv,matched,1,354d1962c3d8fe5210c59cd9adc562d64783d5b88ad9dc3da1c7bf0c7f0f0417,Matched committed raw Signal Studies snapshot by id and referencenumber.,CQ25-1507,219270,2025-05-01T00:00:00.000,Traffic Signal,Queens,69 PLACE,65 DRIVE,,Study Request Denial,included,Legacy curated QCB5 signal-study input. Signal Studies lack a community-board field and source coordinates; inclusion was carried forward from prior street-name curation and still needs row-level human review.,needs_human_review,True,
32,output/data_cb5_signal_studies.csv,100ce2b62523c2c7f61be2bb1192b38aff16b883561e326f2e04af6464117326,data_raw/signal_studies_citywide.csv,matched,1,100ce2b62523c2c7f61be2bb1192b38aff16b883561e326f2e04af6464117326,Matched committed raw Signal Studies snapshot by id and referencenumber.,CQ25-1492,219255,2025-04-30T00:00:00.000,Traffic Signal,Queens,EDSALL AVENUE,75 STREET,70 AVENUE,Study Request Denial,included,Legacy curated QCB5 signal-study input. Signal Studies lack a community-board field and source coordinates; inclusion was carried forward from prior street-name curation and still needs row-level human review.,needs_human_review,True,
33,output/data_cb5_signal_studies.csv,f8710ab1e39194045b2571518466924e66502c13f4467f8bd8f2298347bd9fff,data_raw/signal_studies_citywide.csv,matched,1,f8710ab1e39194045b2571518466924e66502c13f4467f8bd8f2298347bd9fff,Matched committed raw Signal Studies snapshot by id and referencenumber.,CQ25-1333,218127,2025-04-18T00:00:00.000,Traffic Signal,Queens,69 STREET,62 AVENUE,,Study Request Denial,included,Legacy curated QCB5 signal-study input. Signal Studies lack a community-board field and source coordinates; inclusion was carried forward from prior street-name curation and still needs row-level human review.,needs_human_review,True,
34,output/data_cb5_signal_studies.csv,203ef80962eee144d488c5ffb928d2057e8f08726ef074080a1d52722eebc5b2,data_raw/signal_studies_citywide.csv,matched,1,203ef80962eee144d488c5ffb928d2057e8f08726ef074080a1d52722eebc5b2,Matched committed raw Signal Studies snapshot by id and referencenumber.,CQ25-1196,217004,2025-03-14T00:00:00.000,Traffic Signal,Queens,GATES AVENUE,GRANDVIEW AVENUE,,Study Request Denial,included,Legacy curated QCB5 signal-study input. Signal Studies lack a community-board field and source coordinates; inclusion was carried forward from prior street-name curation and still needs row-level human review.,needs_human_review,True,
35,output/data_cb5_signal_studies.csv,fbb62e52b6cd4c9e685bcc49d308703ba947f648616bb6c2cfa77c2587bee26d,data_raw/signal_studies_citywide.csv,matched,1,fbb62e52b6cd4c9e685bcc49d308703ba947f648616bb6c2cfa77c2587bee26d,Matched committed raw Signal Studies snapshot by id and referencenumber.,CQ25-1194,217002,2025-03-12T00:00:00.000,Traffic Signal,Queens,78 AVENUE,84 STREET,,Study Request Denial,included,Legacy curated QCB5 signal-study input. Signal Studies lack a community-board field and source coordinates; inclusion was carried forward from prior street-name curation and still needs row-level human review.,needs_human_review,True,
36,output/data_cb5_signal_studies.csv,c63a35faf63642e9c147b06ea3bed4dfdd22a1a3597bc7c885be50bfcdc24e83,data_raw/signal_studies_citywide.csv,matched,1,c63a35faf63642e9c147b06ea3bed4dfdd22a1a3597bc7c885be50bfcdc24e83,Matched committed raw Signal Studies snapshot by id and referencenumber.,CQ25-0725B,214570,2025-03-11T00:00:00.000,Left Turn Arrow/Signal,Queens,JUNIPER VALLEY ROAD,80 STREET,DRY HARBOR ROAD,Engineering Study Completed     (Signals Engineering),included,Legacy curated QCB5 signal-study input. Signal Studies lack a community-board field and source coordinates; inclusion was carried forward from prior street-name curation and still needs row-level human review.,needs_human_review,True,
37,output/data_cb5_signal_studies.csv,3a77a6784bf1edcbf6211ccda71dea500c89386dcdea5ee4a509f2c640faa328,data_raw/signal_studies_citywide.csv,matched,1,3a77a6784bf1edcbf6211ccda71dea500c89386dcdea5ee4a509f2c640faa328,Matched committed raw Signal Studies snapshot by id and referencenumber.,CQ25-0582B,214427,2025-03-10T00:00:00.000,Accessible Pedestrian Signal,Queens,STEPHEN STREET,CYPRESS AVENUE,,Engineering Study Completed     (Signals Engineering),included,Legacy curated QCB5 signal-study input. Signal Studies lack a community-board field and source coordinates; inclusion was carried forward from prior street-name curation and still needs row-level human review.,needs_human_review,True,
38,output/data_cb5_signal_studies.csv,9b0e8972d5f2357ecb2e0570a5e1848e479c384f7a6d88af94493cb79fe40954,data_raw/signal_studies_citywide.csv,matched,1,9b0e8972d5f2357ecb2e0570a5e1848e479c384f7a6d88af94493cb79fe40954,Matched committed raw Signal Studies snapshot by id and referencenumber.,CQ25-0556,214401,2025-03-10T00:00:00.000,All-Way Stop,Queens,60 STREET,56 DRIVE,,Study Request Denial,included,Legacy curated QCB5 signal-study input. Signal Studies lack a community-board field and source coordinates; inclusion was carried forward from prior street-name curation and still needs row-level human review.,needs_human_review,True,
39,output/data_cb5_signal_studies.csv,630dc23ef7e3919e8cad9588f0fd7edb623beb6230103eb2fa27134a9999a9d1,data_raw/signal_studies_citywide.csv,matched,1,630dc23ef7e3919e8cad9588f0fd7edb623beb6230103eb2fa27134a9999a9d1,Matched committed raw Signal Studies snapshot by id and referencenumber.,CQ25-0497B,214342,2025-02-26T00:00:00.000,Left Turn Arrow/Signal,Queens,69 STREET,JUNIPER VALLEY ROAD,69 PLACE,Engineering Study Completed     (Signals Engineering),included,Legacy curated QCB5 signal-study input. Signal Studies lack a community-board field and source coordinates; inclusion was carried forward from prior street-name curation and still needs row-level human review.,needs_human_review,True,
40,output/data_cb5_signal_studies.csv,100fafa8c53a6e7412558c53e0c8d5719b349b40d9352b1492342c0bdeaa5a93,data_raw/signal_studies_citywide.csv,matched,1,100fafa8c53a6e7412558c53e0c8d5719b349b40d9352b1492342c0bdeaa5a93,Matched committed raw Signal Studies snapshot by id and referencenumber.,CQ25-0457B,214302,2025-02-18T00:00:00.000,Left Turn Arrow/Signal,Queens,ELIOT AVENUE,LUTHERAN AVENUE,,Engineering Study Completed     (Signals Engineering),included,Legacy curated QCB5 signal-study input. Signal Studies lack a community-board field and source coordinates; inclusion was carried forward from prior street-name curation and still needs row-level human review.,needs_human_review,True,
41,output/data_cb5_signal_studies.csv,87adf5c6e4488bdd6c72447d21283ef9800f5d801281f0c89d7db5330da38bd0,data_raw/signal_studies_citywide.csv,matched,1,87adf5c6e4488bdd6c72447d21283ef9800f5d801281f0c89d7db5330da38bd0,Matched committed raw Signal Studies snapshot by id and referencenumber.,CQ25-0412,214257,2025-02-19T00:00:00.000,All-Way Stop,Queens,FAIRVIEW AVENUE,GREENE AVENUE,,Study Request Denial,included,Legacy curated QCB5 signal-study input. Signal Studies lack a community-board field and source coordinates; inclusion was carried forward from prior street-name curation and still needs row-level human review.,needs_human_review,True,
42,output/data_cb5_signal_studies.csv,9716fd64e7d3473831994d1fb50fae307b9aa03e7e931e5d3431c53f50ab4de9,data_raw/signal_studies_citywide.csv,matched,1,9716fd64e7d3473831994d1fb50fae307b9aa03e7e931e5d3431c53f50ab4de9,Matched committed raw Signal Studies snapshot by id and referencenumber.,CQ25-0361B,214206,2025-02-10T00:00:00.000,Traffic Signal,Queens,WOODHAVEN BOULEVARD,ELIOT AVENUE,,Engineering Study Completed     (Signals Engineering),included,Legacy curated QCB5 signal-study input. Signal Studies lack a community-board field and source coordinates; inclusion was carried forward from prior street-name curation and still needs row-level human review.,needs_human_review,True,
43,output/data_cb5_signal_studies.csv,3cd17d1044e4a1f367261c2577886ee975f3eb631f958c129252a611bd50a406,data_raw/signal_studies_citywide.csv,matched,1,3cd17d1044e4a1f367261c2577886ee975f3eb631f958c129252a611bd50a406,Matched committed raw Signal Studies snapshot by id and referencenumber.,CQ25-0296B,214141,2025-02-03T00:00:00.000,Leading Pedestrian Interval,Queens,86 STREET,ELIOT AVENUE,,Engineering Study Completed     (Signals Engineering),included,Legacy curated QCB5 signal-study input. Signal Studies lack a community-board field and source coordinates; inclusion was carried forward from prior street-name curation and still needs row-level human review.,needs_human_review,True,
44,output/data_cb5_signal_studies.csv,e04649eaafb929b4b0432fde53246adeecade18d1fd1dea408c3bc76f4b628e3,data_raw/signal_studies_citywide.csv,matched,1,e04649eaafb929b4b0432fde53246adeecade18d1fd1dea408c3bc76f4b628e3,Matched committed raw Signal Studies snapshot by id and referencenumber.,CQ25-0286B,214131,2025-01-28T00:00:00.000,Leading Pedestrian Interval,Queens,ELIOT AVENUE,84 STREET,85 STREET,Engineering Study Completed     (Signals Engineering),included,Legacy curated QCB5 signal-study input. Signal Studies lack a community-board field and source coordinates; inclusion was carried forward from prior street-name curation and still needs row-level human review.,needs_human_review,True,
45,output/data_cb5_signal_studies.csv,78a48f3c4700645dfdea0965f71a212a4f87df38f2387f68b3fc7fa7e369056f,data_raw/signal_studies_citywide.csv,matched,1,78a48f3c4700645dfdea0965f71a212a4f87df38f2387f68b3fc7fa7e369056f,Matched committed raw Signal Studies snapshot by id and referencenumber.,CQ25-0285B,214130,2025-01-28T00:00:00.000,Traffic Signal,Queens,ELIOT AVENUE,84 STREET,85 STREET,Engineering Study Completed     (Signals Engineering),included,Legacy curated QCB5 signal-study input. Signal Studies lack a community-board field and source coordinates; inclusion was carried forward from prior street-name curation and still needs row-level human review.,needs_human_review,True,
46,output/data_cb5_signal_studies.csv,8b5151a10ca30cf234b0c8f8262f61ac3324ea6f82a71174a42e7a0db4f329a7,data_raw/signal_studies_citywide.csv,matched,1,8b5151a10ca30cf234b0c8f8262f61ac3324ea6f82a71174a42e7a0db4f329a7,Matched committed raw Signal Studies snapshot by id and referencenumber.,CQ25-0271,214116,2025-01-30T00:00:00.000,All-Way Stop,Queens,MYRTLE AVENUE,72 STREET,,Study Request Denial,included,Legacy curated QCB5 signal-study input. Signal Studies lack a community-board field and source coordinates; inclusion was carried forward from prior street-name curation and still needs row-level human review.,needs_human_review,True,
47,output/data_cb5_signal_studies.csv,30b4258ea83fb67595d140e891863a8face9aa6f497bc486d61d97d8e07ef2d3,data_raw/signal_studies_citywide.csv,matched,1,30b4258ea83fb67595d140e891863a8face9aa6f497bc486d61d97d8e07ef2d3,Matched committed raw Signal Studies snapshot by id and referencenumber.,CQ25-0179B,214024,2025-01-03T00:00:00.000,Leading Pedestrian Interval,Queens,MYRTLE AVENUE,CYPRESS HILLS STREET,,Engineering Study Completed     (Signals Engineering),included,Legacy curated QCB5 signal-study input. Signal Studies lack a community-board field and source coordinates; inclusion was carried forward from prior street-name curation and still needs row-level human review.,needs_human_review,True,
48,output/data_cb5_signal_studies.csv,cbc6af7fbbabe50f6417aaf84bbeaf4a7ea89bde1e1eaa2fbfe57a8e26389efd,data_raw/signal_studies_citywide.csv,matched,1,cbc6af7fbbabe50f6417aaf84bbeaf4a7ea89bde1e1eaa2fbfe57a8e26389efd,Matched committed raw Signal Studies snapshot by id and referencenumber.,CQ25-0172,214017,2025-01-19T00:00:00.000,All-Way Stop,Queens,CYPRESS AVENUE,PUTNAM AVENUE,,Study Request Denial,included,Legacy curated QCB5 signal-study input. Signal Studies lack a community-board field and source coordinates; inclusion was carried forward from prior street-name curation and still needs row-level human review.,needs_human_review,True,
49,output/data_cb5_signal_studies.csv,f97e932ea146251ae32ffc84b5674fc481a161f8637c428a29267571d6bd0d43,data_raw/signal_studies_citywide.csv,matched,1,f97e932ea146251ae32ffc84b5674fc481a161f8637c428a29267571d6bd0d43,Matched committed raw Signal Studies snapshot by id and referencenumber.,CQ25-0094B,213939,2025-01-15T00:00:00.000,Leading Pedestrian Interval,Queens,METROPOLITAN AVENUE,FOREST AVENUE,,Engineering Study Completed     (Signals Engineering),included,Legacy curated QCB5 signal-study input. Signal Studies lack a community-board field and source coordinates; inclusion was carried forward from prior street-name curation and still needs row-level human review.,needs_human_review,True,
50,output/data_cb5_signal_studies.csv,12f023a7d0bff709a98f8538fdd7e41054fa754827a604e9718bec5ed3c0ca1c,data_raw/signal_studies_citywide.csv,matched,1,12f023a7d0bff709a98f8538fdd7e41054fa754827a604e9718bec5ed3c0ca1c,Matched committed raw Signal Studies snapshot by id and referencenumber.,CQ24-3747B,213583,2024-12-02T00:00:00.000,Accessible Pedestrian Signal,Queens,FRESH POND ROAD,GATES AVENUE,,Engineering Study Completed     (Signals Engineering),included,Legacy curated QCB5 signal-study input. Signal Studies lack a community-board field and source coordinates; inclusion was carried forward from prior street-name curation and still needs row-level human review.,needs_human_review,True,
51,output/data_cb5_signal_studies.csv,4a05bd2c164a457051965e96b25b0d6b3924e5005a2cdaec06c70aa177eba4a8,data_raw/signal_studies_citywide.csv,matched,1,4a05bd2c164a457051965e96b25b0d6b3924e5005a2cdaec06c70aa177eba4a8,Matched committed raw Signal Studies snapshot by id and referencenumber.,CQ24-3746B,213582,2024-12-02T00:00:00.000,Accessible Pedestrian Signal,Queens,FRESH POND ROAD,BLEECKER STREET,,Engineering Study Completed     (Signals Engineering),included,Legacy curated QCB5 signal-study input. Signal Studies lack a community-board field and source coordinates; inclusion was carried forward from prior street-name curation and still needs row-level human review.,needs_human_review,True,
52,output/data_cb5_signal_studies.csv,f5cd10f4d1b8e0ac95709f069e2db8cb76e7bd1f2152efe90ebbf54a382ed1f7,data_raw/signal_studies_citywide.csv,matched,1,f5cd10f4d1b8e0ac95709f069e2db8cb76e7bd1f2152efe90ebbf54a382ed1f7,Matched committed raw Signal Studies snapshot by id and referencenumber.,CQ24-3719,211561,2024-11-22T00:00:00.000,All-Way Stop,Queens,72 PLACE,53 ROAD,,Study Request Denial,included,Legacy curated QCB5 signal-study input. Signal Studies lack a community-board field and source coordinates; inclusion was carried forward from prior street-name curation and still needs row-level human review.,needs_human_review,True,
53,output/data_cb5_signal_studies.csv,3c53cf792b0ede09c24b7b293ffe3bf5733686cc092b1e78a96795011b6a3743,data_raw/signal_studies_citywide.csv,matched,1,3c53cf792b0ede09c24b7b293ffe3bf5733686cc092b1e78a96795011b6a3743,Matched committed raw Signal Studies snapshot by id and referencenumber.,CQ24-3675,211517,2024-11-15T00:00:00.000,All-Way Stop,Queens,67 AVENUE,60 STREET,,Study Request Denial,included,Legacy curated QCB5 signal-study input. Signal Studies lack a community-board field and source coordinates; inclusion was carried forward from prior street-name curation and still needs row-level human review.,needs_human_review,True,
54,output/data_cb5_signal_studies.csv,fab8cded2a519bb34063ff7ebc93898817af9672d9bf1ddb00243d412cde9951,data_raw/signal_studies_citywide.csv,matched,1,fab8cded2a519bb34063ff7ebc93898817af9672d9bf1ddb00243d412cde9951,Matched committed raw Signal Studies snapshot by id and referencenumber.,CQ24-3662,211504,2024-11-14T00:00:00.000,All-Way Stop,Queens,60 ROAD,60 STREET,,A/W Approval,included,Legacy curated QCB5 signal-study input. Signal Studies lack a community-board field and source coordinates; inclusion was carried forward from prior street-name curation and still needs row-level human review.,needs_human_review,True,
55,output/data_cb5_signal_studies.csv,4d2849a79a7e73869ff3bc9cfaadd993b0e5c428a4d0a17c69ec9390879b7b9c,data_raw/signal_studies_citywide.csv,matched,1,4d2849a79a7e73869ff3bc9cfaadd993b0e5c428a4d0a17c69ec9390879b7b9c,Matched committed raw Signal Studies snapshot by id and referencenumber.,CQ24-3522,211364,2024-10-25T00:00:00.000,All-Way Stop,Queens,63 AVENUE,83 PLACE,,Study Request Denial,included,Legacy curated QCB5 signal-study input. Signal Studies lack a community-board field and source coordinates; inclusion was carried forward from prior street-name curation and still needs row-level human review.,needs_human_review,True,
56,output/data_cb5_signal_studies.csv,b4d5dbf0d3dfc2564c4df634bb47e831d1ce77c9df9c98139ef851c38c983af6,data_raw/signal_studies_citywide.csv,matched,1,b4d5dbf0d3dfc2564c4df634bb47e831d1ce77c9df9c98139ef851c38c983af6,Matched committed raw Signal Studies snapshot by id and referencenumber.,CQ24-3516B,211358,2024-10-30T00:00:00.000,Traffic Signal,Queens,SENECA AVENUE,CATALPA AVENUE,,Engineering Study Completed     (Signals Engineering),included,Legacy curated QCB5 signal-study input. Signal Studies lack a community-board field and source coordinates; inclusion was carried forward from prior street-name curation and still needs row-level human review.,needs_human_review,True,
57,output/data_cb5_signal_studies.csv,06eafe5a2ea4496ba1fa919fc012774918400695aceff408005c1322b0a8e145,data_raw/signal_studies_citywide.csv,matched,1,06eafe5a2ea4496ba1fa919fc012774918400695aceff408005c1322b0a8e145,Matched committed raw Signal Studies snapshot by id and referencenumber.,CQ24-3431,211273,2024-08-09T00:00:00.000,Traffic Signal,Queens,PUTNAM AVENUE,WOODWARD AVENUE,,Study Request Denial,included,Legacy curated QCB5 signal-study input. Signal Studies lack a community-board field and source coordinates; inclusion was carried forward from prior street-name curation and still needs row-level human review.,needs_human_review,True,
58,output/data_cb5_signal_studies.csv,1b1bc2167f8331ede89be9cd8ca2e8a0a6a100d2c74aca588b9a243e4ac73c54,data_raw/signal_studies_citywide.csv,matched,1,1b1bc2167f8331ede89be9cd8ca2e8a0a6a100d2c74aca588b9a243e4ac73c54,Matched committed raw Signal Studies snapshot by id and referencenumber.,CQ24-3155,210997,2024-09-23T00:00:00.000,All-Way Stop,Queens,STEPHEN STREET,WYCKOFF AVENUE,,Study Request Denial,included,Legacy curated QCB5 signal-study input. Signal Studies lack a community-board field and source coordinates; inclusion was carried forward from prior street-name curation and still needs row-level human review.,needs_human_review,True,
59,output/data_cb5_signal_studies.csv,1f2a74b65b8db4b65d4717ac6f0e1c1528bee5fe3fb7e46e0b495cb779609765,data_raw/signal_studies_citywide.csv,matched,1,1f2a74b65b8db4b65d4717ac6f0e1c1528bee5fe3fb7e46e0b495cb779609765,Matched committed raw Signal Studies snapshot by id and referencenumber.,CQ24-3096B,210938,2024-09-23T00:00:00.000,Accessible Pedestrian Signal,Queens,WOODHAVEN BOULEVARD,DRY HARBOR ROAD,,Engineering Study Completed     (Signals Engineering),included,Legacy curated QCB5 signal-study input. Signal Studies lack a community-board field and source coordinates; inclusion was carried forward from prior street-name curation and still needs row-level human review.,needs_human_review,True,
60,output/data_cb5_signal_studies.csv,86718325694633a2708522d1566fa4028b8fb1569c3f9fd9ecb0f69bea50743c,data_raw/signal_studies_citywide.csv,matched,1,86718325694633a2708522d1566fa4028b8fb1569c3f9fd9ecb0f69bea50743c,Matched committed raw Signal Studies snapshot by id and referencenumber.,CQ24-3033,210875,2024-09-24T00:00:00.000,Traffic Signal,Queens,PENELOPE AVENUE,79 STREET,,Signal Approval,included,Legacy curated QCB5 signal-study input. Signal Studies lack a community-board field and source coordinates; inclusion was carried forward from prior street-name curation and still needs row-level human review.,needs_human_review,True,
61,output/data_cb5_signal_studies.csv,e2f0a14dc08254705b45d04f1c9e23141d5cc15c3246b7db32ac09fbb93d8b37,data_raw/signal_studies_citywide.csv,matched,1,e2f0a14dc08254705b45d04f1c9e23141d5cc15c3246b7db32ac09fbb93d8b37,Matched committed raw Signal Studies snapshot by id and referencenumber.,CQ24-2945,210787,2024-09-10T00:00:00.000,All-Way Stop,Queens,65 STREET,CATALPA AVENUE,,Study Request Denial,included,Legacy curated QCB5 signal-study input. Signal Studies lack a community-board field and source coordinates; inclusion was carried forward from prior street-name curation and still needs row-level human review.,needs_human_review,True,
62,output/data_cb5_signal_studies.csv,518ddeabf5dc7517534dbe8dbbf363f07d72cfdac57022b8df469e42eb628d5b,data_raw/signal_studies_citywide.csv,matched,1,518ddeabf5dc7517534dbe8dbbf363f07d72cfdac57022b8df469e42eb628d5b,Matched committed raw Signal Studies snapshot by id and referencenumber.,CQ24-2882,210724,2024-09-06T00:00:00.000,All-Way Stop,Queens,DRY HARBOR ROAD,85 STREET,,Study Request Denial,included,Legacy curated QCB5 signal-study input. Signal Studies lack a community-board field and source coordinates; inclusion was carried forward from prior street-name curation and still needs row-level human review.,needs_human_review,True,
63,output/data_cb5_signal_studies.csv,95ebd3d0fa86528f966e10ee4ca8a81b8d61a29e808876115ce117fd097a0536,data_raw/signal_studies_citywide.csv,matched,1,95ebd3d0fa86528f966e10ee4ca8a81b8d61a29e808876115ce117fd097a0536,Matched committed raw Signal Studies snapshot by id and referencenumber.,CQ24-2843,210685,2024-09-04T00:00:00.000,All-Way Stop,Queens,66 ROAD,71 STREET,,Study Request Denial,included,Legacy curated QCB5 signal-study input. Signal Studies lack a community-board field and source coordinates; inclusion was carried forward from prior street-name curation and still needs row-level human review.,needs_human_review,True,
64,output/data_cb5_signal_studies.csv,2ef5fda2e5cdf10df4cab6ed029d90d083c8f493390d7617815bca0675810cda,data_raw/signal_studies_citywide.csv,matched,1,2ef5fda2e5cdf10df4cab6ed029d90d083c8f493390d7617815bca0675810cda,Matched committed raw Signal Studies snapshot by id and referencenumber.,CQ24-2742B,210584,2024-08-06T00:00:00.000,Leading Pedestrian Interval,Queens,METROPOLITAN AVENUE,GRANDVIEW AVENUE,NURGE AVENUE,Engineering Study Completed     (Signals Engineering),included,Legacy curated QCB5 signal-study input. Signal Studies lack a community-board field and source coordinates; inclusion was carried forward from prior street-name curation and still needs row-level human review.,needs_human_review,True,
65,output/data_cb5_signal_studies.csv,45423ba25d2ca40df74903e1b2ed44a6282b35d17c861bc9d9e9f2fe6edf36c6,data_raw/signal_studies_citywide.csv,matched,1,45423ba25d2ca40df74903e1b2ed44a6282b35d17c861bc9d9e9f2fe6edf36c6,Matched committed raw Signal Studies snapshot by id and referencenumber.,CQ24-2734B,210576,2024-08-06T00:00:00.000,Traffic Signal,Queens,64 PLACE,CENTRAL AVENUE,,Engineering Study Completed     (Signals Engineering),included,Legacy curated QCB5 signal-study input. Signal Studies lack a community-board field and source coordinates; inclusion was carried forward from prior street-name curation and still needs row-level human review.,needs_human_review,True,
66,output/data_cb5_signal_studies.csv,64a9bdefabe98fb526bfa8a398213f9423842e0e7f25706be5f17bc959ad0e55,data_raw/signal_studies_citywide.csv,matched,1,64a9bdefabe98fb526bfa8a398213f9423842e0e7f25706be5f17bc959ad0e55,Matched committed raw Signal Studies snapshot by id and referencenumber.,CQ24-2733B,210575,2024-07-31T00:00:00.000,Leading Pedestrian Interval,Queens,ELIOT AVENUE,74 STREET,,Engineering Study Completed     (Signals Engineering),included,Legacy curated QCB5 signal-study input. Signal Studies lack a community-board field and source coordinates; inclusion was carried forward from prior street-name curation and still needs row-level human review.,needs_human_review,True,
67,output/data_cb5_signal_studies.csv,46ad76fdf9d593c59c0323f4cfd6f1dedd77fc4690b2022d97c8ff1f3f157f5c,data_raw/signal_studies_citywide.csv,matched,1,46ad76fdf9d593c59c0323f4cfd6f1dedd77fc4690b2022d97c8ff1f3f157f5c,Matched committed raw Signal Studies snapshot by id and referencenumber.,CQ24-2699,210541,2024-08-23T00:00:00.000,Traffic Signal,Queens,ANDREWS AVENUE,55 STREET,,Study Request Denial,included,Legacy curated QCB5 signal-study input. Signal Studies lack a community-board field and source coordinates; inclusion was carried forward from prior street-name curation and still needs row-level human review.,needs_human_review,True,
68,output/data_cb5_signal_studies.csv,68eb9d3e940e9c289b2f30796ba798e88acbc409d1a210843dd18728ffb50532,data_raw/signal_studies_citywide.csv,matched,1,68eb9d3e940e9c289b2f30796ba798e88acbc409d1a210843dd18728ffb50532,Matched committed raw Signal Studies snapshot by id and referencenumber.,CQ24-2689,210531,2024-08-22T00:00:00.000,All-Way Stop,Queens,76 STREET,58 AVENUE,,Study Request Denial,included,Legacy curated QCB5 signal-study input. Signal Studies lack a community-board field and source coordinates; inclusion was carried forward from prior street-name curation and still needs row-level human review.,needs_human_review,True,
69,output/data_cb5_signal_studies.csv,19c129f5ca7c5cff5acbcb36baf3bf15509c831a82a782b3048e0fa71cfd2166,data_raw/signal_studies_citywide.csv,matched,1,19c129f5ca7c5cff5acbcb36baf3bf15509c831a82a782b3048e0fa71cfd2166,Matched committed raw Signal Studies snapshot by id and referencenumber.,CQ24-2671,209516,2024-07-23T00:00:00.000,Consultant/Capital Project (ICU),Queens,WOODHAVEN BOULEVARD,EVERTON STREET,,Consultant Study In Progress / Under Review,included,Legacy curated QCB5 signal-study input. Signal Studies lack a community-board field and source coordinates; inclusion was carried forward from prior street-name curation and still needs row-level human review.,needs_human_review,True,
70,output/data_cb5_signal_studies.csv,fc55af1cec1bad99cab9aa69b5e38202f028f88c9bdbd10297eea1d21ad0b08b,data_raw/signal_studies_citywide.csv,matched,1,fc55af1cec1bad99cab9aa69b5e38202f028f88c9bdbd10297eea1d21ad0b08b,Matched committed raw Signal Studies snapshot by id and referencenumber.,CQ24-2581,209426,2024-08-13T00:00:00.000,All-Way Stop,Queens,60 AVENUE,71 STREET,,Study Request Denial,included,Legacy curated QCB5 signal-study input. Signal Studies lack a community-board field and source coordinates; inclusion was carried forward from prior street-name curation and still needs row-level human review.,needs_human_review,True,
71,output/data_cb5_signal_studies.csv,747871035b04a2e5749d556bd9d8f63d0a88d0c7b4bdb6bcdc300111a7a53830,data_raw/signal_studies_citywide.csv,matched,1,747871035b04a2e5749d556bd9d8f63d0a88d0c7b4bdb6bcdc300111a7a53830,Matched committed raw Signal Studies snapshot by id and referencenumber.,CQ24-2502B,209347,2024-07-09T00:00:00.000,Traffic Signal,Queens,METROPOLITAN AVENUE,FOREST AVENUE,,Engineering Study Completed     (Signals Engineering),included,Legacy curated QCB5 signal-study input. Signal Studies lack a community-board field and source coordinates; inclusion was carried forward from prior street-name curation and still needs row-level human review.,needs_human_review,True,
72,output/data_cb5_signal_studies.csv,39d5864fd01950ff6fa66d47aa5c6d477936d8067986ae93ee4a52d0a590c76f,data_raw/signal_studies_citywide.csv,matched,1,39d5864fd01950ff6fa66d47aa5c6d477936d8067986ae93ee4a52d0a590c76f,Matched committed raw Signal Studies snapshot by id and referencenumber.,CQ24-2501B,209346,2024-07-09T00:00:00.000,Traffic Signal,Queens,MYRTLE AVENUE,ST NICHOLAS AVENUE,,Engineering Study Completed     (Signals Engineering),included,Legacy curated QCB5 signal-study input. Signal Studies lack a community-board field and source coordinates; inclusion was carried forward from prior street-name curation and still needs row-level human review.,needs_human_review,True,
73,output/data_cb5_signal_studies.csv,2133d2431c5caa6a30d8a4c8fdd6bf7d307f8400bab1944adf3ea510953d419f,data_raw/signal_studies_citywide.csv,matched,1,2133d2431c5caa6a30d8a4c8fdd6bf7d307f8400bab1944adf3ea510953d419f,Matched committed raw Signal Studies snapshot by id and referencenumber.,CQ24-2498B,209343,2024-07-09T00:00:00.000,Left Turn Arrow/Signal,Queens,FRESH POND ROAD,METROPOLITAN AVENUE,,Engineering Study Completed     (Signals Engineering),included,Legacy curated QCB5 signal-study input. Signal Studies lack a community-board field and source coordinates; inclusion was carried forward from prior street-name curation and still needs row-level human review.,needs_human_review,True,
74,output/data_cb5_signal_studies.csv,2c6c492c027bf7d5fbac7041958f57334c3846876238a47928f0fec969a5ad04,data_raw/signal_studies_citywide.csv,matched,1,2c6c492c027bf7d5fbac7041958f57334c3846876238a47928f0fec969a5ad04,Matched committed raw Signal Studies snapshot by id and referencenumber.,CQ24-2408,209253,2024-07-30T00:00:00.000,Traffic Signal,Queens,ST FELIX AVENUE,60 STREET,,Study Request Denial,included,Legacy curated QCB5 signal-study input. Signal Studies lack a community-board field and source coordinates; inclusion was carried forward from prior street-name curation and still needs row-level human review.,needs_human_review,True,
75,output/data_cb5_signal_studies.csv,6697ed56ff1a70e1d38194cde56406caf4e4dc0b83763885f5cef2f16d53a424,data_raw/signal_studies_citywide.csv,matched,1,6697ed56ff1a70e1d38194cde56406caf4e4dc0b83763885f5cef2f16d53a424,Matched committed raw Signal Studies snapshot by id and referencenumber.,CQ24-2230B,209075,2024-06-14T00:00:00.000,Traffic Signal,Queens,JUNIPER BOULEVARD SOUTH,69 PLACE,80 STREET,Engineering Study Completed     (Signals Engineering),included,Legacy curated QCB5 signal-study input. Signal Studies lack a community-board field and source coordinates; inclusion was carried forward from prior street-name curation and still needs row-level human review.,needs_human_review,True,
76,output/data_cb5_signal_studies.csv,3d446b83b76e25e2331b843d9fca52e2926885096c03f1d9b15d63a52218c90f,data_raw/signal_studies_citywide.csv,matched,1,3d446b83b76e25e2331b843d9fca52e2926885096c03f1d9b15d63a52218c90f,Matched committed raw Signal Studies snapshot by id and referencenumber.,CQ24-2214B,209059,2024-06-14T00:00:00.000,Traffic Signal,Queens,FRESH POND ROAD,67 AVENUE,,Engineering Study Completed     (Signals Engineering),included,Legacy curated QCB5 signal-study input. Signal Studies lack a community-board field and source coordinates; inclusion was carried forward from prior street-name curation and still needs row-level human review.,needs_human_review,True,
77,output/data_cb5_signal_studies.csv,152233409526411da74a4a8d3bfdb9ac52775151c721173cc524056cce85c142,data_raw/signal_studies_citywide.csv,matched,1,152233409526411da74a4a8d3bfdb9ac52775151c721173cc524056cce85c142,Matched committed raw Signal Studies snapshot by id and referencenumber.,CQ24-2174B,209019,2024-05-20T00:00:00.000,Traffic Signal,Queens,MAURICE AVENUE,BORDEN AVENUE,,Engineering Study Completed     (Signals Engineering),included,Legacy curated QCB5 signal-study input. Signal Studies lack a community-board field and source coordinates; inclusion was carried forward from prior street-name curation and still needs row-level human review.,needs_human_review,True,
78,output/data_cb5_signal_studies.csv,44502104fcd720acea2159723d63620ba50f5b73232ea1169bc6297d4866820e,data_raw/signal_studies_citywide.csv,matched,1,44502104fcd720acea2159723d63620ba50f5b73232ea1169bc6297d4866820e,Matched committed raw Signal Studies snapshot by id and referencenumber.,CQ24-2152B,208997,2024-05-20T00:00:00.000,Traffic Signal,Queens,67 ROAD,73 PLACE,,Engineering Study Completed     (Signals Engineering),included,Legacy curated QCB5 signal-study input. Signal Studies lack a community-board field and source coordinates; inclusion was carried forward from prior street-name curation and still needs row-level human review.,needs_human_review,True,
79,output/data_cb5_signal_studies.csv,7ea13564f49ff785b83fdbef2e87166bb4052eed5d8e87fc9f29e95a5a867ab5,data_raw/signal_studies_citywide.csv,matched,1,7ea13564f49ff785b83fdbef2e87166bb4052eed5d8e87fc9f29e95a5a867ab5,Matched committed raw Signal Studies snapshot by id and referencenumber.,CQ24-2150B,208995,2024-05-20T00:00:00.000,Leading Pedestrian Interval,Queens,GRAND AVENUE,72 STREET,,Engineering Study Completed     (Signals Engineering),included,Legacy curated QCB5 signal-study input. Signal Studies lack a community-board field and source coordinates; inclusion was carried forward from prior street-name curation and still needs row-level human review.,needs_human_review,True,
80,output/data_cb5_signal_studies.csv,e06154d3ebe8b0610038486924b22d45b5c96390617a2873410d761dcc855673,data_raw/signal_studies_citywide.csv,matched,1,e06154d3ebe8b0610038486924b22d45b5c96390617a2873410d761dcc855673,Matched committed raw Signal Studies snapshot by id and referencenumber.,CQ24-2132B,208977,2024-05-14T00:00:00.000,Leading Pedestrian Interval,Queens,GRAND AVENUE,HAMILTON PLACE,,Engineering Study Completed     (Signals Engineering),included,Legacy curated QCB5 signal-study input. Signal Studies lack a community-board field and source coordinates; inclusion was carried forward from prior street-name curation and still needs row-level human review.,needs_human_review,True,
81,output/data_cb5_signal_studies.csv,04b9570e4845ba331d9e390c9dae5cf79774f42f329a0b797978ff3eac62eced,data_raw/signal_studies_citywide.csv,matched,1,04b9570e4845ba331d9e390c9dae5cf79774f42f329a0b797978ff3eac62eced,Matched committed raw Signal Studies snapshot by id and referencenumber.,CQ24-2118,208963,2024-07-02T00:00:00.000,Traffic Signal,Queens,METROPOLITAN AVENUE,65 LANE,MT OLIVET CRESCENT,Signal Approval,included,Legacy curated QCB5 signal-study input. Signal Studies lack a community-board field and source coordinates; inclusion was carried forward from prior street-name curation and still needs row-level human review.,needs_human_review,True,
82,output/data_cb5_signal_studies.csv,5fcba6eef8ee7c7fe24d9767d469270e241266efc23955d1e2c48c1bbf622f71,data_raw/signal_studies_citywide.csv,matched,1,5fcba6eef8ee7c7fe24d9767d469270e241266efc23955d1e2c48c1bbf622f71,Matched committed raw Signal Studies snapshot by id and referencenumber.,CQ24-2090,208935,2024-06-27T00:00:00.000,All-Way Stop,Queens,FAIRVIEW AVENUE,LINDEN STREET,,Study Request Denial,included,Legacy curated QCB5 signal-study input. Signal Studies lack a community-board field and source coordinates; inclusion was carried forward from prior street-name curation and still needs row-level human review.,needs_human_review,True,
83,output/data_cb5_signal_studies.csv,13cda58ca3098b549e41669f4402f52be59709ce1711705e88c04d2aee51f14d,data_raw/signal_studies_citywide.csv,matched,1,13cda58ca3098b549e41669f4402f52be59709ce1711705e88c04d2aee51f14d,Matched committed raw Signal Studies snapshot by id and referencenumber.,CQ24-2089,208934,2024-06-27T00:00:00.000,All-Way Stop,Queens,WOODWARD AVENUE,STOCKHOLM STREET,,Study Request Denial,included,Legacy curated QCB5 signal-study input. Signal Studies lack a community-board field and source coordinates; inclusion was carried forward from prior street-name curation and still needs row-level human review.,needs_human_review,True,
84,output/data_cb5_signal_studies.csv,9f4b52529e9eb9763794ec7730943ec5371abac8e0a11a12db9dbe596291eecf,data_raw/signal_studies_citywide.csv,matched,1,9f4b52529e9eb9763794ec7730943ec5371abac8e0a11a12db9dbe596291eecf,Matched committed raw Signal Studies snapshot by id and referencenumber.,CQ24-2064,208909,2024-06-21T00:00:00.000,All-Way Stop,Queens,FRESH POND ROAD,59 AVENUE,,Study Request Denial,included,Legacy curated QCB5 signal-study input. Signal Studies lack a community-board field and source coordinates; inclusion was carried forward from prior street-name curation and still needs row-level human review.,needs_human_review,True,
85,output/data_cb5_signal_studies.csv,d3131cafdf7bd5a87d49f38136199cfe6be7d9e715bac3ac39496af89845d465,data_raw/signal_studies_citywide.csv,matched,1,d3131cafdf7bd5a87d49f38136199cfe6be7d9e715bac3ac39496af89845d465,Matched committed raw Signal Studies snapshot by id and referencenumber.,CQ24-2047,208892,2024-06-17T00:00:00.000,All-Way Stop,Queens,69 AVENUE,ONDERDONK AVENUE,,Study Request Denial,included,Legacy curated QCB5 signal-study input. Signal Studies lack a community-board field and source coordinates; inclusion was carried forward from prior street-name curation and still needs row-level human review.,needs_human_review,True,
86,output/data_cb5_signal_studies.csv,1da7283e83755204bb8149dad71c793100f35e8768ec33fbdb5b5dc3d04ec8f5,data_raw/signal_studies_citywide.csv,matched,1,1da7283e83755204bb8149dad71c793100f35e8768ec33fbdb5b5dc3d04ec8f5,Matched committed raw Signal Studies snapshot by id and referencenumber.,CQ24-2026,208871,2024-06-14T00:00:00.000,Traffic Signal,Queens,CORNELIA STREET,WOODWARD AVENUE,,Study Request Denial,included,Legacy curated QCB5 signal-study input. Signal Studies lack a community-board field and source coordinates; inclusion was carried forward from prior street-name curation and still needs row-level human review.,needs_human_review,True,
87,output/data_cb5_signal_studies.csv,e3911242d3d4e41af787b5e316b4771123b870bd52d070916cea93e989adf84b,data_raw/signal_studies_citywide.csv,matched,1,e3911242d3d4e41af787b5e316b4771123b870bd52d070916cea93e989adf84b,Matched committed raw Signal Studies snapshot by id and referencenumber.,CQ24-1960,208805,2024-06-10T00:00:00.000,All-Way Stop,Queens,81 STREET,58 AVENUE,,Study Request Denial,included,Legacy curated QCB5 signal-study input. Signal Studies lack a community-board field and source coordinates; inclusion was carried forward from prior street-name curation and still needs row-level human review.,needs_human_review,True,
88,output/data_cb5_signal_studies.csv,75fdce4a78f413c659828c7eb3f93fef21f25991ab582ce4681ab94b8b17a88a,data_raw/signal_studies_citywide.csv,matched,1,75fdce4a78f413c659828c7eb3f93fef21f25991ab582ce4681ab94b8b17a88a,Matched committed raw Signal Studies snapshot by id and referencenumber.,CQ24-1951B,208796,2024-06-10T00:00:00.000,Traffic Signal,Queens,FRESH POND ROAD,METROPOLITAN AVENUE,,Engineering Study Completed     (Signals Engineering),included,Legacy curated QCB5 signal-study input. Signal Studies lack a community-board field and source coordinates; inclusion was carried forward from prior street-name curation and still needs row-level human review.,needs_human_review,True,
89,output/data_cb5_signal_studies.csv,0d12310e6e4a6b77ae387a89e64166444d9b019c98f62936983e7abfe11b3998,data_raw/signal_studies_citywide.csv,matched,1,0d12310e6e4a6b77ae387a89e64166444d9b019c98f62936983e7abfe11b3998,Matched committed raw Signal Studies snapshot by id and referencenumber.,CQ24-1792,208637,2024-05-28T00:00:00.000,All-Way Stop,Queens,52 COURT,74 STREET,,Study Request Denial,included,Legacy curated QCB5 signal-study input. Signal Studies lack a community-board field and source coordinates; inclusion was carried forward from prior street-name curation and still needs row-level human review.,needs_human_review,True,
90,output/data_cb5_signal_studies.csv,6b87ef1e460c86181c5cc8540a8e8e99abbcaa73d3f6f08e1a5309cd6290ec2f,data_raw/signal_studies_citywide.csv,matched,1,6b87ef1e460c86181c5cc8540a8e8e99abbcaa73d3f6f08e1a5309cd6290ec2f,Matched committed raw Signal Studies snapshot by id and referencenumber.,CQ24-1707B,208552,2024-05-07T00:00:00.000,Leading Pedestrian Interval,Queens,67 AVENUE,FOREST AVENUE,FAIRVIEW AVENUE,Engineering Study Completed     (Signals Engineering),included,Legacy curated QCB5 signal-study input. Signal Studies lack a community-board field and source coordinates; inclusion was carried forward from prior street-name curation and still needs row-level human review.,needs_human_review,True,
91,output/data_cb5_signal_studies.csv,d477acc8a56fcbf56b7600ccce377dcea5b367a78784d49876b3c80173f812eb,data_raw/signal_studies_citywide.csv,matched,1,d477acc8a56fcbf56b7600ccce377dcea5b367a78784d49876b3c80173f812eb,Matched committed raw Signal Studies snapshot by id and referencenumber.,CQ24-1671B,208516,2024-04-17T00:00:00.000,Accessible Pedestrian Signal,Queens,DRY HARBOR ROAD,WOODHAVEN BOULEVARD,,Engineering Study Completed     (Signals Engineering),included,Legacy curated QCB5 signal-study input. Signal Studies lack a community-board field and source coordinates; inclusion was carried forward from prior street-name curation and still needs row-level human review.,needs_human_review,True,
92,output/data_cb5_signal_studies.csv,7a45f9c9623b039b0f5875ba57d2e66d685db5c94a622254475e47b77f345c20,data_raw/signal_studies_citywide.csv,matched,1,7a45f9c9623b039b0f5875ba57d2e66d685db5c94a622254475e47b77f345c20,Matched committed raw Signal Studies snapshot by id and referencenumber.,CQ24-1569,208414,2024-05-07T00:00:00.000,All-Way Stop,Queens,COOPER AVENUE,65 STREET,,Study Request Denial,included,Legacy curated QCB5 signal-study input. Signal Studies lack a community-board field and source coordinates; inclusion was carried forward from prior street-name curation and still needs row-level human review.,needs_human_review,True,
93,output/data_cb5_signal_studies.csv,3f47e661171f61313193d60773cc1ff3343b55cd69c9310d89afd319c64e5d0f,data_raw/signal_studies_citywide.csv,matched,1,3f47e661171f61313193d60773cc1ff3343b55cd69c9310d89afd319c64e5d0f,Matched committed raw Signal Studies snapshot by id and referencenumber.,CQ24-1539B,208384,2024-04-09T00:00:00.000,Traffic Signal,Queens,BLEECKER STREET,FRESH POND ROAD,,Engineering Study Completed     (Signals Engineering),included,Legacy curated QCB5 signal-study input. Signal Studies lack a community-board field and source coordinates; inclusion was carried forward from prior street-name curation and still needs row-level human review.,needs_human_review,True,
94,output/data_cb5_signal_studies.csv,f4139eb3e12e14b71604a1aa1a85e7787244bef716eedb89feb6693c64c3d52a,data_raw/signal_studies_citywide.csv,matched,1,f4139eb3e12e14b71604a1aa1a85e7787244bef716eedb89feb6693c64c3d52a,Matched committed raw Signal Studies snapshot by id and referencenumber.,CQ24-1501,208346,2024-04-29T00:00:00.000,All-Way Stop,Queens,60 PLACE,GROVE STREET,,Study Request Denial,included,Legacy curated QCB5 signal-study input. Signal Studies lack a community-board field and source coordinates; inclusion was carried forward from prior street-name curation and still needs row-level human review.,needs_human_review,True,
95,output/data_cb5_signal_studies.csv,999e02f9ca1f5742bed0ce2cba8d7a011a97c0a950ca8ba910dd18e54a6be5be,data_raw/signal_studies_citywide.csv,matched,1,999e02f9ca1f5742bed0ce2cba8d7a011a97c0a950ca8ba910dd18e54a6be5be,Matched committed raw Signal Studies snapshot by id and referencenumber.,CQ24-1479,208324,2024-04-24T00:00:00.000,All-Way Stop,Queens,62 STREET,68 AVENUE,,A/W Approval,included,Legacy curated QCB5 signal-study input. Signal Studies lack a community-board field and source coordinates; inclusion was carried forward from prior street-name curation and still needs row-level human review.,needs_human_review,True,
96,output/data_cb5_signal_studies.csv,aec702b2eb0ac0ba5eb4ed73d684a2490a0ccf30b5c9e491f1d56983c0c24b40,data_raw/signal_studies_citywide.csv,matched,1,aec702b2eb0ac0ba5eb4ed73d684a2490a0ccf30b5c9e491f1d56983c0c24b40,Matched committed raw Signal Studies snapshot by id and referencenumber.,CQ24-1274B,208119,2024-04-09T00:00:00.000,Traffic Signal,Queens,METROPOLITAN AVENUE,FOREST AVENUE,,Engineering Study Completed     (Signals Engineering),included,Legacy curated QCB5 signal-study input. Signal Studies lack a community-board field and source coordinates; inclusion was carried forward from prior street-name curation and still needs row-level human review.,needs_human_review,True,
97,output/data_cb5_signal_studies.csv,78118dcde8d603a4a5a8555be2e46afe4e8f7c9f24cc600135f7d3a8b6230766,data_raw/signal_studies_citywide.csv,matched,1,78118dcde8d603a4a5a8555be2e46afe4e8f7c9f24cc600135f7d3a8b6230766,Matched committed raw Signal Studies snapshot by id and referencenumber.,CQ24-1265B,208110,2024-03-13T00:00:00.000,Left Turn Arrow/Signal,Queens,MYRTLE AVENUE,79 LANE,,Engineering Study Completed     (Signals Engineering),included,Legacy curated QCB5 signal-study input. Signal Studies lack a community-board field and source coordinates; inclusion was carried forward from prior street-name curation and still needs row-level human review.,needs_human_review,True,
98,output/data_cb5_signal_studies.csv,e22505f0eaa6a2dd5f1653e1fc8c91c9552963223c35a98ea173759e21479609,data_raw/signal_studies_citywide.csv,matched,1,e22505f0eaa6a2dd5f1653e1fc8c91c9552963223c35a98ea173759e21479609,Matched committed raw Signal Studies snapshot by id and referencenumber.,CQ24-1264B,208109,2024-03-13T00:00:00.000,Left Turn Arrow/Signal,Queens,METROPOLITAN AVENUE,75 STREET,,Engineering Study Completed     (Signals Engineering),included,Legacy curated QCB5 signal-study input. Signal Studies lack a community-board field and source coordinates; inclusion was carried forward from prior street-name curation and still needs row-level human review.,needs_human_review,True,
99,output/data_cb5_signal_studies.csv,2c42cca9319f85c5eb23503e1b6d66ccbab7535725d3c27f6443f660b4f3be21,data_raw/signal_studies_citywide.csv,matched,1,2c42cca9319f85c5eb23503e1b6d66ccbab7535725d3c27f6443f660b4f3be21,Matched committed raw Signal Studies snapshot by id and referencenumber.,CQ24-1263B,208108,2024-03-13T00:00:00.000,Left Turn Arrow/Signal,Queens,METROPOLITAN AVENUE,69 STREET,,Engineering Study Completed     (Signals Engineering),included,Legacy curated QCB5 signal-study input. Signal Studies lack a community-board field and source coordinates; inclusion was carried forward from prior street-name curation and still needs row-level human review.,needs_human_review,True,
100,output/data_cb5_signal_studies.csv,fd6a7a567074848e493eea45e38f695a31e0016531cd5e1ecab4528734e4bfed,data_raw/signal_studies_citywide.csv,matched,1,fd6a7a567074848e493eea45e38f695a31e0016531cd5e1ecab4528734e4bfed,Matched committed raw Signal Studies snapshot by id and referencenumber.,CQ24-1262B,208107,2024-03-13T00:00:00.000,Left Turn Arrow/Signal,Queens,METROPOLITAN AVENUE,HIMROD STREET,56 STREET,Engineering Study Completed     (Signals Engineering),included,Legacy curated QCB5 signal-study input. Signal Studies lack a community-board field and source coordinates; inclusion was carried forward from prior street-name curation and still needs row-level human review.,needs_human_review,True,
101,output/data_cb5_signal_studies.csv,23fa29a6506696e128ec66e68c452cec196fcaf60047e4f636e1064d3828c11b,data_raw/signal_studies_citywide.csv,matched,1,23fa29a6506696e128ec66e68c452cec196fcaf60047e4f636e1064d3828c11b,Matched committed raw Signal Studies snapshot by id and referencenumber.,CQ24-1257,208102,2024-04-12T00:00:00.000,All-Way Stop,Queens,67 STREET,OTTO ROAD,,Study Request Denial,included,Legacy curated QCB5 signal-study input. Signal Studies lack a community-board field and source coordinates; inclusion was carried forward from prior street-name curation and still needs row-level human review.,needs_human_review,True,
102,output/data_cb5_signal_studies.csv,9e680c8a0562ecb16814a6f62ba4d2c2b7ca1fa4299da7bcdaaf36d30b4b68e5,data_raw/signal_studies_citywide.csv,matched,1,9e680c8a0562ecb16814a6f62ba4d2c2b7ca1fa4299da7bcdaaf36d30b4b68e5,Matched committed raw Signal Studies snapshot by id and referencenumber.,CQ24-1255B,208100,2024-03-12T00:00:00.000,Traffic Signal,Queens,80 STREET,COOPER AVENUE,,Engineering Study Completed     (Signals Engineering),included,Legacy curated QCB5 signal-study input. Signal Studies lack a community-board field and source coordinates; inclusion was carried forward from prior street-name curation and still needs row-level human review.,needs_human_review,True,
103,output/data_cb5_signal_studies.csv,329c0d137366df84608b657f8c87bbe6aa9ab0566fbede3b800de027a4d9e47d,data_raw/signal_studies_citywide.csv,matched,1,329c0d137366df84608b657f8c87bbe6aa9ab0566fbede3b800de027a4d9e47d,Matched committed raw Signal Studies snapshot by id and referencenumber.,CQ24-1249B,208094,2024-03-12T00:00:00.000,Traffic Signal,Queens,WOODHAVEN BOULEVARD,DANA COURT,PENELOPE AVENUE,Engineering Study Completed     (Signals Engineering),included,Legacy curated QCB5 signal-study input. Signal Studies lack a community-board field and source coordinates; inclusion was carried forward from prior street-name curation and still needs row-level human review.,needs_human_review,True,
104,output/data_cb5_signal_studies.csv,732823b54dd3aad59339a83347b059ef7b92af868f5c391539ea3d4ddcb8c49e,data_raw/signal_studies_citywide.csv,matched,1,732823b54dd3aad59339a83347b059ef7b92af868f5c391539ea3d4ddcb8c49e,Matched committed raw Signal Studies snapshot by id and referencenumber.,CQ24-1128,207973,2024-04-04T00:00:00.000,Traffic Signal,Queens,67 STREET,ELIOT AVENUE,,Study Request Denial,included,Legacy curated QCB5 signal-study input. Signal Studies lack a community-board field and source coordinates; inclusion was carried forward from prior street-name curation and still needs row-level human review.,needs_human_review,True,
105,output/data_cb5_signal_studies.csv,3ad4cec1966bc0a3ec7e4c0fdae6180064d1a916c9f1cd872af9a8f74870eb0c,data_raw/signal_studies_citywide.csv,matched,1,3ad4cec1966bc0a3ec7e4c0fdae6180064d1a916c9f1cd872af9a8f74870eb0c,Matched committed raw Signal Studies snapshot by id and referencenumber.,CQ24-1127,207972,2024-04-03T00:00:00.000,All-Way Stop,Queens,68 STREET,61 ROAD,,Study Request Denial,included,Legacy curated QCB5 signal-study input. Signal Studies lack a community-board field and source coordinates; inclusion was carried forward from prior street-name curation and still needs row-level human review.,needs_human_review,True,
106,output/data_cb5_signal_studies.csv,d8e53032415745ac1428bb1852cb1651dc32c17a46957662d543efa32742d22e,data_raw/signal_studies_citywide.csv,matched,1,d8e53032415745ac1428bb1852cb1651dc32c17a46957662d543efa32742d22e,Matched committed raw Signal Studies snapshot by id and referencenumber.,CQ24-1056,207901,2024-03-22T00:00:00.000,All-Way Stop,Queens,77 AVENUE,78 STREET,,Study Request Denial,included,Legacy curated QCB5 signal-study input. Signal Studies lack a community-board field and source coordinates; inclusion was carried forward from prior street-name curation and still needs row-level human review.,needs_human_review,True,
107,output/data_cb5_signal_studies.csv,c513803c653bc7538935fc80b43ee751de050e59791cdbd700c32afa3343789e,data_raw/signal_studies_citywide.csv,matched,1,c513803c653bc7538935fc80b43ee751de050e59791cdbd700c32afa3343789e,Matched committed raw Signal Studies snapshot by id and referencenumber.,CQ24-1018,207863,2024-03-22T00:00:00.000,All-Way Stop,Queens,77 AVENUE,76 STREET,,Study Request Denial,included,Legacy curated QCB5 signal-study input. Signal Studies lack a community-board field and source coordinates; inclusion was carried forward from prior street-name curation and still needs row-level human review.,needs_human_review,True,
108,output/data_cb5_signal_studies.csv,59c1e74be8644486fef4d7276e1de5a47c40637395f037178ed33a7eaf709814,data_raw/signal_studies_citywide.csv,matched,1,59c1e74be8644486fef4d7276e1de5a47c40637395f037178ed33a7eaf709814,Matched committed raw Signal Studies snapshot by id and referencenumber.,CQ24-1014,207859,2024-03-22T00:00:00.000,All-Way Stop,Queens,68 AVENUE,FOREST AVENUE,,Study Request Denial,included,Legacy curated QCB5 signal-study input. Signal Studies lack a community-board field and source coordinates; inclusion was carried forward from prior street-name curation and still needs row-level human review.,needs_human_review,True,
109,output/data_cb5_signal_studies.csv,336765093c7ffe35947cdc493cff5783af3c0d6bbcf579341306e7550037717e,data_raw/signal_studies_citywide.csv,matched,1,336765093c7ffe35947cdc493cff5783af3c0d6bbcf579341306e7550037717e,Matched committed raw Signal Studies snapshot by id and referencenumber.,CQ24-0955,207800,2024-03-18T00:00:00.000,All-Way Stop,Queens,BLEECKER STREET,WOODWARD AVENUE,,A/W Approval,included,Legacy curated QCB5 signal-study input. Signal Studies lack a community-board field and source coordinates; inclusion was carried forward from prior street-name curation and still needs row-level human review.,needs_human_review,True,
110,output/data_cb5_signal_studies.csv,9255bfae64510dfaeb83a8a970d1766f71e10c98bdd9400d2d5ee2a7a1d383f2,data_raw/signal_studies_citywide.csv,matched,1,9255bfae64510dfaeb83a8a970d1766f71e10c98bdd9400d2d5ee2a7a1d383f2,Matched committed raw Signal Studies snapshot by id and referencenumber.,CQ24-0946B,207791,2024-03-15T00:00:00.000,Accessible Pedestrian Signal,Queens,MYRTLE AVENUE,PALMETTO STREET,WYCKOFF AVENUE,Engineering Study Completed     (Signals Engineering),included,Legacy curated QCB5 signal-study input. Signal Studies lack a community-board field and source coordinates; inclusion was carried forward from prior street-name curation and still needs row-level human review.,needs_human_review,True,
111,output/data_cb5_signal_studies.csv,e6a53b26d02bbfbe210adf9f600387d133ad8c321be3f3ce8b479b1e2a6c4568,data_raw/signal_studies_citywide.csv,matched,1,e6a53b26d02bbfbe210adf9f600387d133ad8c321be3f3ce8b479b1e2a6c4568,Matched committed raw Signal Studies snapshot by id and referencenumber.,CQ24-0933,207778,2024-03-18T00:00:00.000,All-Way Stop,Queens,58 STREET,57 DRIVE,,Study Request Denial,included,Legacy curated QCB5 signal-study input. Signal Studies lack a community-board field and source coordinates; inclusion was carried forward from prior street-name curation and still needs row-level human review.,needs_human_review,True,
112,output/data_cb5_signal_studies.csv,42d94f6d3241fe28f631350e8414fa7c6c1e5948906b58fbfe8995509f698632,data_raw/signal_studies_citywide.csv,matched,1,42d94f6d3241fe28f631350e8414fa7c6c1e5948906b58fbfe8995509f698632,Matched committed raw Signal Studies snapshot by id and referencenumber.,CQ24-0875B,207720,2024-03-13T00:00:00.000,Left Turn Arrow/Signal,Queens,METROPOLITAN AVENUE,74 STREET,,Engineering Study Completed     (Signals Engineering),included,Legacy curated QCB5 signal-study input. Signal Studies lack a community-board field and source coordinates; inclusion was carried forward from prior street-name curation and still needs row-level human review.,needs_human_review,True,
113,output/data_cb5_signal_studies.csv,c39e0817a15916560c128d93190cd97d5ca8df41894aaee1b6efe07522fe882e,data_raw/signal_studies_citywide.csv,matched,1,c39e0817a15916560c128d93190cd97d5ca8df41894aaee1b6efe07522fe882e,Matched committed raw Signal Studies snapshot by id and referencenumber.,CQ24-0873B,207718,2024-03-13T00:00:00.000,Left Turn Arrow/Signal,Queens,MYRTLE AVENUE,FRESH POND ROAD,,Engineering Study Completed     (Signals Engineering),included,Legacy curated QCB5 signal-study input. Signal Studies lack a community-board field and source coordinates; inclusion was carried forward from prior street-name curation and still needs row-level human review.,needs_human_review,True,
114,output/data_cb5_signal_studies.csv,ff15a840490d842aac54fa3712190a5ae34c000dde78b9930a7897f3ffc54ecb,data_raw/signal_studies_citywide.csv,matched,1,ff15a840490d842aac54fa3712190a5ae34c000dde78b9930a7897f3ffc54ecb,Matched committed raw Signal Studies snapshot by id and referencenumber.,CQ24-0872B,207717,2024-03-13T00:00:00.000,Left Turn Arrow/Signal,Queens,MYRTLE AVENUE,73 PLACE,,Engineering Study Completed     (Signals Engineering),included,Legacy curated QCB5 signal-study input. Signal Studies lack a community-board field and source coordinates; inclusion was carried forward from prior street-name curation and still needs row-level human review.,needs_human_review,True,
115,output/data_cb5_signal_studies.csv,4f0d8433bc1d546e0c0af496ea53ae16bc420fb822a6cfc94a4c6251137bfb53,data_raw/signal_studies_citywide.csv,matched,1,4f0d8433bc1d546e0c0af496ea53ae16bc420fb822a6cfc94a4c6251137bfb53,Matched committed raw Signal Studies snapshot by id and referencenumber.,CQ24-0798,207643,2024-03-11T00:00:00.000,All-Way Stop,Queens,69 ROAD,74 STREET,,Study Request Denial,included,Legacy curated QCB5 signal-study input. Signal Studies lack a community-board field and source coordinates; inclusion was carried forward from prior street-name curation and still needs row-level human review.,needs_human_review,True,
116,output/data_cb5_signal_studies.csv,b3befc3e90151160e80a96d70cf95e63f0da84ab6eb3cd7886f68e10be1281e5,data_raw/signal_studies_citywide.csv,matched,1,b3befc3e90151160e80a96d70cf95e63f0da84ab6eb3cd7886f68e10be1281e5,Matched committed raw Signal Studies snapshot by id and referencenumber.,CQ24-0797,207642,2024-03-11T00:00:00.000,All-Way Stop,Queens,69 ROAD,79 STREET,,Study Request Denial,included,Legacy curated QCB5 signal-study input. Signal Studies lack a community-board field and source coordinates; inclusion was carried forward from prior street-name curation and still needs row-level human review.,needs_human_review,True,
117,output/data_cb5_signal_studies.csv,f466bd5484801641b72bc6de7261a23cba1d1ae83611644e9615f6a16b1ec34e,data_raw/signal_studies_citywide.csv,matched,1,f466bd5484801641b72bc6de7261a23cba1d1ae83611644e9615f6a16b1ec34e,Matched committed raw Signal Studies snapshot by id and referencenumber.,CQ24-0796,207641,2024-03-11T00:00:00.000,All-Way Stop,Queens,69 ROAD,73 PLACE,,Study Request Denial,included,Legacy curated QCB5 signal-study input. Signal Studies lack a community-board field and source coordinates; inclusion was carried forward from prior street-name curation and still needs row-level human review.,needs_human_review,True,
118,output/data_cb5_signal_studies.csv,17a5a1b47a390c21f3499aa53b63ccde41a50c9fca1498e9ac777e7d9c173338,data_raw/signal_studies_citywide.csv,matched,1,17a5a1b47a390c21f3499aa53b63ccde41a50c9fca1498e9ac777e7d9c173338,Matched committed raw Signal Studies snapshot by id and referencenumber.,CQ24-0736B,207581,2024-02-15T00:00:00.000,Traffic Signal,Queens,BORDEN AVENUE,HAMILTON PLACE,LONG ISLAND EXPRESSWAY,Engineering Study Completed     (Signals Engineering),included,Legacy curated QCB5 signal-study input. Signal Studies lack a community-board field and source coordinates; inclusion was carried forward from prior street-name curation and still needs row-level human review.,needs_human_review,True,
119,output/data_cb5_signal_studies.csv,f5c948386dfe37fad2a9d3f54c744cec7b6572b275868d4ae351d218e9911810,data_raw/signal_studies_citywide.csv,matched,1,f5c948386dfe37fad2a9d3f54c744cec7b6572b275868d4ae351d218e9911810,Matched committed raw Signal Studies snapshot by id and referencenumber.,CQ24-0613,207458,2024-02-25T00:00:00.000,All-Way Stop,Queens,PLEASANT VIEW STREET,PENELOPE AVENUE,,Study Request Denial,included,Legacy curated QCB5 signal-study input. Signal Studies lack a community-board field and source coordinates; inclusion was carried forward from prior street-name curation and still needs row-level human review.,needs_human_review,True,
120,output/data_cb5_signal_studies.csv,5ed7931d7c73b8c58f95b14471a8f438032b3e0b6916d1e26f22b0298043f05e,data_raw/signal_studies_citywide.csv,matched,1,5ed7931d7c73b8c58f95b14471a8f438032b3e0b6916d1e26f22b0298043f05e,Matched committed raw Signal Studies snapshot by id and referencenumber.,CQ24-0533B,207378,2024-01-26T00:00:00.000,Accessible Pedestrian Signal,Queens,FRESH POND ROAD,BLEECKER STREET,,Engineering Study Completed     (Signals Engineering),included,Legacy curated QCB5 signal-study input. Signal Studies lack a community-board field and source coordinates; inclusion was carried forward from prior street-name curation and still needs row-level human review.,needs_human_review,True,
121,output/data_cb5_signal_studies.csv,45c6a5343de525328ab3265bea699187f33bc91d4558c00942a203a487f6abfd,data_raw/signal_studies_citywide.csv,matched,1,45c6a5343de525328ab3265bea699187f33bc91d4558c00942a203a487f6abfd,Matched committed raw Signal Studies snapshot by id and referencenumber.,CQ24-0509B,207354,2024-01-24T00:00:00.000,Left Turn Arrow/Signal,Queens,WOODHAVEN BOULEVARD,62 ROAD,,Engineering Study Completed     (Signals Engineering),included,Legacy curated QCB5 signal-study input. Signal Studies lack a community-board field and source coordinates; inclusion was carried forward from prior street-name curation and still needs row-level human review.,needs_human_review,True,
122,output/data_cb5_signal_studies.csv,acea50b108b95f7272ef93e7287a7ecc3f6ba2154fa147665ef3b686f505ed15,data_raw/signal_studies_citywide.csv,matched,1,acea50b108b95f7272ef93e7287a7ecc3f6ba2154fa147665ef3b686f505ed15,Matched committed raw Signal Studies snapshot by id and referencenumber.,CQ24-0508B,207353,2024-01-24T00:00:00.000,Left Turn Arrow/Signal,Queens,WOODHAVEN BOULEVARD,81 ROAD,,Engineering Study Completed     (Signals Engineering),included,Legacy curated QCB5 signal-study input. Signal Studies lack a community-board field and source coordinates; inclusion was carried forward from prior street-name curation and still needs row-level human review.,needs_human_review,True,
123,output/data_cb5_signal_studies.csv,90d9db4fb4d1fdd9d66db5be28efc24cceb5dc64cb6f76867169f76ccd58d5d1,data_raw/signal_studies_citywide.csv,matched,1,90d9db4fb4d1fdd9d66db5be28efc24cceb5dc64cb6f76867169f76ccd58d5d1,Matched committed raw Signal Studies snapshot by id and referencenumber.,CQ24-0499B,206352,2024-01-24T00:00:00.000,Traffic Signal,Queens,WOODHAVEN BOULEVARD,FURMANVILLE AVENUE,,Engineering Study Completed     (Signals Engineering),included,Legacy curated QCB5 signal-study input. Signal Studies lack a community-board field and source coordinates; inclusion was carried forward from prior street-name curation and still needs row-level human review.,needs_human_review,True,
124,output/data_cb5_signal_studies.csv,9c92dae28e12736bdf04e67a05860db609564302b79508a5a206dde91284e55d,data_raw/signal_studies_citywide.csv,matched,1,9c92dae28e12736bdf04e67a05860db609564302b79508a5a206dde91284e55d,Matched committed raw Signal Studies snapshot by id and referencenumber.,CQ24-0468,206321,2024-02-15T00:00:00.000,Traffic Signal,Queens,CALDWELL AVENUE,69 LANE,,Study Request Denial,included,Legacy curated QCB5 signal-study input. Signal Studies lack a community-board field and source coordinates; inclusion was carried forward from prior street-name curation and still needs row-level human review.,needs_human_review,True,
125,output/data_cb5_signal_studies.csv,70e6c7caf78a2e7131dbeaab8c2ce9b91bf0a31831456a4892d993dd21f4a9cc,data_raw/signal_studies_citywide.csv,matched,1,70e6c7caf78a2e7131dbeaab8c2ce9b91bf0a31831456a4892d993dd21f4a9cc,Matched committed raw Signal Studies snapshot by id and referencenumber.,CQ24-0418,206271,2024-02-07T00:00:00.000,All-Way Stop,Queens,78 AVENUE,87 STREET,,A/W Approval,included,Legacy curated QCB5 signal-study input. Signal Studies lack a community-board field and source coordinates; inclusion was carried forward from prior street-name curation and still needs row-level human review.,needs_human_review,True,
126,output/data_cb5_signal_studies.csv,455139517fdbfe302a5ac48b4261def896582b871e727b2a520f326b3ac0fc44,data_raw/signal_studies_citywide.csv,matched,1,455139517fdbfe302a5ac48b4261def896582b871e727b2a520f326b3ac0fc44,Matched committed raw Signal Studies snapshot by id and referencenumber.,CQ24-0295B,205170,2024-01-30T00:00:00.000,Leading Pedestrian Interval,Queens,FRESH POND ROAD,ELIOT AVENUE,,Engineering Study Completed     (Signals Engineering),included,Legacy curated QCB5 signal-study input. Signal Studies lack a community-board field and source coordinates; inclusion was carried forward from prior street-name curation and still needs row-level human review.,needs_human_review,True,
127,output/data_cb5_signal_studies.csv,f24f6736dcae72914797221cee4663be49e79e1d6ce6e8bfedcb9b55c4bfe4e5,data_raw/signal_studies_citywide.csv,matched,1,f24f6736dcae72914797221cee4663be49e79e1d6ce6e8bfedcb9b55c4bfe4e5,Matched committed raw Signal Studies snapshot by id and referencenumber.,CQ24-0220,205095,2024-01-23T00:00:00.000,All-Way Stop,Queens,LINDEN STREET,ONDERDONK AVENUE,,A/W Approval,included,Legacy curated QCB5 signal-study input. Signal Studies lack a community-board field and source coordinates; inclusion was carried forward from prior street-name curation and still needs row-level human review.,needs_human_review,True,
128,output/data_cb5_signal_studies.csv,8c3266cbd7df04fd4c3f8a93495556ec3c0f8e70aab3f2efa5dac808eeb13c03,data_raw/signal_studies_citywide.csv,matched,1,8c3266cbd7df04fd4c3f8a93495556ec3c0f8e70aab3f2efa5dac808eeb13c03,Matched committed raw Signal Studies snapshot by id and referencenumber.,CQ24-0154B,205029,2024-01-02T00:00:00.000,Left Turn Arrow/Signal,Queens,GRAND AVENUE,BORDEN AVENUE,BORDEN AVENUE,Engineering Study Completed     (Signals Engineering),included,Legacy curated QCB5 signal-study input. Signal Studies lack a community-board field and source coordinates; inclusion was carried forward from prior street-name curation and still needs row-level human review.,needs_human_review,True,
129,output/data_cb5_signal_studies.csv,26ef8a148ee831e2fa1b298f1f6a30e47d6300f85bc3d3236540a3efb8ea907f,data_raw/signal_studies_citywide.csv,matched,1,26ef8a148ee831e2fa1b298f1f6a30e47d6300f85bc3d3236540a3efb8ea907f,Matched committed raw Signal Studies snapshot by id and referencenumber.,CQ24-0062B,204937,2023-12-12T00:00:00.000,Traffic Signal,Queens,WOODHAVEN BOULEVARD,ELIOT AVENUE,ELIOT AVENUE,Engineering Study Completed     (Signals Engineering),included,Legacy curated QCB5 signal-study input. Signal Studies lack a community-board field and source coordinates; inclusion was carried forward from prior street-name curation and still needs row-level human review.,needs_human_review,True,
130,output/data_cb5_signal_studies.csv,dd671291f70af0ebf272fee833d35351b5ae761c7caf90c4c2f5d9d816c2ff8a,data_raw/signal_studies_citywide.csv,matched,1,dd671291f70af0ebf272fee833d35351b5ae761c7caf90c4c2f5d9d816c2ff8a,Matched committed raw Signal Studies snapshot by id and referencenumber.,CQ24-0024B,204899,2023-12-27T00:00:00.000,Traffic Signal,Queens,MYRTLE AVENUE,ST NICHOLAS AVENUE,,Engineering Study Completed     (Signals Engineering),included,Legacy curated QCB5 signal-study input. Signal Studies lack a community-board field and source coordinates; inclusion was carried forward from prior street-name curation and still needs row-level human review.,needs_human_review,True,
131,output/data_cb5_signal_studies.csv,ed0536cc40f1bcc5a7879bd094f9729a6717682427a848f597140c00b662ce26,data_raw/signal_studies_citywide.csv,matched,1,ed0536cc40f1bcc5a7879bd094f9729a6717682427a848f597140c00b662ce26,Matched committed raw Signal Studies snapshot by id and referencenumber.,CQ23-3634,204863,2023-12-28T00:00:00.000,All-Way Stop,Queens,RUST STREET,FLUSHING AVENUE,59 DRIVE,Study Request Denial,included,Legacy curated QCB5 signal-study input. Signal Studies lack a community-board field and source coordinates; inclusion was carried forward from prior street-name curation and still needs row-level human review.,needs_human_review,True,
132,output/data_cb5_signal_studies.csv,993f5143aefb6c832c88df3ad8187646e172fb886d6d219507982127568d569d,data_raw/signal_studies_citywide.csv,matched,1,993f5143aefb6c832c88df3ad8187646e172fb886d6d219507982127568d569d,Matched committed raw Signal Studies snapshot by id and referencenumber.,CQ23-3628,204857,2023-12-27T00:00:00.000,All-Way Stop,Queens,WOODBINE STREET,64 STREET,,Study Request Denial,included,Legacy curated QCB5 signal-study input. Signal Studies lack a community-board field and source coordinates; inclusion was carried forward from prior street-name curation and still needs row-level human review.,needs_human_review,True,
133,output/data_cb5_signal_studies.csv,4618d8afda81eb963ef2c1a3e025decddc3f3d544734f577862e5a7e93679bdd,data_raw/signal_studies_citywide.csv,matched,1,4618d8afda81eb963ef2c1a3e025decddc3f3d544734f577862e5a7e93679bdd,Matched committed raw Signal Studies snapshot by id and referencenumber.,CQ23-3623,204852,2023-12-27T00:00:00.000,All-Way Stop,Queens,PALMETTO STREET,64 STREET,,Study Request Denial,included,Legacy curated QCB5 signal-study input. Signal Studies lack a community-board field and source coordinates; inclusion was carried forward from prior street-name curation and still needs row-level human review.,needs_human_review,True,
134,output/data_cb5_signal_studies.csv,19af15e1ff0219754b4cc53c0a0e9e2d1561f8358967410dd00ab9b778b5c922,data_raw/signal_studies_citywide.csv,matched,1,19af15e1ff0219754b4cc53c0a0e9e2d1561f8358967410dd00ab9b778b5c922,Matched committed raw Signal Studies snapshot by id and referencenumber.,CQ23-3520B,203751,2024-03-25T00:00:00.000,Traffic Signal,Queens,METROPOLITAN AVENUE,AUBREY AVENUE,WOODHAVEN BOULEVARD,Engineering Study Completed     (Signals Engineering),included,Legacy curated QCB5 signal-study input. Signal Studies lack a community-board field and source coordinates; inclusion was carried forward from prior street-name curation and still needs row-level human review.,needs_human_review,True,
135,output/data_cb5_signal_studies.csv,fbfd5b1a369a5592545979e153f0263b4364459acf03c7edf41becf6954a2229,data_raw/signal_studies_citywide.csv,matched,1,fbfd5b1a369a5592545979e153f0263b4364459acf03c7edf41becf6954a2229,Matched committed raw Signal Studies snapshot by id and referencenumber.,CQ23-3437B,203668,2023-11-27T00:00:00.000,Traffic Signal,Queens,FLUSHING AVENUE,54 STREET,,Engineering Study Completed     (Signals Engineering),included,Legacy curated QCB5 signal-study input. Signal Studies lack a community-board field and source coordinates; inclusion was carried forward from prior street-name curation and still needs row-level human review.,needs_human_review,True,
136,output/data_cb5_signal_studies.csv,3aaed8b9ed7f2e0574db18d25740b47038fb62e12bb9311a528ae380dfcba5e5,data_raw/signal_studies_citywide.csv,matched,1,3aaed8b9ed7f2e0574db18d25740b47038fb62e12bb9311a528ae380dfcba5e5,Matched committed raw Signal Studies snapshot by id and referencenumber.,CQ23-3380,202638,2023-11-28T00:00:00.000,All-Way Stop,Queens,64 PLACE,74 AVENUE,,Study Request Denial,included,Legacy curated QCB5 signal-study input. Signal Studies lack a community-board field and source coordinates; inclusion was carried forward from prior street-name curation and still needs row-level human review.,needs_human_review,True,
137,output/data_cb5_signal_studies.csv,ea2c5f0e19aaf32bc298c362925ecf47a7005ba75e130c32e9bd2ad4dfdec064,data_raw/signal_studies_citywide.csv,matched,1,ea2c5f0e19aaf32bc298c362925ecf47a7005ba75e130c32e9bd2ad4dfdec064,Matched committed raw Signal Studies snapshot by id and referencenumber.,CQ23-3242,201530,2023-11-16T00:00:00.000,All-Way Stop,Queens,SENECA AVENUE,STOCKHOLM STREET,,A/W Approval,included,Legacy curated QCB5 signal-study input. Signal Studies lack a community-board field and source coordinates; inclusion was carried forward from prior street-name curation and still needs row-level human review.,needs_human_review,True,
138,output/data_cb5_signal_studies.csv,cc0371361ddebadf2eb63d82421e8ed56957b551eb88600ed7d870e1af012db7,data_raw/signal_studies_citywide.csv,matched,1,cc0371361ddebadf2eb63d82421e8ed56957b551eb88600ed7d870e1af012db7,Matched committed raw Signal Studies snapshot by id and referencenumber.,CQ23-3228,201516,2023-11-15T00:00:00.000,Traffic Signal,Queens,72 STREET,CENTRAL AVENUE,,Study Request Denial,included,Legacy curated QCB5 signal-study input. Signal Studies lack a community-board field and source coordinates; inclusion was carried forward from prior street-name curation and still needs row-level human review.,needs_human_review,True,
139,output/data_cb5_signal_studies.csv,52de6fc39c8bea15638d29f77787c5fe5981892e09a3aec20f14ff04545afa81,data_raw/signal_studies_citywide.csv,matched,1,52de6fc39c8bea15638d29f77787c5fe5981892e09a3aec20f14ff04545afa81,Matched committed raw Signal Studies snapshot by id and referencenumber.,CQ23-3227B,201515,2023-05-25T00:00:00.000,Leading Pedestrian Interval,Queens,METROPOLITAN AVENUE,73 PLACE,,Engineering Study Completed     (Signals Engineering),included,Legacy curated QCB5 signal-study input. Signal Studies lack a community-board field and source coordinates; inclusion was carried forward from prior street-name curation and still needs row-level human review.,needs_human_review,True,
140,output/data_cb5_signal_studies.csv,6c333d469a456eb61d0d9dfedef9e3d6e39c7514671c72932e5d41bbbef87705,data_raw/signal_studies_citywide.csv,matched,1,6c333d469a456eb61d0d9dfedef9e3d6e39c7514671c72932e5d41bbbef87705,Matched committed raw Signal Studies snapshot by id and referencenumber.,CQ23-3191,201479,2023-11-13T00:00:00.000,All-Way Stop,Queens,73 PLACE,66 ROAD,,Study Request Denial,included,Legacy curated QCB5 signal-study input. Signal Studies lack a community-board field and source coordinates; inclusion was carried forward from prior street-name curation and still needs row-level human review.,needs_human_review,True,
141,output/data_cb5_signal_studies.csv,508a18bd63d966a610f062fc75f422cb2addecaa35f8d762f7142dfa9aca2236,data_raw/signal_studies_citywide.csv,matched,1,508a18bd63d966a610f062fc75f422cb2addecaa35f8d762f7142dfa9aca2236,Matched committed raw Signal Studies snapshot by id and referencenumber.,CQ23-3106B,201394,2023-10-27T00:00:00.000,Traffic Signal,Queens,63 DRIVE,WOODHAVEN BOULEVARD,,Engineering Study Completed     (Signals Engineering),included,Legacy curated QCB5 signal-study input. Signal Studies lack a community-board field and source coordinates; inclusion was carried forward from prior street-name curation and still needs row-level human review.,needs_human_review,True,
142,output/data_cb5_signal_studies.csv,4137135432369bd6db124303180590ffb09e988f2adf0fa0e40da9633d5cfe8a,data_raw/signal_studies_citywide.csv,matched,1,4137135432369bd6db124303180590ffb09e988f2adf0fa0e40da9633d5cfe8a,Matched committed raw Signal Studies snapshot by id and referencenumber.,CQ23-3093B,201381,2023-10-26T00:00:00.000,Leading Pedestrian Interval,Queens,FRESH POND ROAD,60 ROAD,,Engineering Study Completed     (Signals Engineering),included,Legacy curated QCB5 signal-study input. Signal Studies lack a community-board field and source coordinates; inclusion was carried forward from prior street-name curation and still needs row-level human review.,needs_human_review,True,
143,output/data_cb5_signal_studies.csv,a9fed6f96d0f31a274667e5064741226797860a6c62eedf55efe0fcff436bec3,data_raw/signal_studies_citywide.csv,matched,1,a9fed6f96d0f31a274667e5064741226797860a6c62eedf55efe0fcff436bec3,Matched committed raw Signal Studies snapshot by id and referencenumber.,CQ23-3043,200340,2023-10-24T00:00:00.000,All-Way Stop,Queens,69 STREET,COOPER AVENUE,,Study Request Denial,included,Legacy curated QCB5 signal-study input. Signal Studies lack a community-board field and source coordinates; inclusion was carried forward from prior street-name curation and still needs row-level human review.,needs_human_review,True,
144,output/data_cb5_signal_studies.csv,e7730c18a478e9d337529419cebf4f12301e82d5a41146ddef3046b075e5df29,data_raw/signal_studies_citywide.csv,matched,1,e7730c18a478e9d337529419cebf4f12301e82d5a41146ddef3046b075e5df29,Matched committed raw Signal Studies snapshot by id and referencenumber.,CQ23-3012,200309,2023-10-20T00:00:00.000,All-Way Stop,Queens,69 ROAD,75 STREET,,Study Request Denial,included,Legacy curated QCB5 signal-study input. Signal Studies lack a community-board field and source coordinates; inclusion was carried forward from prior street-name curation and still needs row-level human review.,needs_human_review,True,
145,output/data_cb5_signal_studies.csv,cf456c346f8cd0902575e43ad8c1d57256f320c273ba1c8c540172272a295f72,data_raw/signal_studies_citywide.csv,matched,1,cf456c346f8cd0902575e43ad8c1d57256f320c273ba1c8c540172272a295f72,Matched committed raw Signal Studies snapshot by id and referencenumber.,CQ23-2785B,199103,2023-09-26T00:00:00.000,Leading Pedestrian Interval,Queens,METROPOLITAN AVENUE,TONSOR STREET,,Engineering Study Completed     (Signals Engineering),included,Legacy curated QCB5 signal-study input. Signal Studies lack a community-board field and source coordinates; inclusion was carried forward from prior street-name curation and still needs row-level human review.,needs_human_review,True,
146,output/data_cb5_signal_studies.csv,3e02b91153808dc153a0fca2b8e7a640cdf03b7304e1b89a465fb6a264f5c0b2,data_raw/signal_studies_citywide.csv,matched,1,3e02b91153808dc153a0fca2b8e7a640cdf03b7304e1b89a465fb6a264f5c0b2,Matched committed raw Signal Studies snapshot by id and referencenumber.,CQ23-2703,197056,2023-09-25T00:00:00.000,All-Way Stop,Queens,SENECA AVENUE,GREENE AVENUE,,Study Request Denial,included,Legacy curated QCB5 signal-study input. Signal Studies lack a community-board field and source coordinates; inclusion was carried forward from prior street-name curation and still needs row-level human review.,needs_human_review,True,
147,output/data_cb5_signal_studies.csv,410e2e9c61c64f35d23c8b231ddba2a5df4dbe720195724bbed44698c5488ac5,data_raw/signal_studies_citywide.csv,matched,1,410e2e9c61c64f35d23c8b231ddba2a5df4dbe720195724bbed44698c5488ac5,Matched committed raw Signal Studies snapshot by id and referencenumber.,CQ23-2677B,197030,2023-09-22T00:00:00.000,Traffic Signal,Queens,FOREST AVENUE,METROPOLITAN AVENUE,,Engineering Study Completed     (Signals Engineering),included,Legacy curated QCB5 signal-study input. Signal Studies lack a community-board field and source coordinates; inclusion was carried forward from prior street-name curation and still needs row-level human review.,needs_human_review,True,
148,output/data_cb5_signal_studies.csv,a0cc1893e2c21fe6f25c9eff7cb09184b7a0553d611ae0c19430a9226ef2e135,data_raw/signal_studies_citywide.csv,matched,1,a0cc1893e2c21fe6f25c9eff7cb09184b7a0553d611ae0c19430a9226ef2e135,Matched committed raw Signal Studies snapshot by id and referencenumber.,CQ23-2646,196999,2023-09-19T00:00:00.000,All-Way Stop,Queens,PUTNAM AVENUE,60 PLACE,,Study Request Denial,included,Legacy curated QCB5 signal-study input. Signal Studies lack a community-board field and source coordinates; inclusion was carried forward from prior street-name curation and still needs row-level human review.,needs_human_review,True,
149,output/data_cb5_signal_studies.csv,5931d4e34ef417b9a81ff05dc47a5c8ea5f3c7ba91e0570210b8b4a8b50e9add,data_raw/signal_studies_citywide.csv,matched,1,5931d4e34ef417b9a81ff05dc47a5c8ea5f3c7ba91e0570210b8b4a8b50e9add,Matched committed raw Signal Studies snapshot by id and referencenumber.,CQ23-2644,196997,2023-09-18T00:00:00.000,Traffic Signal,Queens,WOODHAVEN BOULEVARD,ELIOT AVENUE,,Study Request Denial,included,Legacy curated QCB5 signal-study input. Signal Studies lack a community-board field and source coordinates; inclusion was carried forward from prior street-name curation and still needs row-level human review.,needs_human_review,True,
150,output/data_cb5_signal_studies.csv,94a91592456f097f08d1d88e4e5dea85dcbfc5f318619a0e685d1bceecd95eaa,data_raw/signal_studies_citywide.csv,matched,1,94a91592456f097f08d1d88e4e5dea85dcbfc5f318619a0e685d1bceecd95eaa,Matched committed raw Signal Studies snapshot by id and referencenumber.,CQ23-2629,196982,2023-09-19T00:00:00.000,Traffic Signal,Queens,PUTNAM AVENUE,60 LANE,,Study Request Denial,included,Legacy curated QCB5 signal-study input. Signal Studies lack a community-board field and source coordinates; inclusion was carried forward from prior street-name curation and still needs row-level human review.,needs_human_review,True,
151,output/data_cb5_signal_studies.csv,98f839638b1bc78b00c248076c623cbfe0c15c817719d8a13c5717751bd0c63f,data_raw/signal_studies_citywide.csv,matched,1,98f839638b1bc78b00c248076c623cbfe0c15c817719d8a13c5717751bd0c63f,Matched committed raw Signal Studies snapshot by id and referencenumber.,CQ23-2567,196920,2023-09-14T00:00:00.000,All-Way Stop,Queens,ONDERDONK AVENUE,HIMROD STREET,,Study Request Denial,included,Legacy curated QCB5 signal-study input. Signal Studies lack a community-board field and source coordinates; inclusion was carried forward from prior street-name curation and still needs row-level human review.,needs_human_review,True,
152,output/data_cb5_signal_studies.csv,e99f1c863f66d784b3638420b0dd3f8fba216f10499371269df35b20f00b95f9,data_raw/signal_studies_citywide.csv,matched,1,e99f1c863f66d784b3638420b0dd3f8fba216f10499371269df35b20f00b95f9,Matched committed raw Signal Studies snapshot by id and referencenumber.,CQ23-2566,196919,2023-09-14T00:00:00.000,All-Way Stop,Queens,68 PLACE,70 AVENUE,,Study Request Denial,included,Legacy curated QCB5 signal-study input. Signal Studies lack a community-board field and source coordinates; inclusion was carried forward from prior street-name curation and still needs row-level human review.,needs_human_review,True,
153,output/data_cb5_signal_studies.csv,7b28323d9327cabdf978b4d5f270696530ce97559451c1abfbe8a96380066718,data_raw/signal_studies_citywide.csv,matched,1,7b28323d9327cabdf978b4d5f270696530ce97559451c1abfbe8a96380066718,Matched committed raw Signal Studies snapshot by id and referencenumber.,CQ23-2561B,196914,2023-09-12T00:00:00.000,Traffic Signal,Queens,58 AVENUE,69 LANE,LONG ISLAND EXPRESSWAY,Engineering Study Completed     (Signals Engineering),included,Legacy curated QCB5 signal-study input. Signal Studies lack a community-board field and source coordinates; inclusion was carried forward from prior street-name curation and still needs row-level human review.,needs_human_review,True,
154,output/data_cb5_signal_studies.csv,d373743cd975ab1c500607a4dc35b68fa82d1ebfeb4f60d12b0ff5eaf154a7b0,data_raw/signal_studies_citywide.csv,matched,1,d373743cd975ab1c500607a4dc35b68fa82d1ebfeb4f60d12b0ff5eaf154a7b0,Matched committed raw Signal Studies snapshot by id and referencenumber.,CQ23-2319,196672,2023-08-24T00:00:00.000,All-Way Stop,Queens,66 DRIVE,PLEASANTVIEW STREET,,Study Request Denial,included,Legacy curated QCB5 signal-study input. Signal Studies lack a community-board field and source coordinates; inclusion was carried forward from prior street-name curation and still needs row-level human review.,needs_human_review,True,
155,output/data_cb5_signal_studies.csv,e1a21bc7b965a044e9ed89d90cc20b696bf4d2fc44e4547b30d0939d0a5a124c,data_raw/signal_studies_citywide.csv,matched,1,e1a21bc7b965a044e9ed89d90cc20b696bf4d2fc44e4547b30d0939d0a5a124c,Matched committed raw Signal Studies snapshot by id and referencenumber.,CQ23-2270,195630,2023-08-13T00:00:00.000,Traffic Signal,Queens,70 AVENUE,60 LANE,,Study Request Denial,included,Legacy curated QCB5 signal-study input. Signal Studies lack a community-board field and source coordinates; inclusion was carried forward from prior street-name curation and still needs row-level human review.,needs_human_review,True,
156,output/data_cb5_signal_studies.csv,6957d3bcd2cf3e5e14148a27b7d50a83c1fa09cc2a232bc867caf657ce554838,data_raw/signal_studies_citywide.csv,matched,1,6957d3bcd2cf3e5e14148a27b7d50a83c1fa09cc2a232bc867caf657ce554838,Matched committed raw Signal Studies snapshot by id and referencenumber.,CQ23-2252,195612,2023-08-11T00:00:00.000,Traffic Signal,Queens,59 DRIVE,MT OLIVET CRESCENT,64 STREET,Study Request Denial,included,Legacy curated QCB5 signal-study input. Signal Studies lack a community-board field and source coordinates; inclusion was carried forward from prior street-name curation and still needs row-level human review.,needs_human_review,True,
157,output/data_cb5_signal_studies.csv,722e5051285338aeecc2d2cbd82cdfff5214f9b743b9e2de635f23335d0fb3c0,data_raw/signal_studies_citywide.csv,matched,1,722e5051285338aeecc2d2cbd82cdfff5214f9b743b9e2de635f23335d0fb3c0,Matched committed raw Signal Studies snapshot by id and referencenumber.,CQ23-2241,195601,2023-08-10T00:00:00.000,Traffic Signal,Queens,JAY AVENUE,65 PLACE,,Study Request Denial,included,Legacy curated QCB5 signal-study input. Signal Studies lack a community-board field and source coordinates; inclusion was carried forward from prior street-name curation and still needs row-level human review.,needs_human_review,True,
158,output/data_cb5_signal_studies.csv,09417d2dfa1d08578fd0fe96a8990625f4216b692bcabea2add4c3000f870307,data_raw/signal_studies_citywide.csv,matched,1,09417d2dfa1d08578fd0fe96a8990625f4216b692bcabea2add4c3000f870307,Matched committed raw Signal Studies snapshot by id and referencenumber.,CQ23-2082,194444,2023-07-27T00:00:00.000,All-Way Stop,Queens,59 STREET,56 DRIVE,,Study Request Denial,included,Legacy curated QCB5 signal-study input. Signal Studies lack a community-board field and source coordinates; inclusion was carried forward from prior street-name curation and still needs row-level human review.,needs_human_review,True,
159,output/data_cb5_signal_studies.csv,bfe84bf9c3dde0c3f49c5ee6c070a6a55f08625702d475e140c018e74817af38,data_raw/signal_studies_citywide.csv,matched,1,bfe84bf9c3dde0c3f49c5ee6c070a6a55f08625702d475e140c018e74817af38,Matched committed raw Signal Studies snapshot by id and referencenumber.,CQ23-2077,193471,2023-07-27T00:00:00.000,All-Way Stop,Queens,52 AVENUE,74 STREET,,Study Request Denial,included,Legacy curated QCB5 signal-study input. Signal Studies lack a community-board field and source coordinates; inclusion was carried forward from prior street-name curation and still needs row-level human review.,needs_human_review,True,
160,output/data_cb5_signal_studies.csv,8e69404550ec2015b11b7862a8c95b04c774af746f943c629ed337e774033bb4,data_raw/signal_studies_citywide.csv,matched,1,8e69404550ec2015b11b7862a8c95b04c774af746f943c629ed337e774033bb4,Matched committed raw Signal Studies snapshot by id and referencenumber.,CQ23-1985,193379,2023-07-20T00:00:00.000,All-Way Stop,Queens,FAIRVIEW AVENUE,MENAHAN STREET,,A/W Approval,included,Legacy curated QCB5 signal-study input. Signal Studies lack a community-board field and source coordinates; inclusion was carried forward from prior street-name curation and still needs row-level human review.,needs_human_review,True,
161,output/data_cb5_signal_studies.csv,da33b2615da387f33299548c5679d6512ad33ab5075104b9d3b29d864ee7374e,data_raw/signal_studies_citywide.csv,matched,1,da33b2615da387f33299548c5679d6512ad33ab5075104b9d3b29d864ee7374e,Matched committed raw Signal Studies snapshot by id and referencenumber.,CQ23-1983,193377,2023-07-20T00:00:00.000,All-Way Stop,Queens,ONDERDONK AVENUE,MENAHAN STREET,,Study Request Denial,included,Legacy curated QCB5 signal-study input. Signal Studies lack a community-board field and source coordinates; inclusion was carried forward from prior street-name curation and still needs row-level human review.,needs_human_review,True,
162,output/data_cb5_signal_studies.csv,164ddcea6821c7c62f67e15dbf8aecd35a305b3b0b23a4a2cf1d3cd87b14fe6a,data_raw/signal_studies_citywide.csv,matched,1,164ddcea6821c7c62f67e15dbf8aecd35a305b3b0b23a4a2cf1d3cd87b14fe6a,Matched committed raw Signal Studies snapshot by id and referencenumber.,CQ23-1958B,193352,2023-07-03T00:00:00.000,Traffic Signal,Queens,GRAND AVENUE,74 STREET,,Engineering Study Completed     (Signals Engineering),included,Legacy curated QCB5 signal-study input. Signal Studies lack a community-board field and source coordinates; inclusion was carried forward from prior street-name curation and still needs row-level human review.,needs_human_review,True,
163,output/data_cb5_signal_studies.csv,4430020622ea8a1056fe948c7013e7d83e004dd046ab40120b42d0fdd9e85fee,data_raw/signal_studies_citywide.csv,matched,1,4430020622ea8a1056fe948c7013e7d83e004dd046ab40120b42d0fdd9e85fee,Matched committed raw Signal Studies snapshot by id and referencenumber.,CQ23-1956B,193350,2023-07-03T00:00:00.000,Traffic Signal,Queens,69 LANE,LONG ISLAND EXPRESSWAY,,Engineering Study Completed     (Signals Engineering),included,Legacy curated QCB5 signal-study input. Signal Studies lack a community-board field and source coordinates; inclusion was carried forward from prior street-name curation and still needs row-level human review.,needs_human_review,True,
164,output/data_cb5_signal_studies.csv,ed762194774d3bffbb5ec535db8aa1a6e5ba66225f0efe0d722f187d7a14a1ef,data_raw/signal_studies_citywide.csv,matched,1,ed762194774d3bffbb5ec535db8aa1a6e5ba66225f0efe0d722f187d7a14a1ef,Matched committed raw Signal Studies snapshot by id and referencenumber.,CQ23-1913B,193307,2023-06-21T00:00:00.000,Traffic Signal,Queens,69 PLACE,QUEENS MIDTOWN EXPRESSWAY,,Engineering Study Completed     (Signals Engineering),included,Legacy curated QCB5 signal-study input. Signal Studies lack a community-board field and source coordinates; inclusion was carried forward from prior street-name curation and still needs row-level human review.,needs_human_review,True,
165,output/data_cb5_signal_studies.csv,85033e4a4814d2ed2f47805eef31108261af067e818944869a3b142607b962e9,data_raw/signal_studies_citywide.csv,matched,1,85033e4a4814d2ed2f47805eef31108261af067e818944869a3b142607b962e9,Matched committed raw Signal Studies snapshot by id and referencenumber.,CQ23-1852B,193246,2023-06-14T00:00:00.000,Traffic Signal,Queens,METROPOLITAN AVENUE,FOREST AVENUE,,Engineering Study Completed     (Signals Engineering),included,Legacy curated QCB5 signal-study input. Signal Studies lack a community-board field and source coordinates; inclusion was carried forward from prior street-name curation and still needs row-level human review.,needs_human_review,True,
166,output/data_cb5_signal_studies.csv,073e15a702df83ae7619d735c91c1e1baa4891df3bf4b4fbbc0979d606731d4c,data_raw/signal_studies_citywide.csv,matched,1,073e15a702df83ae7619d735c91c1e1baa4891df3bf4b4fbbc0979d606731d4c,Matched committed raw Signal Studies snapshot by id and referencenumber.,CQ23-1843,193237,2023-07-10T00:00:00.000,All-Way Stop,Queens,59 AVENUE,64 STREET,,Study Request Denial,included,Legacy curated QCB5 signal-study input. Signal Studies lack a community-board field and source coordinates; inclusion was carried forward from prior street-name curation and still needs row-level human review.,needs_human_review,True,
167,output/data_cb5_signal_studies.csv,f228ff3debaa865c22108dbec977ff239f38e26918b35fdc91feca273bb17b49,data_raw/signal_studies_citywide.csv,matched,1,f228ff3debaa865c22108dbec977ff239f38e26918b35fdc91feca273bb17b49,Matched committed raw Signal Studies snapshot by id and referencenumber.,CQ23-1831,193225,2023-07-10T00:00:00.000,All-Way Stop,Queens,FURMANVILLE AVENUE,79 STREET,,A/W Approval,included,Legacy curated QCB5 signal-study input. Signal Studies lack a community-board field and source coordinates; inclusion was carried forward from prior street-name curation and still needs row-level human review.,needs_human_review,True,
168,output/data_cb5_signal_studies.csv,7be8a6b99e475319720d37db7b0deff97344c0fdae193cc342cedb48ad4b8e07,data_raw/signal_studies_citywide.csv,matched,1,7be8a6b99e475319720d37db7b0deff97344c0fdae193cc342cedb48ad4b8e07,Matched committed raw Signal Studies snapshot by id and referencenumber.,CQ23-1727,193121,2023-06-27T00:00:00.000,Traffic Signal,Queens,69 STREET,53 ROAD,,Study Request Denial,included,Legacy curated QCB5 signal-study input. Signal Studies lack a community-board field and source coordinates; inclusion was carried forward from prior street-name curation and still needs row-level human review.,needs_human_review,True,
169,output/data_cb5_signal_studies.csv,dd9dd29a9c465f66b343288675b9bd09f6f75118d6e4b1aabc4e009cf757556f,data_raw/signal_studies_citywide.csv,matched,1,dd9dd29a9c465f66b343288675b9bd09f6f75118d6e4b1aabc4e009cf757556f,Matched committed raw Signal Studies snapshot by id and referencenumber.,CQ23-1700B,192095,2023-06-05T00:00:00.000,Traffic Signal,Queens,DRY HARBOR ROAD,63 AVENUE,PENELOPE AVENUE,Engineering Study Completed     (Signals Engineering),included,Legacy curated QCB5 signal-study input. Signal Studies lack a community-board field and source coordinates; inclusion was carried forward from prior street-name curation and still needs row-level human review.,needs_human_review,True,
170,output/data_cb5_signal_studies.csv,24966ad949c4307dd07ea06505ea8271279a0a3abd29eedc3f1af6f10ec41e42,data_raw/signal_studies_citywide.csv,matched,1,24966ad949c4307dd07ea06505ea8271279a0a3abd29eedc3f1af6f10ec41e42,Matched committed raw Signal Studies snapshot by id and referencenumber.,CQ23-1689,192084,2023-06-21T00:00:00.000,All-Way Stop,Queens,72 STREET,CALDWELL AVENUE,,Study Request Denial,included,Legacy curated QCB5 signal-study input. Signal Studies lack a community-board field and source coordinates; inclusion was carried forward from prior street-name curation and still needs row-level human review.,needs_human_review,True,
171,output/data_cb5_signal_studies.csv,97fa3ff1f33f48af4efacb6e1e15a77b83984051f276c923c687191ec812f925,data_raw/signal_studies_citywide.csv,matched,1,97fa3ff1f33f48af4efacb6e1e15a77b83984051f276c923c687191ec812f925,Matched committed raw Signal Studies snapshot by id and referencenumber.,CQ23-1616,191016,2023-06-13T00:00:00.000,All-Way Stop,Queens,61 STREET,56 DRIVE,,Study Request Denial,included,Legacy curated QCB5 signal-study input. Signal Studies lack a community-board field and source coordinates; inclusion was carried forward from prior street-name curation and still needs row-level human review.,needs_human_review,True,
172,output/data_cb5_signal_studies.csv,09841e5bca8e522a4c18e8ad6d1fdae790038ef3578d57906be2d03ee5b4c7fc,data_raw/signal_studies_citywide.csv,matched,1,09841e5bca8e522a4c18e8ad6d1fdae790038ef3578d57906be2d03ee5b4c7fc,Matched committed raw Signal Studies snapshot by id and referencenumber.,CQ23-1602,190007,2023-06-10T00:00:00.000,All-Way Stop,Queens,67 DRIVE,78 STREET,,Study Request Denial,included,Legacy curated QCB5 signal-study input. Signal Studies lack a community-board field and source coordinates; inclusion was carried forward from prior street-name curation and still needs row-level human review.,needs_human_review,True,
173,output/data_cb5_signal_studies.csv,b9fcd0000d3c14658aeb0a8336936c20174f1e4e0188407d52b1972f94d59d9b,data_raw/signal_studies_citywide.csv,matched,1,b9fcd0000d3c14658aeb0a8336936c20174f1e4e0188407d52b1972f94d59d9b,Matched committed raw Signal Studies snapshot by id and referencenumber.,CQ23-1576B,189981,2023-05-24T00:00:00.000,Left Turn Arrow/Signal,Queens,COOPER AVENUE,CYPRESS AVENUE,,Engineering Study Completed     (Signals Engineering),included,Legacy curated QCB5 signal-study input. Signal Studies lack a community-board field and source coordinates; inclusion was carried forward from prior street-name curation and still needs row-level human review.,needs_human_review,True,
174,output/data_cb5_signal_studies.csv,ac5e20750575768fc7f7447cfe09c5b8a9f7a790b740f0a0141d15fd642762b5,data_raw/signal_studies_citywide.csv,matched,1,ac5e20750575768fc7f7447cfe09c5b8a9f7a790b740f0a0141d15fd642762b5,Matched committed raw Signal Studies snapshot by id and referencenumber.,CQ23-1519B,189924,2023-05-12T00:00:00.000,Traffic Signal,Queens,DRY HARBOR ROAD,FURMANVILLE AVENUE,80 STREET,Engineering Study Completed     (Signals Engineering),included,Legacy curated QCB5 signal-study input. Signal Studies lack a community-board field and source coordinates; inclusion was carried forward from prior street-name curation and still needs row-level human review.,needs_human_review,True,
175,output/data_cb5_signal_studies.csv,e68d6c74bc16d36f30557cdb9c6514cdf4430305cdba605e9a57fe26995834cd,data_raw/signal_studies_citywide.csv,matched,1,e68d6c74bc16d36f30557cdb9c6514cdf4430305cdba605e9a57fe26995834cd,Matched committed raw Signal Studies snapshot by id and referencenumber.,CQ23-1390,189795,2023-05-11T00:00:00.000,All-Way Stop,Queens,CODY AVENUE,WYCKOFF AVENUE,,Study Request Denial,included,Legacy curated QCB5 signal-study input. Signal Studies lack a community-board field and source coordinates; inclusion was carried forward from prior street-name curation and still needs row-level human review.,needs_human_review,True,
176,output/data_cb5_signal_studies.csv,2353d2fbca2aea2f39ceecea679d5fe2e7e17cd84a482ef1ec226467bd669021,data_raw/signal_studies_citywide.csv,matched,1,2353d2fbca2aea2f39ceecea679d5fe2e7e17cd84a482ef1ec226467bd669021,Matched committed raw Signal Studies snapshot by id and referencenumber.,CQ23-1381B,189786,2023-05-08T00:00:00.000,Leading Pedestrian Interval,Queens,DECATUR STREET,FOREST AVENUE,,Engineering Study Completed     (Signals Engineering),included,Legacy curated QCB5 signal-study input. Signal Studies lack a community-board field and source coordinates; inclusion was carried forward from prior street-name curation and still needs row-level human review.,needs_human_review,True,
177,output/data_cb5_signal_studies.csv,f518426479d736c218d4dd0323bd497765710c31d7d4c501d25de57205fcf616,data_raw/signal_studies_citywide.csv,matched,1,f518426479d736c218d4dd0323bd497765710c31d7d4c501d25de57205fcf616,Matched committed raw Signal Studies snapshot by id and referencenumber.,CQ23-1380B,189785,2023-05-08T00:00:00.000,Leading Pedestrian Interval,Queens,FOREST AVENUE,NORMAN STREET,,Engineering Study Completed     (Signals Engineering),included,Legacy curated QCB5 signal-study input. Signal Studies lack a community-board field and source coordinates; inclusion was carried forward from prior street-name curation and still needs row-level human review.,needs_human_review,True,
178,output/data_cb5_signal_studies.csv,9202234b1f5406f56686626d868843a06c6fb72784a17c29e0954a40b740f562,data_raw/signal_studies_citywide.csv,matched,1,9202234b1f5406f56686626d868843a06c6fb72784a17c29e0954a40b740f562,Matched committed raw Signal Studies snapshot by id and referencenumber.,CQ23-1379B,189784,2023-05-08T00:00:00.000,Leading Pedestrian Interval,Queens,FOREST AVENUE,GATES AVENUE,,Engineering Study Completed     (Signals Engineering),included,Legacy curated QCB5 signal-study input. Signal Studies lack a community-board field and source coordinates; inclusion was carried forward from prior street-name curation and still needs row-level human review.,needs_human_review,True,
179,output/data_cb5_signal_studies.csv,e851ec7fa10ce673819afd4b0f186fd1f0a02e73919ce611c914cc312f93c935,data_raw/signal_studies_citywide.csv,matched,1,e851ec7fa10ce673819afd4b0f186fd1f0a02e73919ce611c914cc312f93c935,Matched committed raw Signal Studies snapshot by id and referencenumber.,CQ23-1375B,189780,2023-05-08T00:00:00.000,Leading Pedestrian Interval,Queens,FOREST AVENUE,PUTNAM AVENUE,,Engineering Study Completed     (Signals Engineering),included,Legacy curated QCB5 signal-study input. Signal Studies lack a community-board field and source coordinates; inclusion was carried forward from prior street-name curation and still needs row-level human review.,needs_human_review,True,
180,output/data_cb5_signal_studies.csv,8eb131901743145c1fd51c7f8b7a4dd5cb0cdee07312a7ae92e82ad0c37466c3,data_raw/signal_studies_citywide.csv,matched,1,8eb131901743145c1fd51c7f8b7a4dd5cb0cdee07312a7ae92e82ad0c37466c3,Matched committed raw Signal Studies snapshot by id and referencenumber.,CQ23-1372B,189777,2023-05-08T00:00:00.000,Leading Pedestrian Interval,Queens,FOREST AVENUE,MADISON STREET,,Engineering Study Completed     (Signals Engineering),included,Legacy curated QCB5 signal-study input. Signal Studies lack a community-board field and source coordinates; inclusion was carried forward from prior street-name curation and still needs row-level human review.,needs_human_review,True,
181,output/data_cb5_signal_studies.csv,cd4a214d6c6e6977e637f44700379d0b2b7d10b7e5992f786463a52e96690bf3,data_raw/signal_studies_citywide.csv,matched,1,cd4a214d6c6e6977e637f44700379d0b2b7d10b7e5992f786463a52e96690bf3,Matched committed raw Signal Studies snapshot by id and referencenumber.,CQ23-1367B,189772,2023-05-08T00:00:00.000,Leading Pedestrian Interval,Queens,FOREST AVENUE,GROVE STREET,,Engineering Study Completed     (Signals Engineering),included,Legacy curated QCB5 signal-study input. Signal Studies lack a community-board field and source coordinates; inclusion was carried forward from prior street-name curation and still needs row-level human review.,needs_human_review,True,
182,output/data_cb5_signal_studies.csv,df534893b5174cfb3a5c5429fc4de2e5bec25a193cdafd11bcd843a43fd06503,data_raw/signal_studies_citywide.csv,matched,1,df534893b5174cfb3a5c5429fc4de2e5bec25a193cdafd11bcd843a43fd06503,Matched committed raw Signal Studies snapshot by id and referencenumber.,CQ23-1366B,189771,2023-05-08T00:00:00.000,Leading Pedestrian Interval,Queens,FOREST AVENUE,GREENE AVENUE,,Engineering Study Completed     (Signals Engineering),included,Legacy curated QCB5 signal-study input. Signal Studies lack a community-board field and source coordinates; inclusion was carried forward from prior street-name curation and still needs row-level human review.,needs_human_review,True,
183,output/data_cb5_signal_studies.csv,4b57a530d755b9f2260b6043c706ce7760846ee572d62d8f751bb292f14900f5,data_raw/signal_studies_citywide.csv,matched,1,4b57a530d755b9f2260b6043c706ce7760846ee572d62d8f751bb292f14900f5,Matched committed raw Signal Studies snapshot by id and referencenumber.,CQ23-1349B,189754,2023-03-18T00:00:00.000,Traffic Signal,Queens,CYPRESS AVENUE,COOPER AVENUE,,Engineering Study Completed     (Signals Engineering),included,Legacy curated QCB5 signal-study input. Signal Studies lack a community-board field and source coordinates; inclusion was carried forward from prior street-name curation and still needs row-level human review.,needs_human_review,True,
184,output/data_cb5_signal_studies.csv,ca2f91edec2eb59b8b195612b2be6a009307400aeb14cbf5a59568203faf6e53,data_raw/signal_studies_citywide.csv,matched,1,ca2f91edec2eb59b8b195612b2be6a009307400aeb14cbf5a59568203faf6e53,Matched committed raw Signal Studies snapshot by id and referencenumber.,CQ23-1269B,189674,2023-05-02T00:00:00.000,Traffic Signal,Queens,69 STREET,JUNIPER VALLEY ROAD,69 STREET,Engineering Study Completed     (Signals Engineering),included,Legacy curated QCB5 signal-study input. Signal Studies lack a community-board field and source coordinates; inclusion was carried forward from prior street-name curation and still needs row-level human review.,needs_human_review,True,
185,output/data_cb5_signal_studies.csv,3d177ed6eb1416ed9f25e4a104ccab16d32f996ab03509e03fbc2ac8f214299d,data_raw/signal_studies_citywide.csv,matched,1,3d177ed6eb1416ed9f25e4a104ccab16d32f996ab03509e03fbc2ac8f214299d,Matched committed raw Signal Studies snapshot by id and referencenumber.,CQ23-1132,188542,2023-04-21T00:00:00.000,All-Way Stop,Queens,77 ROAD,80 STREET,,Study Request Denial,included,Legacy curated QCB5 signal-study input. Signal Studies lack a community-board field and source coordinates; inclusion was carried forward from prior street-name curation and still needs row-level human review.,needs_human_review,True,
186,output/data_cb5_signal_studies.csv,acfa1f6f69393009cd90db0e768de7fa29ad4ece6c3b1b6871f2424bbebcda69,data_raw/signal_studies_citywide.csv,matched,1,acfa1f6f69393009cd90db0e768de7fa29ad4ece6c3b1b6871f2424bbebcda69,Matched committed raw Signal Studies snapshot by id and referencenumber.,CQ23-1086,188496,2023-04-20T00:00:00.000,All-Way Stop,Queens,59 STREET,58 DRIVE,,Study Request Denial,included,Legacy curated QCB5 signal-study input. Signal Studies lack a community-board field and source coordinates; inclusion was carried forward from prior street-name curation and still needs row-level human review.,needs_human_review,True,
187,output/data_cb5_signal_studies.csv,3a3f1db063c10f200f6072abd9fcb2dedff99bdd0269eddf2291064588ad1393,data_raw/signal_studies_citywide.csv,matched,1,3a3f1db063c10f200f6072abd9fcb2dedff99bdd0269eddf2291064588ad1393,Matched committed raw Signal Studies snapshot by id and referencenumber.,CQ23-1009,188419,2023-04-12T00:00:00.000,Traffic Signal,Queens,78 AVENUE,82 STREET,,Study Request Denial,included,Legacy curated QCB5 signal-study input. Signal Studies lack a community-board field and source coordinates; inclusion was carried forward from prior street-name curation and still needs row-level human review.,needs_human_review,True,
188,output/data_cb5_signal_studies.csv,2e3b209408b4f5940e88c3b707a66419790b170c0534b48db253a5b36b2aef4d,data_raw/signal_studies_citywide.csv,matched,1,2e3b209408b4f5940e88c3b707a66419790b170c0534b48db253a5b36b2aef4d,Matched committed raw Signal Studies snapshot by id and referencenumber.,CQ23-0862,188272,2023-03-29T00:00:00.000,All-Way Stop,Queens,73 PLACE,67 DRIVE,,Study Request Denial,included,Legacy curated QCB5 signal-study input. Signal Studies lack a community-board field and source coordinates; inclusion was carried forward from prior street-name curation and still needs row-level human review.,needs_human_review,True,
189,output/data_cb5_signal_studies.csv,fe2d469a085b75170227139da70fad3fbc67ce18c3732dbb29f3eb2a67c3c110,data_raw/signal_studies_citywide.csv,matched,1,fe2d469a085b75170227139da70fad3fbc67ce18c3732dbb29f3eb2a67c3c110,Matched committed raw Signal Studies snapshot by id and referencenumber.,CQ23-0860B,188270,2023-03-30T00:00:00.000,Traffic Signal,Queens,FLUSHING AVENUE,54 STREET,,Engineering Study Completed     (Signals Engineering),included,Legacy curated QCB5 signal-study input. Signal Studies lack a community-board field and source coordinates; inclusion was carried forward from prior street-name curation and still needs row-level human review.,needs_human_review,True,
190,output/data_cb5_signal_studies.csv,cd61241a44e1a22fe715c3a30256095643bda005eab0d1ed67bee7f7dd3646e0,data_raw/signal_studies_citywide.csv,matched,1,cd61241a44e1a22fe715c3a30256095643bda005eab0d1ed67bee7f7dd3646e0,Matched committed raw Signal Studies snapshot by id and referencenumber.,CQ23-0850,188260,2023-03-30T00:00:00.000,All-Way Stop,Queens,60 STREET,BLEECKER STREET,,Study Request Denial,included,Legacy curated QCB5 signal-study input. Signal Studies lack a community-board field and source coordinates; inclusion was carried forward from prior street-name curation and still needs row-level human review.,needs_human_review,True,
191,output/data_cb5_signal_studies.csv,c85eb62e679c2facce290e080f1f57bf8bff4593a174b488faf3766346c96abc,data_raw/signal_studies_citywide.csv,matched,1,c85eb62e679c2facce290e080f1f57bf8bff4593a174b488faf3766346c96abc,Matched committed raw Signal Studies snapshot by id and referencenumber.,CQ23-0751B,188161,2023-03-16T00:00:00.000,Left Turn Arrow/Signal,Queens,FRESH POND ROAD,BLEECKER STREET,,Engineering Study Completed     (Signals Engineering),included,Legacy curated QCB5 signal-study input. Signal Studies lack a community-board field and source coordinates; inclusion was carried forward from prior street-name curation and still needs row-level human review.,needs_human_review,True,
192,output/data_cb5_signal_studies.csv,5e75c5ae59736104f705a6a5d7ba0a1034d9d64789288761e8902f8dce1ea18e,data_raw/signal_studies_citywide.csv,matched,1,5e75c5ae59736104f705a6a5d7ba0a1034d9d64789288761e8902f8dce1ea18e,Matched committed raw Signal Studies snapshot by id and referencenumber.,CQ23-0750B,188160,2023-03-16T00:00:00.000,Left Turn Arrow/Signal,Queens,61 STREET,METROPOLITAN AVENUE,,Engineering Study Completed     (Signals Engineering),included,Legacy curated QCB5 signal-study input. Signal Studies lack a community-board field and source coordinates; inclusion was carried forward from prior street-name curation and still needs row-level human review.,needs_human_review,True,
193,output/data_cb5_signal_studies.csv,be0fd09f0e485086515de5e656adc397a8357903e4af2cfaf82a18e51c5c5a13,data_raw/signal_studies_citywide.csv,matched,1,be0fd09f0e485086515de5e656adc397a8357903e4af2cfaf82a18e51c5c5a13,Matched committed raw Signal Studies snapshot by id and referencenumber.,CQ23-0611,188021,2023-03-08T00:00:00.000,Traffic Signal,Queens,MYRTLE AVENUE,72 PLACE,,Study Request Denial,included,Legacy curated QCB5 signal-study input. Signal Studies lack a community-board field and source coordinates; inclusion was carried forward from prior street-name curation and still needs row-level human review.,needs_human_review,True,
194,output/data_cb5_signal_studies.csv,e67b4d2149a3d4ddf735d79a6681f8ea20996af983a185677f41e37922a47ccc,data_raw/signal_studies_citywide.csv,matched,1,e67b4d2149a3d4ddf735d79a6681f8ea20996af983a185677f41e37922a47ccc,Matched committed raw Signal Studies snapshot by id and referencenumber.,CQ23-0570B,187980,2023-02-16T00:00:00.000,Leading Pedestrian Interval,Queens,57 AVENUE,74 STREET,,Engineering Study Completed     (Signals Engineering),included,Legacy curated QCB5 signal-study input. Signal Studies lack a community-board field and source coordinates; inclusion was carried forward from prior street-name curation and still needs row-level human review.,needs_human_review,True,
195,output/data_cb5_signal_studies.csv,8d4770095e40680ff3863cafa7c10b959f20aa9d878119623f3b8ac07f787664,data_raw/signal_studies_citywide.csv,matched,1,8d4770095e40680ff3863cafa7c10b959f20aa9d878119623f3b8ac07f787664,Matched committed raw Signal Studies snapshot by id and referencenumber.,CQ23-0526,187936,2023-02-24T00:00:00.000,All-Way Stop,Queens,WOODWARD AVENUE,PALMETTO STREET,,A/W Approval,included,Legacy curated QCB5 signal-study input. Signal Studies lack a community-board field and source coordinates; inclusion was carried forward from prior street-name curation and still needs row-level human review.,needs_human_review,True,
196,output/data_cb5_signal_studies.csv,66b451a36b368e13916ab560b5f6735e9bf59bf0f6b3e39a1fb1998c8535fd0b,data_raw/signal_studies_citywide.csv,matched,1,66b451a36b368e13916ab560b5f6735e9bf59bf0f6b3e39a1fb1998c8535fd0b,Matched committed raw Signal Studies snapshot by id and referencenumber.,CQ23-0517,187927,2023-02-21T00:00:00.000,All-Way Stop,Queens,68 AVENUE,64 PLACE,,Study Request Denial,included,Legacy curated QCB5 signal-study input. Signal Studies lack a community-board field and source coordinates; inclusion was carried forward from prior street-name curation and still needs row-level human review.,needs_human_review,True,
197,output/data_cb5_signal_studies.csv,5a4dc924d70551f6229f7856de40247126bd883ccdf53cfdf5a04fd3d1d7d3ef,data_raw/signal_studies_citywide.csv,matched,1,5a4dc924d70551f6229f7856de40247126bd883ccdf53cfdf5a04fd3d1d7d3ef,Matched committed raw Signal Studies snapshot by id and referencenumber.,CQ23-0515,187925,2023-02-22T00:00:00.000,All-Way Stop,Queens,71 PLACE,COOPER AVENUE,,Study Request Denial,included,Legacy curated QCB5 signal-study input. Signal Studies lack a community-board field and source coordinates; inclusion was carried forward from prior street-name curation and still needs row-level human review.,needs_human_review,True,
198,output/data_cb5_signal_studies.csv,ce00680eef09e0149a76ffda4d0f39cee145388b34220acdd848118100c502e5,data_raw/signal_studies_citywide.csv,matched,1,ce00680eef09e0149a76ffda4d0f39cee145388b34220acdd848118100c502e5,Matched committed raw Signal Studies snapshot by id and referencenumber.,CQ23-0477,187887,2023-02-16T00:00:00.000,All-Way Stop,Queens,68 ROAD,60 STREET,,Study Request Denial,included,Legacy curated QCB5 signal-study input. Signal Studies lack a community-board field and source coordinates; inclusion was carried forward from prior street-name curation and still needs row-level human review.,needs_human_review,True,
199,output/data_cb5_signal_studies.csv,af2e81bbf017b64317638a465fc5b903f1318f00f8eb24c910a91a8dcbedb5e4,data_raw/signal_studies_citywide.csv,matched,1,af2e81bbf017b64317638a465fc5b903f1318f00f8eb24c910a91a8dcbedb5e4,Matched committed raw Signal Studies snapshot by id and referencenumber.,CQ23-0471B,187881,2023-02-09T00:00:00.000,Leading Pedestrian Interval,Queens,CALDWELL AVENUE,ELIOT AVENUE,82 STREET,Engineering Study Completed     (Signals Engineering),included,Legacy curated QCB5 signal-study input. Signal Studies lack a community-board field and source coordinates; inclusion was carried forward from prior street-name curation and still needs row-level human review.,needs_human_review,True,
200,output/data_cb5_signal_studies.csv,b59da30513bb00c5973e5a8b1bbfac46fd83b61a29ca1fe6504c158c787ad019,data_raw/signal_studies_citywide.csv,matched,1,b59da30513bb00c5973e5a8b1bbfac46fd83b61a29ca1fe6504c158c787ad019,Matched committed raw Signal Studies snapshot by id and referencenumber.,CQ23-0442,187852,2023-02-10T00:00:00.000,All-Way Stop,Queens,OTTO ROAD,68 PLACE,,Study Request Denial,included,Legacy curated QCB5 signal-study input. Signal Studies lack a community-board field and source coordinates; inclusion was carried forward from prior street-name curation and still needs row-level human review.,needs_human_review,True,
201,output/data_cb5_signal_studies.csv,d939c4d303254a77a834c9ec2ad94470e1aa2514e48dcaa0a672f0620789a55b,data_raw/signal_studies_citywide.csv,matched,1,d939c4d303254a77a834c9ec2ad94470e1aa2514e48dcaa0a672f0620789a55b,Matched committed raw Signal Studies snapshot by id and referencenumber.,CQ23-0441,187851,2023-02-10T00:00:00.000,All-Way Stop,Queens,75 STREET,78 AVENUE,,A/W Approval,included,Legacy curated QCB5 signal-study input. Signal Studies lack a community-board field and source coordinates; inclusion was carried forward from prior street-name curation and still needs row-level human review.,needs_human_review,True,
202,output/data_cb5_signal_studies.csv,ca015be906f2f934608a8b2e2e2fa4ad990e696c9dc6b88fe404df6aa79f28ad,data_raw/signal_studies_citywide.csv,matched,1,ca015be906f2f934608a8b2e2e2fa4ad990e696c9dc6b88fe404df6aa79f28ad,Matched committed raw Signal Studies snapshot by id and referencenumber.,CQ23-0429B,187839,2023-02-06T00:00:00.000,Traffic Signal,Queens,BORDEN AVENUE,69 STREET,BORDEN AVENUE,Engineering Study Completed     (Signals Engineering),included,Legacy curated QCB5 signal-study input. Signal Studies lack a community-board field and source coordinates; inclusion was carried forward from prior street-name curation and still needs row-level human review.,needs_human_review,True,
203,output/data_cb5_signal_studies.csv,447940f2d2e5ffc99b073aeb7f4570321727457171bbaa4d94c2e5904a0cde48,data_raw/signal_studies_citywide.csv,matched,1,447940f2d2e5ffc99b073aeb7f4570321727457171bbaa4d94c2e5904a0cde48,Matched committed raw Signal Studies snapshot by id and referencenumber.,CQ23-0416,187826,2023-02-09T00:00:00.000,All-Way Stop,Queens,COOPER AVENUE,68 STREET,,Study Request Denial,included,Legacy curated QCB5 signal-study input. Signal Studies lack a community-board field and source coordinates; inclusion was carried forward from prior street-name curation and still needs row-level human review.,needs_human_review,True,
204,output/data_cb5_signal_studies.csv,ae3cb0611cf11e7cbdd235acd7ccd4ade8218ded7cff565845814ce411338b08,data_raw/signal_studies_citywide.csv,matched,1,ae3cb0611cf11e7cbdd235acd7ccd4ade8218ded7cff565845814ce411338b08,Matched committed raw Signal Studies snapshot by id and referencenumber.,CQ23-0412,187822,2023-02-09T00:00:00.000,Traffic Signal,Queens,54 STREET,GRAND AVENUE,,Study Request Denial,included,Legacy curated QCB5 signal-study input. Signal Studies lack a community-board field and source coordinates; inclusion was carried forward from prior street-name curation and still needs row-level human review.,needs_human_review,True,
205,output/data_cb5_signal_studies.csv,f6c6fd2ff01d536f408d4cfd92a99511e3a7b4598acd31ff39c3d62a56697509,data_raw/signal_studies_citywide.csv,matched,1,f6c6fd2ff01d536f408d4cfd92a99511e3a7b4598acd31ff39c3d62a56697509,Matched committed raw Signal Studies snapshot by id and referencenumber.,CQ23-0399,187809,2023-02-08T00:00:00.000,Traffic Signal,Queens,77 STREET,62 AVENUE,LORRAINE SCIULLI WAY,Study Request Denial,included,Legacy curated QCB5 signal-study input. Signal Studies lack a community-board field and source coordinates; inclusion was carried forward from prior street-name curation and still needs row-level human review.,needs_human_review,True,
206,output/data_cb5_signal_studies.csv,d10ee25367af702b17b237ce80370f2dea55c9e987dd7d81cdff80f25257550e,data_raw/signal_studies_citywide.csv,matched,1,d10ee25367af702b17b237ce80370f2dea55c9e987dd7d81cdff80f25257550e,Matched committed raw Signal Studies snapshot by id and referencenumber.,CQ23-0344,187754,2023-01-31T00:00:00.000,Traffic Signal,Queens,WOODWARD AVENUE,GATES AVENUE,,Signal Approval,included,Legacy curated QCB5 signal-study input. Signal Studies lack a community-board field and source coordinates; inclusion was carried forward from prior street-name curation and still needs row-level human review.,needs_human_review,True,
207,output/data_cb5_signal_studies.csv,a9c3488487d1e1f1cf7b8652e46d9d514dc6160b76d2fb748961a68ae7b9a7f6,data_raw/signal_studies_citywide.csv,matched,1,a9c3488487d1e1f1cf7b8652e46d9d514dc6160b76d2fb748961a68ae7b9a7f6,Matched committed raw Signal Studies snapshot by id and referencenumber.,CQ23-0147,187557,2023-01-18T00:00:00.000,All-Way Stop,Queens,75 AVENUE,60 PLACE,,Study Request Denial,included,Legacy curated QCB5 signal-study input. Signal Studies lack a community-board field and source coordinates; inclusion was carried forward from prior street-name curation and still needs row-level human review.,needs_human_review,True,
208,output/data_cb5_signal_studies.csv,8cb6c58005678a15e284ea08e6f0a1b1915d09d8b4abef9b7373d856a704b032,data_raw/signal_studies_citywide.csv,matched,1,8cb6c58005678a15e284ea08e6f0a1b1915d09d8b4abef9b7373d856a704b032,Matched committed raw Signal Studies snapshot by id and referencenumber.,CQ23-0131B,187541,2023-01-06T00:00:00.000,Leading Pedestrian Interval,Queens,70 STREET,CENTRAL AVENUE,,Engineering Study Completed     (Signals Engineering),included,Legacy curated QCB5 signal-study input. Signal Studies lack a community-board field and source coordinates; inclusion was carried forward from prior street-name curation and still needs row-level human review.,needs_human_review,True,
209,output/data_cb5_signal_studies.csv,6a9df7409b2855c53a1a050fcf618220618fc84079b52c10029e1448611e9dae,data_raw/signal_studies_citywide.csv,matched,1,6a9df7409b2855c53a1a050fcf618220618fc84079b52c10029e1448611e9dae,Matched committed raw Signal Studies snapshot by id and referencenumber.,CQ23-0081,187491,2023-01-11T00:00:00.000,All-Way Stop,Queens,PENELOPE AVENUE,72 STREET,,Study Request Denial,included,Legacy curated QCB5 signal-study input. Signal Studies lack a community-board field and source coordinates; inclusion was carried forward from prior street-name curation and still needs row-level human review.,needs_human_review,True,
210,output/data_cb5_signal_studies.csv,3f579d09f3642546eda471ad70fcc48343813140a5e686a88a9553ddf6005aeb,data_raw/signal_studies_citywide.csv,matched,1,3f579d09f3642546eda471ad70fcc48343813140a5e686a88a9553ddf6005aeb,Matched committed raw Signal Studies snapshot by id and referencenumber.,CQ23-0075,187485,2023-01-10T00:00:00.000,All-Way Stop,Queens,WOODWARD AVENUE,CATALPA AVENUE,,Study Request Denial,included,Legacy curated QCB5 signal-study input. Signal Studies lack a community-board field and source coordinates; inclusion was carried forward from prior street-name curation and still needs row-level human review.,needs_human_review,True,
211,output/data_cb5_signal_studies.csv,6bcde78bb3bf27e891a007a5ed49d3f034f6ea3cf8cdc023fb081831eaf2b72d,data_raw/signal_studies_citywide.csv,matched,1,6bcde78bb3bf27e891a007a5ed49d3f034f6ea3cf8cdc023fb081831eaf2b72d,Matched committed raw Signal Studies snapshot by id and referencenumber.,CQ23-0066B,187476,2023-01-03T00:00:00.000,Traffic Signal,Queens,GRAND AVENUE,BORDEN AVENUE,BORDEN AVENUE,Engineering Study Completed     (Signals Engineering),included,Legacy curated QCB5 signal-study input. Signal Studies lack a community-board field and source coordinates; inclusion was carried forward from prior street-name curation and still needs row-level human review.,needs_human_review,True,
212,output/data_cb5_signal_studies.csv,8b5e1e760ac5045326862a4fa01adc48648a67ece6928472f5388469f28486f0,data_raw/signal_studies_citywide.csv,matched,1,8b5e1e760ac5045326862a4fa01adc48648a67ece6928472f5388469f28486f0,Matched committed raw Signal Studies snapshot by id and referencenumber.,CQ23-0002,187412,2022-12-29T00:00:00.000,All-Way Stop,Queens,61 STREET,60 LANE,,Study Request Denial,included,Legacy curated QCB5 signal-study input. Signal Studies lack a community-board field and source coordinates; inclusion was carried forward from prior street-name curation and still needs row-level human review.,needs_human_review,True,
213,output/data_cb5_signal_studies.csv,1324b7020df7d663af7e4050024a35b9592068708da75b288810f0d3e54f4e08,data_raw/signal_studies_citywide.csv,matched,1,1324b7020df7d663af7e4050024a35b9592068708da75b288810f0d3e54f4e08,Matched committed raw Signal Studies snapshot by id and referencenumber.,CQ22-3653,187387,2022-12-21T00:00:00.000,Traffic Signal,Queens,84 STREET,DRY HARBOR ROAD,62 AVENUE,A/W Approval,included,Legacy curated QCB5 signal-study input. Signal Studies lack a community-board field and source coordinates; inclusion was carried forward from prior street-name curation and still needs row-level human review.,needs_human_review,True,
214,output/data_cb5_signal_studies.csv,69f3cb16e599557f9b776c57b1f8acb3b60eaa64ca3f9b663cda57524039bae5,data_raw/signal_studies_citywide.csv,matched,1,69f3cb16e599557f9b776c57b1f8acb3b60eaa64ca3f9b663cda57524039bae5,Matched committed raw Signal Studies snapshot by id and referencenumber.,CQ22-3590,187324,2022-12-13T00:00:00.000,All-Way Stop,Queens,84 STREET,63 AVENUE,,Study Request Denial,included,Legacy curated QCB5 signal-study input. Signal Studies lack a community-board field and source coordinates; inclusion was carried forward from prior street-name curation and still needs row-level human review.,needs_human_review,True,
215,output/data_cb5_signal_studies.csv,8e716cd6841088445863c2d6ccee065e2381ab3ee5d75035e54e0e0b9f3f06fb,data_raw/signal_studies_citywide.csv,matched,1,8e716cd6841088445863c2d6ccee065e2381ab3ee5d75035e54e0e0b9f3f06fb,Matched committed raw Signal Studies snapshot by id and referencenumber.,CQ22-3572,187306,2022-12-08T00:00:00.000,Traffic Signal,Queens,76 STREET,JUNIPER BOULEVARD NORTH,,Study Request Denial,included,Legacy curated QCB5 signal-study input. Signal Studies lack a community-board field and source coordinates; inclusion was carried forward from prior street-name curation and still needs row-level human review.,needs_human_review,True,
216,output/data_cb5_signal_studies.csv,def8786f3668cc1610af01186e494ba9c81930f0c644e4185486999cad2c21d0,data_raw/signal_studies_citywide.csv,matched,1,def8786f3668cc1610af01186e494ba9c81930f0c644e4185486999cad2c21d0,Matched committed raw Signal Studies snapshot by id and referencenumber.,CQ22-3568,187302,2022-12-08T00:00:00.000,Traffic Signal,Queens,75 PLACE,JUNIPER BOULEVARD NORTH,,Study Request Denial,included,Legacy curated QCB5 signal-study input. Signal Studies lack a community-board field and source coordinates; inclusion was carried forward from prior street-name curation and still needs row-level human review.,needs_human_review,True,
217,output/data_cb5_signal_studies.csv,6940c0b5ecb6edcafead301fce5843532b3bf9beed410afe2da1a278907e6875,data_raw/signal_studies_citywide.csv,matched,1,6940c0b5ecb6edcafead301fce5843532b3bf9beed410afe2da1a278907e6875,Matched committed raw Signal Studies snapshot by id and referencenumber.,CQ22-3561,187295,2022-12-09T00:00:00.000,Traffic Signal,Queens,69 STREET,60 ROAD,,Study Request Denial,included,Legacy curated QCB5 signal-study input. Signal Studies lack a community-board field and source coordinates; inclusion was carried forward from prior street-name curation and still needs row-level human review.,needs_human_review,True,
218,output/data_cb5_signal_studies.csv,22f5a310b97cce1c11c39e0c0b9cd2efd999e7a18bfa98b97b7754f923a188cc,data_raw/signal_studies_citywide.csv,matched,1,22f5a310b97cce1c11c39e0c0b9cd2efd999e7a18bfa98b97b7754f923a188cc,Matched committed raw Signal Studies snapshot by id and referencenumber.,CQ22-3501,187235,2022-11-30T00:00:00.000,Traffic Signal,Queens,69 STREET,60 AVENUE,,Study Request Denial,included,Legacy curated QCB5 signal-study input. Signal Studies lack a community-board field and source coordinates; inclusion was carried forward from prior street-name curation and still needs row-level human review.,needs_human_review,True,
219,output/data_cb5_signal_studies.csv,92033932960e9497fe59b0462c9edea8fbea3c28d17d44115078169ec5eae441,data_raw/signal_studies_citywide.csv,matched,1,92033932960e9497fe59b0462c9edea8fbea3c28d17d44115078169ec5eae441,Matched committed raw Signal Studies snapshot by id and referencenumber.,CQ22-3497B,187231,2022-11-29T00:00:00.000,Left Turn Arrow/Signal,Queens,73 AVENUE,WOODHAVEN BOULEVARD,,Engineering Study Completed     (Signals Engineering),included,Legacy curated QCB5 signal-study input. Signal Studies lack a community-board field and source coordinates; inclusion was carried forward from prior street-name curation and still needs row-level human review.,needs_human_review,True,
220,output/data_cb5_signal_studies.csv,00234ef96847ec343ceede2cdeef31a61397a9a4eb1284b9ee62671dcb2c6f0d,data_raw/signal_studies_citywide.csv,matched,1,00234ef96847ec343ceede2cdeef31a61397a9a4eb1284b9ee62671dcb2c6f0d,Matched committed raw Signal Studies snapshot by id and referencenumber.,CQ22-3484B,187218,2022-11-29T00:00:00.000,Leading Pedestrian Interval,Queens,69 STREET,BORDEN AVENUE,LONG ISLAND EXPRESSWAY,Engineering Study Completed     (Signals Engineering),included,Legacy curated QCB5 signal-study input. Signal Studies lack a community-board field and source coordinates; inclusion was carried forward from prior street-name curation and still needs row-level human review.,needs_human_review,True,
221,output/data_cb5_signal_studies.csv,bc7a5503301193f0c318febb18fc574dea1752243e90caba19a09b5b16588814,data_raw/signal_studies_citywide.csv,matched,1,bc7a5503301193f0c318febb18fc574dea1752243e90caba19a09b5b16588814,Matched committed raw Signal Studies snapshot by id and referencenumber.,CQ22-3427B,186166,2022-11-22T00:00:00.000,Left Turn Arrow/Signal,Queens,COOPER AVENUE,METROPOLITAN AVENUE,,Engineering Study Completed     (Signals Engineering),included,Legacy curated QCB5 signal-study input. Signal Studies lack a community-board field and source coordinates; inclusion was carried forward from prior street-name curation and still needs row-level human review.,needs_human_review,True,
222,output/data_cb5_signal_studies.csv,fb75e66b5996e24fc349db62ca9a4534eea02518d8834fa1e6e2dd525e7ebb41,data_raw/signal_studies_citywide.csv,matched,1,fb75e66b5996e24fc349db62ca9a4534eea02518d8834fa1e6e2dd525e7ebb41,Matched committed raw Signal Studies snapshot by id and referencenumber.,CQ22-3384B,186123,2022-11-21T00:00:00.000,Traffic Signal,Queens,MYRTLE AVENUE,CYPRESS HILLS STREET,,Engineering Study Completed     (Signals Engineering),included,Legacy curated QCB5 signal-study input. Signal Studies lack a community-board field and source coordinates; inclusion was carried forward from prior street-name curation and still needs row-level human review.,needs_human_review,True,
223,output/data_cb5_signal_studies.csv,cff0949e8f4deed9db64dab1b88d696b0273edd61033a123d892a953136e513b,data_raw/signal_studies_citywide.csv,matched,1,cff0949e8f4deed9db64dab1b88d696b0273edd61033a123d892a953136e513b,Matched committed raw Signal Studies snapshot by id and referencenumber.,CQ22-3370B,186109,2022-11-21T00:00:00.000,Leading Pedestrian Interval,Queens,78 AVENUE,80 STREET,,Engineering Study Completed     (Signals Engineering),included,Legacy curated QCB5 signal-study input. Signal Studies lack a community-board field and source coordinates; inclusion was carried forward from prior street-name curation and still needs row-level human review.,needs_human_review,True,
224,output/data_cb5_signal_studies.csv,5b3193419fdb80c73fa6a8d1b9950136add4759f5031fe36f2b831d7ce6427f5,data_raw/signal_studies_citywide.csv,matched,1,5b3193419fdb80c73fa6a8d1b9950136add4759f5031fe36f2b831d7ce6427f5,Matched committed raw Signal Studies snapshot by id and referencenumber.,CQ22-3350,186089,2022-11-01T00:00:00.000,All-Way Stop,Queens,62 AVENUE,56 STREET,,Study Request Denial,included,Legacy curated QCB5 signal-study input. Signal Studies lack a community-board field and source coordinates; inclusion was carried forward from prior street-name curation and still needs row-level human review.,needs_human_review,True,
225,output/data_cb5_signal_studies.csv,1387590d94f1571cd5a2f5b0aa29a18c79d778f403d20d251226c589c9cb9217,data_raw/signal_studies_citywide.csv,matched,1,1387590d94f1571cd5a2f5b0aa29a18c79d778f403d20d251226c589c9cb9217,Matched committed raw Signal Studies snapshot by id and referencenumber.,CQ22-3347,186086,2022-11-16T00:00:00.000,All-Way Stop,Queens,65 STREET,SHALER AVENUE,,A/W Approval,included,Legacy curated QCB5 signal-study input. Signal Studies lack a community-board field and source coordinates; inclusion was carried forward from prior street-name curation and still needs row-level human review.,needs_human_review,True,
226,output/data_cb5_signal_studies.csv,771c6a23c6eca119903eed82b71b817f81a41491c3605dfc100b9bc7c53e6b6f,data_raw/signal_studies_citywide.csv,matched,1,771c6a23c6eca119903eed82b71b817f81a41491c3605dfc100b9bc7c53e6b6f,Matched committed raw Signal Studies snapshot by id and referencenumber.,CQ22-3326,186065,2022-11-15T00:00:00.000,Traffic Signal,Queens,CYPRESS HILLS STREET,70 AVENUE,,Study Request Denial,included,Legacy curated QCB5 signal-study input. Signal Studies lack a community-board field and source coordinates; inclusion was carried forward from prior street-name curation and still needs row-level human review.,needs_human_review,True,
227,output/data_cb5_signal_studies.csv,c087d1b053ea96fd6c45508db7364d6dd8721d4958efce2970997914a28096b4,data_raw/signal_studies_citywide.csv,matched,1,c087d1b053ea96fd6c45508db7364d6dd8721d4958efce2970997914a28096b4,Matched committed raw Signal Studies snapshot by id and referencenumber.,CQ22-3289,186028,2022-11-10T00:00:00.000,All-Way Stop,Queens,DANA COURT,84 PLACE,,Study Request Denial,included,Legacy curated QCB5 signal-study input. Signal Studies lack a community-board field and source coordinates; inclusion was carried forward from prior street-name curation and still needs row-level human review.,needs_human_review,True,
228,output/data_cb5_signal_studies.csv,c047f52498d129f2b94aa4d0e6b5b1a960894761940633322e0606690ee06f24,data_raw/signal_studies_citywide.csv,matched,1,c047f52498d129f2b94aa4d0e6b5b1a960894761940633322e0606690ee06f24,Matched committed raw Signal Studies snapshot by id and referencenumber.,CQ22-3244,185983,2022-11-03T00:00:00.000,Traffic Signal,Queens,CALDWELL AVENUE,71 STREET,,Study Request Denial,included,Legacy curated QCB5 signal-study input. Signal Studies lack a community-board field and source coordinates; inclusion was carried forward from prior street-name curation and still needs row-level human review.,needs_human_review,True,
229,output/data_cb5_signal_studies.csv,d1e9ef53ce11a569c6d2698739dbf8d9aa7e50f848dc2960e1b7de880a54ced7,data_raw/signal_studies_citywide.csv,matched,1,d1e9ef53ce11a569c6d2698739dbf8d9aa7e50f848dc2960e1b7de880a54ced7,Matched committed raw Signal Studies snapshot by id and referencenumber.,CQ22-3242,185981,2022-11-03T00:00:00.000,Traffic Signal,Queens,56 ROAD,60 STREET,,A/W Approval,included,Legacy curated QCB5 signal-study input. Signal Studies lack a community-board field and source coordinates; inclusion was carried forward from prior street-name curation and still needs row-level human review.,needs_human_review,True,
230,output/data_cb5_signal_studies.csv,2bd8aa2d874d7d0e854914efa823f5434b9917921b5dc27f915e7a9518672ffa,data_raw/signal_studies_citywide.csv,matched,1,2bd8aa2d874d7d0e854914efa823f5434b9917921b5dc27f915e7a9518672ffa,Matched committed raw Signal Studies snapshot by id and referencenumber.,CQ22-3237,185976,2022-11-02T00:00:00.000,Traffic Signal,Queens,GRANDVIEW AVENUE,RENE COURT,,Study Request Denial,included,Legacy curated QCB5 signal-study input. Signal Studies lack a community-board field and source coordinates; inclusion was carried forward from prior street-name curation and still needs row-level human review.,needs_human_review,True,
231,output/data_cb5_signal_studies.csv,b583d4ad68608deb9466ae054881078aab214d949a0ff0b245cd79dc3bfb707c,data_raw/signal_studies_citywide.csv,matched,1,b583d4ad68608deb9466ae054881078aab214d949a0ff0b245cd79dc3bfb707c,Matched committed raw Signal Studies snapshot by id and referencenumber.,CQ22-3213B,185952,2022-10-24T00:00:00.000,Traffic Signal,Queens,MYRTLE AVENUE,ST NICHOLAS AVENUE,,Engineering Study Completed     (Signals Engineering),included,Legacy curated QCB5 signal-study input. Signal Studies lack a community-board field and source coordinates; inclusion was carried forward from prior street-name curation and still needs row-level human review.,needs_human_review,True,
232,output/data_cb5_signal_studies.csv,dfb7ba79a5b439ec5351b26de3522727a6c6929256f4566e057b40eec148265f,data_raw/signal_studies_citywide.csv,matched,1,dfb7ba79a5b439ec5351b26de3522727a6c6929256f4566e057b40eec148265f,Matched committed raw Signal Studies snapshot by id and referencenumber.,CQ22-3042,185781,2022-10-13T00:00:00.000,Traffic Signal,Queens,74 STREET,CALAMUS AVENUE,,Study Request Denial,included,Legacy curated QCB5 signal-study input. Signal Studies lack a community-board field and source coordinates; inclusion was carried forward from prior street-name curation and still needs row-level human review.,needs_human_review,True,
233,output/data_cb5_signal_studies.csv,9d1038136a13a3afbb58ca2911a8106334bfc28332a1e001833c83a85ccefaa1,data_raw/signal_studies_citywide.csv,matched,1,9d1038136a13a3afbb58ca2911a8106334bfc28332a1e001833c83a85ccefaa1,Matched committed raw Signal Studies snapshot by id and referencenumber.,CQ22-2925,185664,2022-10-04T00:00:00.000,All-Way Stop,Queens,JUNIPER VALLEY ROAD,77 PLACE,,Study Request Denial,included,Legacy curated QCB5 signal-study input. Signal Studies lack a community-board field and source coordinates; inclusion was carried forward from prior street-name curation and still needs row-level human review.,needs_human_review,True,
234,output/data_cb5_signal_studies.csv,4a7885fc6bea5738035463e35d53246adcc099198aefbd80f349bb6259fd163b,data_raw/signal_studies_citywide.csv,matched,1,4a7885fc6bea5738035463e35d53246adcc099198aefbd80f349bb6259fd163b,Matched committed raw Signal Studies snapshot by id and referencenumber.,CQ22-2924,185663,2022-10-04T00:00:00.000,All-Way Stop,Queens,JUNIPER VALLEY ROAD,79 PLACE,,Study Request Denial,included,Legacy curated QCB5 signal-study input. Signal Studies lack a community-board field and source coordinates; inclusion was carried forward from prior street-name curation and still needs row-level human review.,needs_human_review,True,
235,output/data_cb5_signal_studies.csv,f26ed9c8b85ee217e4ea65c94d829f64634daacaadf34fa0e54e79a1928fdebc,data_raw/signal_studies_citywide.csv,matched,1,f26ed9c8b85ee217e4ea65c94d829f64634daacaadf34fa0e54e79a1928fdebc,Matched committed raw Signal Studies snapshot by id and referencenumber.,CQ22-2869,185608,2022-09-29T00:00:00.000,All-Way Stop,Queens,78 STREET,FURMANVILLE AVENUE,,Study Request Denial,included,Legacy curated QCB5 signal-study input. Signal Studies lack a community-board field and source coordinates; inclusion was carried forward from prior street-name curation and still needs row-level human review.,needs_human_review,True,
236,output/data_cb5_signal_studies.csv,f195f836c59542140ae506a4172e540c3ed0de82d01ddeb53b87a598540dd164,data_raw/signal_studies_citywide.csv,matched,1,f195f836c59542140ae506a4172e540c3ed0de82d01ddeb53b87a598540dd164,Matched committed raw Signal Studies snapshot by id and referencenumber.,CQ22-2865B,185604,2022-09-27T00:00:00.000,Traffic Signal,Queens,ELIOT AVENUE,69 STREET,,Engineering Study Completed     (Signals Engineering),included,Legacy curated QCB5 signal-study input. Signal Studies lack a community-board field and source coordinates; inclusion was carried forward from prior street-name curation and still needs row-level human review.,needs_human_review,True,
237,output/data_cb5_signal_studies.csv,a8969082b06e99feebb0db9bfdc9557925829194caeeae07a4cfb5714a6e3560,data_raw/signal_studies_citywide.csv,matched,1,a8969082b06e99feebb0db9bfdc9557925829194caeeae07a4cfb5714a6e3560,Matched committed raw Signal Studies snapshot by id and referencenumber.,CQ22-2741,182509,2022-09-14T00:00:00.000,All-Way Stop,Queens,60 STREET,60 AVENUE,,A/W Approval,included,Legacy curated QCB5 signal-study input. Signal Studies lack a community-board field and source coordinates; inclusion was carried forward from prior street-name curation and still needs row-level human review.,needs_human_review,True,
238,output/data_cb5_signal_studies.csv,f6399a3f4d9fa6e7ae8186c3d33151586f37d495bf08eab0ce54b080596a0b47,data_raw/signal_studies_citywide.csv,matched,1,f6399a3f4d9fa6e7ae8186c3d33151586f37d495bf08eab0ce54b080596a0b47,Matched committed raw Signal Studies snapshot by id and referencenumber.,CQ22-2724,182492,2022-09-14T00:00:00.000,All-Way Stop,Queens,60 STREET,60 DRIVE,,Study Request Denial,included,Legacy curated QCB5 signal-study input. Signal Studies lack a community-board field and source coordinates; inclusion was carried forward from prior street-name curation and still needs row-level human review.,needs_human_review,True,
239,output/data_cb5_signal_studies.csv,e2be5bf80cd2746e21616fa6e1d003498882bc2580aa4082cf6cecd6430f19bb,data_raw/signal_studies_citywide.csv,matched,1,e2be5bf80cd2746e21616fa6e1d003498882bc2580aa4082cf6cecd6430f19bb,Matched committed raw Signal Studies snapshot by id and referencenumber.,CQ22-2698,182466,2022-09-14T00:00:00.000,All-Way Stop,Queens,JUNIPER VALLEY ROAD,75 STREET,,Study Request Denial,included,Legacy curated QCB5 signal-study input. Signal Studies lack a community-board field and source coordinates; inclusion was carried forward from prior street-name curation and still needs row-level human review.,needs_human_review,True,
240,output/data_cb5_signal_studies.csv,211a8106ab5bd8c3965d8e2e46f3833347f61c454c9409692f45ab42a59c7a9c,data_raw/signal_studies_citywide.csv,matched,1,211a8106ab5bd8c3965d8e2e46f3833347f61c454c9409692f45ab42a59c7a9c,Matched committed raw Signal Studies snapshot by id and referencenumber.,CQ22-2604B,182372,2022-09-06T00:00:00.000,Traffic Signal,Queens,METROPOLITAN AVENUE,FLUSHING AVENUE,,Engineering Study Completed     (Signals Engineering),included,Legacy curated QCB5 signal-study input. Signal Studies lack a community-board field and source coordinates; inclusion was carried forward from prior street-name curation and still needs row-level human review.,needs_human_review,True,
241,output/data_cb5_signal_studies.csv,999c76b55a387d8a00029de37ad53faf69279bd365ba89547f970fe113deb7ef,data_raw/signal_studies_citywide.csv,matched,1,999c76b55a387d8a00029de37ad53faf69279bd365ba89547f970fe113deb7ef,Matched committed raw Signal Studies snapshot by id and referencenumber.,CQ22-2603B,182371,2022-09-06T00:00:00.000,Traffic Signal,Queens,METROPOLITAN AVENUE,FLUSHING AVENUE,,Engineering Study Completed     (Signals Engineering),included,Legacy curated QCB5 signal-study input. Signal Studies lack a community-board field and source coordinates; inclusion was carried forward from prior street-name curation and still needs row-level human review.,needs_human_review,True,
242,output/data_cb5_signal_studies.csv,6ef0b4f005208f6c0eaea7f64554bb06b6ed1e052e4117d8b1276c4bae0906fc,data_raw/signal_studies_citywide.csv,matched,1,6ef0b4f005208f6c0eaea7f64554bb06b6ed1e052e4117d8b1276c4bae0906fc,Matched committed raw Signal Studies snapshot by id and referencenumber.,CQ22-2602B,182370,2022-09-06T00:00:00.000,Traffic Signal,Queens,METROPOLITAN AVENUE,FLUSHING AVENUE,,Engineering Study Completed     (Signals Engineering),included,Legacy curated QCB5 signal-study input. Signal Studies lack a community-board field and source coordinates; inclusion was carried forward from prior street-name curation and still needs row-level human review.,needs_human_review,True,
243,output/data_cb5_signal_studies.csv,d4f3787272456669d869070a3b760934bf0d0cf68c5d2da9d3ef7401fa95a51e,data_raw/signal_studies_citywide.csv,matched,1,d4f3787272456669d869070a3b760934bf0d0cf68c5d2da9d3ef7401fa95a51e,Matched committed raw Signal Studies snapshot by id and referencenumber.,CQ22-2601B,182369,2022-09-06T00:00:00.000,Traffic Signal,Queens,METROPOLITAN AVENUE,FLUSHING AVENUE,,Engineering Study Completed     (Signals Engineering),included,Legacy curated QCB5 signal-study input. Signal Studies lack a community-board field and source coordinates; inclusion was carried forward from prior street-name curation and still needs row-level human review.,needs_human_review,True,
244,output/data_cb5_signal_studies.csv,f55412eff90b3b706221f59d05f9239b372110763b8be7e4fcbfa4853f183be5,data_raw/signal_studies_citywide.csv,matched,1,f55412eff90b3b706221f59d05f9239b372110763b8be7e4fcbfa4853f183be5,Matched committed raw Signal Studies snapshot by id and referencenumber.,CQ22-2600B,182368,2022-09-06T00:00:00.000,Traffic Signal,Queens,METROPOLITAN AVENUE,FLUSHING AVENUE,,Engineering Study Completed     (Signals Engineering),included,Legacy curated QCB5 signal-study input. Signal Studies lack a community-board field and source coordinates; inclusion was carried forward from prior street-name curation and still needs row-level human review.,needs_human_review,True,
245,output/data_cb5_signal_studies.csv,792037d113bb25ef5397c6f55ad0e752cbb086f09e1b2f46b092bc441e40433c,data_raw/signal_studies_citywide.csv,matched,1,792037d113bb25ef5397c6f55ad0e752cbb086f09e1b2f46b092bc441e40433c,Matched committed raw Signal Studies snapshot by id and referencenumber.,CQ22-2569,182337,2022-08-19T00:00:00.000,Traffic Signal,Queens,MASPETH AVENUE,MAURICE AVENUE,58 STREET,Study Request Denial,included,Legacy curated QCB5 signal-study input. Signal Studies lack a community-board field and source coordinates; inclusion was carried forward from prior street-name curation and still needs row-level human review.,needs_human_review,True,
246,output/data_cb5_signal_studies.csv,c55a87c1943ba8a3c1d647b8b432154514e5ca6fbe61136f4ae4dc91cf1cebad,data_raw/signal_studies_citywide.csv,matched,1,c55a87c1943ba8a3c1d647b8b432154514e5ca6fbe61136f4ae4dc91cf1cebad,Matched committed raw Signal Studies snapshot by id and referencenumber.,CQ22-2383B,182151,2022-08-22T00:00:00.000,Left Turn Arrow/Signal,Queens,MYRTLE AVENUE,SENECA AVENUE,HANCOCK STREET,Engineering Study Completed     (Signals Engineering),included,Legacy curated QCB5 signal-study input. Signal Studies lack a community-board field and source coordinates; inclusion was carried forward from prior street-name curation and still needs row-level human review.,needs_human_review,True,
247,output/data_cb5_signal_studies.csv,fcf7d4d5ef744615c3ff97cbd85754550942bf676892000ac27101ece2093102,data_raw/signal_studies_citywide.csv,matched,1,fcf7d4d5ef744615c3ff97cbd85754550942bf676892000ac27101ece2093102,Matched committed raw Signal Studies snapshot by id and referencenumber.,CQ22-2381B,182149,2022-08-22T00:00:00.000,Left Turn Arrow/Signal,Queens,MYRTLE AVENUE,HANCOCK STREET,SENECA AVENUE,Engineering Study Completed     (Signals Engineering),included,Legacy curated QCB5 signal-study input. Signal Studies lack a community-board field and source coordinates; inclusion was carried forward from prior street-name curation and still needs row-level human review.,needs_human_review,True,
248,output/data_cb5_signal_studies.csv,300c49ba028b359a8de2994f9b8296f6c7f11d8df3ab6145f9374d19e44a27e1,data_raw/signal_studies_citywide.csv,matched,1,300c49ba028b359a8de2994f9b8296f6c7f11d8df3ab6145f9374d19e44a27e1,Matched committed raw Signal Studies snapshot by id and referencenumber.,CQ22-2358,182126,2022-08-17T00:00:00.000,Traffic Signal Removal,Queens,69 PLACE,CALDWELL AVENUE,,Study Request Denial,included,Legacy curated QCB5 signal-study input. Signal Studies lack a community-board field and source coordinates; inclusion was carried forward from prior street-name curation and still needs row-level human review.,needs_human_review,True,
249,output/data_cb5_signal_studies.csv,e72f6fc8e44147f461be367e2353d346e57482f83ef10e07472564367d6c5261,data_raw/signal_studies_citywide.csv,matched,1,e72f6fc8e44147f461be367e2353d346e57482f83ef10e07472564367d6c5261,Matched committed raw Signal Studies snapshot by id and referencenumber.,CQ22-2347B,182115,2022-08-15T00:00:00.000,Traffic Signal,Queens,PALMETTO STREET,FRESH POND ROAD,,Engineering Study Completed     (Signals Engineering),included,Legacy curated QCB5 signal-study input. Signal Studies lack a community-board field and source coordinates; inclusion was carried forward from prior street-name curation and still needs row-level human review.,needs_human_review,True,
250,output/data_cb5_signal_studies.csv,dd4cdee1003675985de5fb541790e44c8d264eed846cb18b9df6cb70e42c9f8c,data_raw/signal_studies_citywide.csv,matched,1,dd4cdee1003675985de5fb541790e44c8d264eed846cb18b9df6cb70e42c9f8c,Matched committed raw Signal Studies snapshot by id and referencenumber.,CQ22-2129,181872,2022-07-19T00:00:00.000,All-Way Stop,Queens,66 ROAD,78 STREET,,Study Request Denial,included,Legacy curated QCB5 signal-study input. Signal Studies lack a community-board field and source coordinates; inclusion was carried forward from prior street-name curation and still needs row-level human review.,needs_human_review,True,
251,output/data_cb5_signal_studies.csv,39adaf235ea3853480ae896f3cb03d30f6da33b31ec766154bd5f2877cd6b862,data_raw/signal_studies_citywide.csv,matched,1,39adaf235ea3853480ae896f3cb03d30f6da33b31ec766154bd5f2877cd6b862,Matched committed raw Signal Studies snapshot by id and referencenumber.,CQ22-2096,181839,2022-07-12T00:00:00.000,All-Way Stop,Queens,60 ROAD,59 PLACE,ANDREWS AVENUE,Study Request Denial,included,Legacy curated QCB5 signal-study input. Signal Studies lack a community-board field and source coordinates; inclusion was carried forward from prior street-name curation and still needs row-level human review.,needs_human_review,True,
252,output/data_cb5_signal_studies.csv,de473298e0298288215abbe56069bd565e7d41fa1ccd6cb893c3e9260ea9e402,data_raw/signal_studies_citywide.csv,matched,1,de473298e0298288215abbe56069bd565e7d41fa1ccd6cb893c3e9260ea9e402,Matched committed raw Signal Studies snapshot by id and referencenumber.,CQ22-1979APS,180723,2022-07-08T00:00:00.000,Accessible Pedestrian Signal,Queens,MAURICE AVENUE,TYLER AVENUE,,APS Ranking Completed; Awaiting Design,included,Legacy curated QCB5 signal-study input. Signal Studies lack a community-board field and source coordinates; inclusion was carried forward from prior street-name curation and still needs row-level human review.,needs_human_review,True,
253,output/data_cb5_signal_studies.csv,f98d5f7ac72d8c89cf3be320577f8d28b2b7ffe9d10316f02f3ad6fc3b6de07b,data_raw/signal_studies_citywide.csv,matched,1,f98d5f7ac72d8c89cf3be320577f8d28b2b7ffe9d10316f02f3ad6fc3b6de07b,Matched committed raw Signal Studies snapshot by id and referencenumber.,CQ22-1950,180694,2022-07-05T00:00:00.000,All-Way Stop,Queens,HIMROD STREET,FAIRVIEW AVENUE,,A/W Approval,included,Legacy curated QCB5 signal-study input. Signal Studies lack a community-board field and source coordinates; inclusion was carried forward from prior street-name curation and still needs row-level human review.,needs_human_review,True,
254,output/data_cb5_signal_studies.csv,43808192d2cd8d0dd1b5db3f69c8e9c988a3a9bbb989a8fe464f2c75083c9e18,data_raw/signal_studies_citywide.csv,matched,1,43808192d2cd8d0dd1b5db3f69c8e9c988a3a9bbb989a8fe464f2c75083c9e18,Matched committed raw Signal Studies snapshot by id and referencenumber.,CQ22-1923,180667,2022-06-30T00:00:00.000,All-Way Stop,Queens,70 STREET,52 AVENUE,,A/W Approval,included,Legacy curated QCB5 signal-study input. Signal Studies lack a community-board field and source coordinates; inclusion was carried forward from prior street-name curation and still needs row-level human review.,needs_human_review,True,
255,output/data_cb5_signal_studies.csv,31cffed68f39b1079107c7757b43c715c571984d27785bed1a782bdb8ee6fa4b,data_raw/signal_studies_citywide.csv,matched,1,31cffed68f39b1079107c7757b43c715c571984d27785bed1a782bdb8ee6fa4b,Matched committed raw Signal Studies snapshot by id and referencenumber.,CQ22-1863B,180607,2022-06-23T00:00:00.000,Traffic Signal,Queens,MASPETH AVENUE,GRAND AVENUE,64 STREET,Engineering Study Completed     (Signals Engineering),included,Legacy curated QCB5 signal-study input. Signal Studies lack a community-board field and source coordinates; inclusion was carried forward from prior street-name curation and still needs row-level human review.,needs_human_review,True,
256,output/data_cb5_signal_studies.csv,4ccded0e8d15bf2395b06566269e5cada07a702521d1ae74472527a2b8f75a0b,data_raw/signal_studies_citywide.csv,matched,1,4ccded0e8d15bf2395b06566269e5cada07a702521d1ae74472527a2b8f75a0b,Matched committed raw Signal Studies snapshot by id and referencenumber.,CQ22-1835,180579,2022-06-21T00:00:00.000,All-Way Stop,Queens,78 STREET,68 AVENUE,,Study Request Denial,included,Legacy curated QCB5 signal-study input. Signal Studies lack a community-board field and source coordinates; inclusion was carried forward from prior street-name curation and still needs row-level human review.,needs_human_review,True,
257,output/data_cb5_signal_studies.csv,b6344096034dacf3aa4817f1d93212033134b30eb5fcaba3789d039c0c324187,data_raw/signal_studies_citywide.csv,matched,1,b6344096034dacf3aa4817f1d93212033134b30eb5fcaba3789d039c0c324187,Matched committed raw Signal Studies snapshot by id and referencenumber.,CQ22-1778,179533,2022-06-14T00:00:00.000,Traffic Signal,Queens,FRESH POND ROAD,67 AVENUE,PUTNAM AVENUE,Study Request Denial,included,Legacy curated QCB5 signal-study input. Signal Studies lack a community-board field and source coordinates; inclusion was carried forward from prior street-name curation and still needs row-level human review.,needs_human_review,True,
258,output/data_cb5_signal_studies.csv,0623d8a6311b1927af75d74a7c22d337a38fc2fe6949476f2900910a8b108cfe,data_raw/signal_studies_citywide.csv,matched,1,0623d8a6311b1927af75d74a7c22d337a38fc2fe6949476f2900910a8b108cfe,Matched committed raw Signal Studies snapshot by id and referencenumber.,CQ22-1726,178499,2022-06-07T00:00:00.000,Traffic Signal,Queens,ELIOT AVENUE,76 STREET,KENNETH C LEDEE PLACE,Study Request Denial,included,Legacy curated QCB5 signal-study input. Signal Studies lack a community-board field and source coordinates; inclusion was carried forward from prior street-name curation and still needs row-level human review.,needs_human_review,True,
259,output/data_cb5_signal_studies.csv,1e8315b7b66563ccf1f4948f283bd5eb408a48aa2bbbc3c2edbac406be274f0a,data_raw/signal_studies_citywide.csv,matched,1,1e8315b7b66563ccf1f4948f283bd5eb408a48aa2bbbc3c2edbac406be274f0a,Matched committed raw Signal Studies snapshot by id and referencenumber.,CQ22-1673B,178446,2022-06-02T00:00:00.000,Left Turn Arrow/Signal,Queens,ELIOT AVENUE,69 STREET,,Engineering Study Completed     (Signals Engineering),included,Legacy curated QCB5 signal-study input. Signal Studies lack a community-board field and source coordinates; inclusion was carried forward from prior street-name curation and still needs row-level human review.,needs_human_review,True,
260,output/data_cb5_signal_studies.csv,65fc1609204389ac4a5e6080d67598e4f18ecd14f70f2af7b53252eed1d2a12c,data_raw/signal_studies_citywide.csv,matched,1,65fc1609204389ac4a5e6080d67598e4f18ecd14f70f2af7b53252eed1d2a12c,Matched committed raw Signal Studies snapshot by id and referencenumber.,CQ22-1605B,178378,2022-05-27T00:00:00.000,Traffic Signal,Queens,CYPRESS HILLS STREET,FRESH POND ROAD,,Engineering Study Completed     (Signals Engineering),included,Legacy curated QCB5 signal-study input. Signal Studies lack a community-board field and source coordinates; inclusion was carried forward from prior street-name curation and still needs row-level human review.,needs_human_review,True,
261,output/data_cb5_signal_studies.csv,3ff6932c47fcce1479d99c8fce92efcf7606e59bcd17b877b3bb25c331cd2ecc,data_raw/signal_studies_citywide.csv,matched,1,3ff6932c47fcce1479d99c8fce92efcf7606e59bcd17b877b3bb25c331cd2ecc,Matched committed raw Signal Studies snapshot by id and referencenumber.,CQ22-1598B,178371,2022-05-26T00:00:00.000,Traffic Signal,Queens,AUBREY AVENUE,METROPOLITAN AVENUE,,Engineering Study Completed     (Signals Engineering),included,Legacy curated QCB5 signal-study input. Signal Studies lack a community-board field and source coordinates; inclusion was carried forward from prior street-name curation and still needs row-level human review.,needs_human_review,True,
262,output/data_cb5_signal_studies.csv,9a257a2efc41a3ecc45997c235f0f4cdeaafcef616d279af45174766bdcc425b,data_raw/signal_studies_citywide.csv,matched,1,9a257a2efc41a3ecc45997c235f0f4cdeaafcef616d279af45174766bdcc425b,Matched committed raw Signal Studies snapshot by id and referencenumber.,CQ22-1551,178324,2022-05-20T00:00:00.000,All-Way Stop,Queens,59 ROAD,60 LANE,,Study Request Denial,included,Legacy curated QCB5 signal-study input. Signal Studies lack a community-board field and source coordinates; inclusion was carried forward from prior street-name curation and still needs row-level human review.,needs_human_review,True,
263,output/data_cb5_signal_studies.csv,2257b45b7f90053e64536057a66f3a05d0d6ffa2494b4ff5126a3614afda116a,data_raw/signal_studies_citywide.csv,matched,1,2257b45b7f90053e64536057a66f3a05d0d6ffa2494b4ff5126a3614afda116a,Matched committed raw Signal Studies snapshot by id and referencenumber.,CQ22-1495,178268,2022-05-17T00:00:00.000,All-Way Stop,Queens,PERRY AVENUE,HAMILTON PLACE,,Study Request Denial,included,Legacy curated QCB5 signal-study input. Signal Studies lack a community-board field and source coordinates; inclusion was carried forward from prior street-name curation and still needs row-level human review.,needs_human_review,True,
264,output/data_cb5_signal_studies.csv,c6eb738518f8d48b2b9ee545eacab313d29f6baba27a452343390037e2e19535,data_raw/signal_studies_citywide.csv,matched,1,c6eb738518f8d48b2b9ee545eacab313d29f6baba27a452343390037e2e19535,Matched committed raw Signal Studies snapshot by id and referencenumber.,CQ22-1455,176230,2022-05-16T00:00:00.000,Traffic Signal,Queens,STANHOPE STREET,FAIRVIEW AVENUE,,A/W Approval,included,Legacy curated QCB5 signal-study input. Signal Studies lack a community-board field and source coordinates; inclusion was carried forward from prior street-name curation and still needs row-level human review.,needs_human_review,True,
265,output/data_cb5_signal_studies.csv,dc92d594b4a5d8efc9cc04489a66bd24b75a0cb30fc15c5c913262529ecb3983,data_raw/signal_studies_citywide.csv,matched,1,dc92d594b4a5d8efc9cc04489a66bd24b75a0cb30fc15c5c913262529ecb3983,Matched committed raw Signal Studies snapshot by id and referencenumber.,CQ22-1442,176217,2022-05-09T00:00:00.000,All-Way Stop,Queens,78 STREET,69 ROAD,,Study Request Denial,included,Legacy curated QCB5 signal-study input. Signal Studies lack a community-board field and source coordinates; inclusion was carried forward from prior street-name curation and still needs row-level human review.,needs_human_review,True,
266,output/data_cb5_signal_studies.csv,7b418460b5dc0b71f16f3a0a1288c3ab404df475e16f353993d7046d2ebbf3df,data_raw/signal_studies_citywide.csv,matched,1,7b418460b5dc0b71f16f3a0a1288c3ab404df475e16f353993d7046d2ebbf3df,Matched committed raw Signal Studies snapshot by id and referencenumber.,CQ22-1429APS,176204,2022-05-12T00:00:00.000,Accessible Pedestrian Signal,Queens,GRANDVIEW AVENUE,AMORY COURT,,APS Ranking Completed; Awaiting Design,included,Legacy curated QCB5 signal-study input. Signal Studies lack a community-board field and source coordinates; inclusion was carried forward from prior street-name curation and still needs row-level human review.,needs_human_review,True,
267,output/data_cb5_signal_studies.csv,f28838ebeb73260d0a34e073d68a70fc00353a4e938a13711bff1055bd56e071,data_raw/signal_studies_citywide.csv,matched,1,f28838ebeb73260d0a34e073d68a70fc00353a4e938a13711bff1055bd56e071,Matched committed raw Signal Studies snapshot by id and referencenumber.,CQ22-1393B,176168,2022-05-09T00:00:00.000,Right Turn Arrow/Signal,Queens,FOREST AVENUE,SUMMERFIELD STREET,,Engineering Study Completed     (Signals Engineering),included,Legacy curated QCB5 signal-study input. Signal Studies lack a community-board field and source coordinates; inclusion was carried forward from prior street-name curation and still needs row-level human review.,needs_human_review,True,
268,output/data_cb5_signal_studies.csv,7fc94423193982b2669451696cc1b3aae7b9c121c1ce3329ad5fa2b43d516913,data_raw/signal_studies_citywide.csv,matched,1,7fc94423193982b2669451696cc1b3aae7b9c121c1ce3329ad5fa2b43d516913,Matched committed raw Signal Studies snapshot by id and referencenumber.,CQ22-1377,176152,2022-05-05T00:00:00.000,All-Way Stop,Queens,84 PLACE,PENELOPE AVENUE,,Study Request Denial,included,Legacy curated QCB5 signal-study input. Signal Studies lack a community-board field and source coordinates; inclusion was carried forward from prior street-name curation and still needs row-level human review.,needs_human_review,True,
269,output/data_cb5_signal_studies.csv,7f9fc5e2f5d88b442998ec32c774eed521d9b61440437de459ff72cdf263f724,data_raw/signal_studies_citywide.csv,matched,1,7f9fc5e2f5d88b442998ec32c774eed521d9b61440437de459ff72cdf263f724,Matched committed raw Signal Studies snapshot by id and referencenumber.,CQ22-1320,176095,2022-04-27T00:00:00.000,Traffic Signal,Queens,MAZEAU STREET,QUEENS MIDTOWN EXPRESSWAY,,Study Request Denial,included,Legacy curated QCB5 signal-study input. Signal Studies lack a community-board field and source coordinates; inclusion was carried forward from prior street-name curation and still needs row-level human review.,needs_human_review,True,
270,output/data_cb5_signal_studies.csv,5bc75a33b2c4d253fec30eb31c0aa5a38c4a84ef34b882afd2cb1d47489dd736,data_raw/signal_studies_citywide.csv,matched,1,5bc75a33b2c4d253fec30eb31c0aa5a38c4a84ef34b882afd2cb1d47489dd736,Matched committed raw Signal Studies snapshot by id and referencenumber.,CQ22-1319,176094,2022-04-27T00:00:00.000,Traffic Signal,Queens,58 ROAD,69 LANE,LONG ISLAND EXPRESSWAY,Study Request Denial,included,Legacy curated QCB5 signal-study input. Signal Studies lack a community-board field and source coordinates; inclusion was carried forward from prior street-name curation and still needs row-level human review.,needs_human_review,True,
271,output/data_cb5_signal_studies.csv,5d8db0c520beec7269931e2f9c40a0d331d5f92391137f2399d1c3436ddfc9ca,data_raw/signal_studies_citywide.csv,matched,1,5d8db0c520beec7269931e2f9c40a0d331d5f92391137f2399d1c3436ddfc9ca,Matched committed raw Signal Studies snapshot by id and referencenumber.,CQ22-1264B,176039,2022-04-26T00:00:00.000,Leading Pedestrian Interval,Queens,MYRTLE AVENUE,62 STREET,,Engineering Study Completed     (Signals Engineering),included,Legacy curated QCB5 signal-study input. Signal Studies lack a community-board field and source coordinates; inclusion was carried forward from prior street-name curation and still needs row-level human review.,needs_human_review,True,
272,output/data_cb5_signal_studies.csv,f12294560bacbc3848af957788c6df4c4de6938500b6d6dc24b863ae4c3ee209,data_raw/signal_studies_citywide.csv,matched,1,f12294560bacbc3848af957788c6df4c4de6938500b6d6dc24b863ae4c3ee209,Matched committed raw Signal Studies snapshot by id and referencenumber.,CQ22-1261B,176036,2022-04-26T00:00:00.000,Leading Pedestrian Interval,Queens,MYRTLE AVENUE,CENTRAL AVENUE,,Engineering Study Completed     (Signals Engineering),included,Legacy curated QCB5 signal-study input. Signal Studies lack a community-board field and source coordinates; inclusion was carried forward from prior street-name curation and still needs row-level human review.,needs_human_review,True,
273,output/data_cb5_signal_studies.csv,a9297d489f55de414a7b685eb5869853e1f9270f0e41e926e3b44f9edcf04bb7,data_raw/signal_studies_citywide.csv,matched,1,a9297d489f55de414a7b685eb5869853e1f9270f0e41e926e3b44f9edcf04bb7,Matched committed raw Signal Studies snapshot by id and referencenumber.,CQ22-1231,176006,2022-04-15T00:00:00.000,Traffic Signal,Queens,COOPER AVENUE,64 LANE,,Study Request Denial,included,Legacy curated QCB5 signal-study input. Signal Studies lack a community-board field and source coordinates; inclusion was carried forward from prior street-name curation and still needs row-level human review.,needs_human_review,True,
274,output/data_cb5_signal_studies.csv,af0b98f3b8e5a9a2440dee29cfce607669c8a71e44885a0110f98a61582297f3,data_raw/signal_studies_citywide.csv,matched,1,af0b98f3b8e5a9a2440dee29cfce607669c8a71e44885a0110f98a61582297f3,Matched committed raw Signal Studies snapshot by id and referencenumber.,CQ22-1228,176003,2022-04-27T00:00:00.000,Traffic Signal,Queens,69 PLACE,QUEENS MIDTOWN EXPRESSWAY,,Study Request Denial,included,Legacy curated QCB5 signal-study input. Signal Studies lack a community-board field and source coordinates; inclusion was carried forward from prior street-name curation and still needs row-level human review.,needs_human_review,True,
275,output/data_cb5_signal_studies.csv,8481fb3d145444a54d555b6f56903da7fcf124bef8a8bd28262723839f02ce86,data_raw/signal_studies_citywide.csv,matched,1,8481fb3d145444a54d555b6f56903da7fcf124bef8a8bd28262723839f02ce86,Matched committed raw Signal Studies snapshot by id and referencenumber.,CQ22-1173B,175948,2022-04-18T00:00:00.000,Traffic Signal,Queens,88 STREET,77 AVENUE,,Engineering Study Completed     (Signals Engineering),included,Legacy curated QCB5 signal-study input. Signal Studies lack a community-board field and source coordinates; inclusion was carried forward from prior street-name curation and still needs row-level human review.,needs_human_review,True,
276,output/data_cb5_signal_studies.csv,cc34a1e977570dc0fae35ffcdc6b049e9985a407d70ec2d1e762b42b4f939d6e,data_raw/signal_studies_citywide.csv,matched,1,cc34a1e977570dc0fae35ffcdc6b049e9985a407d70ec2d1e762b42b4f939d6e,Matched committed raw Signal Studies snapshot by id and referencenumber.,CQ22-1154,175929,2022-04-13T00:00:00.000,All-Way Stop,Queens,77 AVENUE,83 STREET,,Study Request Denial,included,Legacy curated QCB5 signal-study input. Signal Studies lack a community-board field and source coordinates; inclusion was carried forward from prior street-name curation and still needs row-level human review.,needs_human_review,True,
277,output/data_cb5_signal_studies.csv,7a7462258c53dbfe99e63f9d3c8f80b69d4d6fc34b394047fac4b87bebb4d9ee,data_raw/signal_studies_citywide.csv,matched,1,7a7462258c53dbfe99e63f9d3c8f80b69d4d6fc34b394047fac4b87bebb4d9ee,Matched committed raw Signal Studies snapshot by id and referencenumber.,CQ22-1153,175928,2022-04-13T00:00:00.000,All-Way Stop,Queens,77 AVENUE,82 STREET,,Study Request Denial,included,Legacy curated QCB5 signal-study input. Signal Studies lack a community-board field and source coordinates; inclusion was carried forward from prior street-name curation and still needs row-level human review.,needs_human_review,True,
278,output/data_cb5_signal_studies.csv,b708b8aa6d7d7e9e7de52208960501220d529e671725a7b48508d1bd0a3af8c5,data_raw/signal_studies_citywide.csv,matched,1,b708b8aa6d7d7e9e7de52208960501220d529e671725a7b48508d1bd0a3af8c5,Matched committed raw Signal Studies snapshot by id and referencenumber.,CQ22-1152,175927,2022-04-13T00:00:00.000,All-Way Stop,Queens,77 AVENUE,87 STREET,,Study Request Denial,included,Legacy curated QCB5 signal-study input. Signal Studies lack a community-board field and source coordinates; inclusion was carried forward from prior street-name curation and still needs row-level human review.,needs_human_review,True,
279,output/data_cb5_signal_studies.csv,2c083645a729f43e199e6daf245efcf8485a0455c0c959ae1a4925dc518da6f6,data_raw/signal_studies_citywide.csv,matched,1,2c083645a729f43e199e6daf245efcf8485a0455c0c959ae1a4925dc518da6f6,Matched committed raw Signal Studies snapshot by id and referencenumber.,CQ22-1151,175926,2022-04-13T00:00:00.000,All-Way Stop,Queens,77 AVENUE,86 STREET,,Study Request Denial,included,Legacy curated QCB5 signal-study input. Signal Studies lack a community-board field and source coordinates; inclusion was carried forward from prior street-name curation and still needs row-level human review.,needs_human_review,True,
280,output/data_cb5_signal_studies.csv,db43be5e1fc0170981cd4948e8d8a5ef6c19a2f191f314cc7992c9b13f6ae2aa,data_raw/signal_studies_citywide.csv,matched,1,db43be5e1fc0170981cd4948e8d8a5ef6c19a2f191f314cc7992c9b13f6ae2aa,Matched committed raw Signal Studies snapshot by id and referencenumber.,CQ22-1150,175925,2022-04-13T00:00:00.000,All-Way Stop,Queens,77 AVENUE,85 STREET,,Study Request Denial,included,Legacy curated QCB5 signal-study input. Signal Studies lack a community-board field and source coordinates; inclusion was carried forward from prior street-name curation and still needs row-level human review.,needs_human_review,True,
281,output/data_cb5_signal_studies.csv,754c0131cf5abc41d59687e41d03fd85b5afa8535c91a64552280a89514393d7,data_raw/signal_studies_citywide.csv,matched,1,754c0131cf5abc41d59687e41d03fd85b5afa8535c91a64552280a89514393d7,Matched committed raw Signal Studies snapshot by id and referencenumber.,CQ22-1149,175924,2022-04-13T00:00:00.000,All-Way Stop,Queens,77 AVENUE,81 STREET,,Study Request Denial,included,Legacy curated QCB5 signal-study input. Signal Studies lack a community-board field and source coordinates; inclusion was carried forward from prior street-name curation and still needs row-level human review.,needs_human_review,True,
282,output/data_cb5_signal_studies.csv,864c17ae20568b2b280ac5f1f91704423c1b950c892044b2c6307ee6fdbdc9be,data_raw/signal_studies_citywide.csv,matched,1,864c17ae20568b2b280ac5f1f91704423c1b950c892044b2c6307ee6fdbdc9be,Matched committed raw Signal Studies snapshot by id and referencenumber.,CQ22-1141,175916,2022-04-12T00:00:00.000,All-Way Stop,Queens,JUNIPER BOULEVARD NORTH,76 STREET,,Study Request Denial,included,Legacy curated QCB5 signal-study input. Signal Studies lack a community-board field and source coordinates; inclusion was carried forward from prior street-name curation and still needs row-level human review.,needs_human_review,True,
283,output/data_cb5_signal_studies.csv,4118eb355d5fbc968abcf006e97711f01d55b3af78cc3f3efc23a05225e4763e,data_raw/signal_studies_citywide.csv,matched,1,4118eb355d5fbc968abcf006e97711f01d55b3af78cc3f3efc23a05225e4763e,Matched committed raw Signal Studies snapshot by id and referencenumber.,CQ22-1132,175907,2022-03-09T00:00:00.000,Traffic Signal,Queens,VERMONT PLACE,CYPRESS AVENUE,JACKIE ROBINSON PKWY ET    2 WB,Study Request Denial,included,Legacy curated QCB5 signal-study input. Signal Studies lack a community-board field and source coordinates; inclusion was carried forward from prior street-name curation and still needs row-level human review.,needs_human_review,True,
284,output/data_cb5_signal_studies.csv,b704e12fece18168f4913161198c4a368c620332d06f74d6ef26590f279a3741,data_raw/signal_studies_citywide.csv,matched,1,b704e12fece18168f4913161198c4a368c620332d06f74d6ef26590f279a3741,Matched committed raw Signal Studies snapshot by id and referencenumber.,CQ22-1103,175878,2022-04-05T00:00:00.000,Traffic Signal,Queens,QUEENS MIDTOWN EXPRESSWAY,73 PLACE,,Study Request Denial,included,Legacy curated QCB5 signal-study input. Signal Studies lack a community-board field and source coordinates; inclusion was carried forward from prior street-name curation and still needs row-level human review.,needs_human_review,True,
285,output/data_cb5_signal_studies.csv,1b0e0d01abf5a8009f27c12aec595c8de0eaf540df31fbf614150ae500163b47,data_raw/signal_studies_citywide.csv,matched,1,1b0e0d01abf5a8009f27c12aec595c8de0eaf540df31fbf614150ae500163b47,Matched committed raw Signal Studies snapshot by id and referencenumber.,CQ22-1088,175863,2022-04-08T00:00:00.000,Traffic Signal,Queens,WYCKOFF AVENUE,MADISON STREET,WYCKOFF AVENUE - Duplicate Street Name,Study Request Denial,included,Legacy curated QCB5 signal-study input. Signal Studies lack a community-board field and source coordinates; inclusion was carried forward from prior street-name curation and still needs row-level human review.,needs_human_review,True,
286,output/data_cb5_signal_studies.csv,55aa335f81ad5f132409b479ff259ab1fd6794cfc575f3a8da93df5f2fbf4e89,data_raw/signal_studies_citywide.csv,matched,1,55aa335f81ad5f132409b479ff259ab1fd6794cfc575f3a8da93df5f2fbf4e89,Matched committed raw Signal Studies snapshot by id and referencenumber.,CQ22-1051B,175826,2022-04-07T00:00:00.000,Leading Pedestrian Interval,Queens,MYRTLE AVENUE,64 STREET,,Engineering Study Completed     (Signals Engineering),included,Legacy curated QCB5 signal-study input. Signal Studies lack a community-board field and source coordinates; inclusion was carried forward from prior street-name curation and still needs row-level human review.,needs_human_review,True,
287,output/data_cb5_signal_studies.csv,01b428ec459e8f561a7df703b179f415ba63dd6ff310aab7362096c98d7d8f2e,data_raw/signal_studies_citywide.csv,matched,1,01b428ec459e8f561a7df703b179f415ba63dd6ff310aab7362096c98d7d8f2e,Matched committed raw Signal Studies snapshot by id and referencenumber.,CQ22-1028,175803,2022-03-31T00:00:00.000,Traffic Signal,Queens,FLUSHING AVENUE,60 LANE,,Signal Approval,included,Legacy curated QCB5 signal-study input. Signal Studies lack a community-board field and source coordinates; inclusion was carried forward from prior street-name curation and still needs row-level human review.,needs_human_review,True,
288,output/data_cb5_signal_studies.csv,25c25a87e8047962d34e0a836fe089f44dfb6e52f77856b5d8429e9dd06cbcec,data_raw/signal_studies_citywide.csv,matched,1,25c25a87e8047962d34e0a836fe089f44dfb6e52f77856b5d8429e9dd06cbcec,Matched committed raw Signal Studies snapshot by id and referencenumber.,CQ22-0974,175749,2022-03-31T00:00:00.000,Traffic Signal,Queens,61 STREET,ST FELIX AVENUE,,A/W Approval,included,Legacy curated QCB5 signal-study input. Signal Studies lack a community-board field and source coordinates; inclusion was carried forward from prior street-name curation and still needs row-level human review.,needs_human_review,True,
289,output/data_cb5_signal_studies.csv,2bfd4c5c90ccb5cadd44d8ee96b6b265938a248cf7b256ce282a3ef490b6698d,data_raw/signal_studies_citywide.csv,matched,1,2bfd4c5c90ccb5cadd44d8ee96b6b265938a248cf7b256ce282a3ef490b6698d,Matched committed raw Signal Studies snapshot by id and referencenumber.,CQ22-0961,175736,2022-03-24T00:00:00.000,Traffic Signal,Queens,57 AVENUE,74 STREET,80 STREET,Study Request Denial,included,Legacy curated QCB5 signal-study input. Signal Studies lack a community-board field and source coordinates; inclusion was carried forward from prior street-name curation and still needs row-level human review.,needs_human_review,True,
290,output/data_cb5_signal_studies.csv,9dffc364655d7dc693037c898de4e757c38d555eef661b13067eedd06299dfc3,data_raw/signal_studies_citywide.csv,matched,1,9dffc364655d7dc693037c898de4e757c38d555eef661b13067eedd06299dfc3,Matched committed raw Signal Studies snapshot by id and referencenumber.,CQ22-0901,175676,2022-03-18T00:00:00.000,All-Way Stop,Queens,78 AVENUE,74 STREET,,A/W Approval,included,Legacy curated QCB5 signal-study input. Signal Studies lack a community-board field and source coordinates; inclusion was carried forward from prior street-name curation and still needs row-level human review.,needs_human_review,True,
291,output/data_cb5_signal_studies.csv,49c99d1c8493d666fb8dbcdb6c07c68e303e356aaac54cacedf2ee18b02ae9bf,data_raw/signal_studies_citywide.csv,matched,1,49c99d1c8493d666fb8dbcdb6c07c68e303e356aaac54cacedf2ee18b02ae9bf,Matched committed raw Signal Studies snapshot by id and referencenumber.,CQ22-0674,175449,2022-03-07T00:00:00.000,All-Way Stop,Queens,ONDERDONK AVENUE,STARR STREET,,A/W Approval,included,Legacy curated QCB5 signal-study input. Signal Studies lack a community-board field and source coordinates; inclusion was carried forward from prior street-name curation and still needs row-level human review.,needs_human_review,True,
292,output/data_cb5_signal_studies.csv,2d3c1dfec0b157bad5540413703c40fce15fa094ab667426eb890092672a4250,data_raw/signal_studies_citywide.csv,matched,1,2d3c1dfec0b157bad5540413703c40fce15fa094ab667426eb890092672a4250,Matched committed raw Signal Studies snapshot by id and referencenumber.,CQ22-0657,175432,2022-03-04T00:00:00.000,Traffic Signal,Queens,69 STREET,60 DRIVE,,Study Request Denial,included,Legacy curated QCB5 signal-study input. Signal Studies lack a community-board field and source coordinates; inclusion was carried forward from prior street-name curation and still needs row-level human review.,needs_human_review,True,
293,output/data_cb5_signal_studies.csv,eef05ceaf14143612d4d4a455254050e6cb98cd127b3753c14b1ada9cdd3408a,data_raw/signal_studies_citywide.csv,matched,1,eef05ceaf14143612d4d4a455254050e6cb98cd127b3753c14b1ada9cdd3408a,Matched committed raw Signal Studies snapshot by id and referencenumber.,CQ22-0656,175431,2022-03-04T00:00:00.000,Traffic Signal,Queens,69 STREET,59 ROAD,,Study Request Denial,included,Legacy curated QCB5 signal-study input. Signal Studies lack a community-board field and source coordinates; inclusion was carried forward from prior street-name curation and still needs row-level human review.,needs_human_review,True,
294,output/data_cb5_signal_studies.csv,ce965ffefdce31f4e93ab84507b2a6bc0cc085d190cf8fc7c3218af37bce2120,data_raw/signal_studies_citywide.csv,matched,1,ce965ffefdce31f4e93ab84507b2a6bc0cc085d190cf8fc7c3218af37bce2120,Matched committed raw Signal Studies snapshot by id and referencenumber.,CQ22-0504,175279,2022-02-18T00:00:00.000,Traffic Signal,Queens,COOPER AVENUE,65 PLACE,,Study Request Denial,included,Legacy curated QCB5 signal-study input. Signal Studies lack a community-board field and source coordinates; inclusion was carried forward from prior street-name curation and still needs row-level human review.,needs_human_review,True,
295,output/data_cb5_signal_studies.csv,9df04fb7b3c1dfb5595d7dba60881c9239c37af6affa826ab61524a3e3e33207,data_raw/signal_studies_citywide.csv,matched,1,9df04fb7b3c1dfb5595d7dba60881c9239c37af6affa826ab61524a3e3e33207,Matched committed raw Signal Studies snapshot by id and referencenumber.,CQ22-0486B,175261,2022-02-17T00:00:00.000,Leading Pedestrian Interval,Queens,COOPER AVENUE,WOODHAVEN BOULEVARD,TROTTING COURSE LANE,Engineering Study Completed     (Signals Engineering),included,Legacy curated QCB5 signal-study input. Signal Studies lack a community-board field and source coordinates; inclusion was carried forward from prior street-name curation and still needs row-level human review.,needs_human_review,True,
296,output/data_cb5_signal_studies.csv,197b408e0f5db40942e8ac9cb4f84d649a307bde0272eb0d97534dcb14b889fd,data_raw/signal_studies_citywide.csv,matched,1,197b408e0f5db40942e8ac9cb4f84d649a307bde0272eb0d97534dcb14b889fd,Matched committed raw Signal Studies snapshot by id and referencenumber.,CQ22-0485B,175260,2022-02-17T00:00:00.000,Leading Pedestrian Interval,Queens,COOPER AVENUE,CYPRESS HILLS STREET,,Engineering Study Completed     (Signals Engineering),included,Legacy curated QCB5 signal-study input. Signal Studies lack a community-board field and source coordinates; inclusion was carried forward from prior street-name curation and still needs row-level human review.,needs_human_review,True,
297,output/data_cb5_signal_studies.csv,a9081247f210fb2ef7c61ae2a5fb32e01e1c5c092ec44f4dab5c43b73e50787b,data_raw/signal_studies_citywide.csv,matched,1,a9081247f210fb2ef7c61ae2a5fb32e01e1c5c092ec44f4dab5c43b73e50787b,Matched committed raw Signal Studies snapshot by id and referencenumber.,CQ22-0484B,175259,2022-02-17T00:00:00.000,Leading Pedestrian Interval,Queens,COOPER AVENUE,METROPOLITAN AVENUE,,Engineering Study Completed     (Signals Engineering),included,Legacy curated QCB5 signal-study input. Signal Studies lack a community-board field and source coordinates; inclusion was carried forward from prior street-name curation and still needs row-level human review.,needs_human_review,True,
298,output/data_cb5_signal_studies.csv,96a2311ed375b2ad2960c359edecb097cf4c90556e70d98dbb6bcbfa65a8eebc,data_raw/signal_studies_citywide.csv,matched,1,96a2311ed375b2ad2960c359edecb097cf4c90556e70d98dbb6bcbfa65a8eebc,Matched committed raw Signal Studies snapshot by id and referencenumber.,CQ22-0482,175257,2022-02-16T00:00:00.000,Traffic Signal,Queens,FLUSHING AVENUE,58 DRIVE,,Study Request Denial,included,Legacy curated QCB5 signal-study input. Signal Studies lack a community-board field and source coordinates; inclusion was carried forward from prior street-name curation and still needs row-level human review.,needs_human_review,True,
299,output/data_cb5_signal_studies.csv,0360fb3e2b2cc106fbc78c29c199a91093d1f7564dadb65903f790f2d03891b5,data_raw/signal_studies_citywide.csv,matched,1,0360fb3e2b2cc106fbc78c29c199a91093d1f7564dadb65903f790f2d03891b5,Matched committed raw Signal Studies snapshot by id and referencenumber.,CQ22-0479B,175254,2022-02-17T00:00:00.000,Leading Pedestrian Interval,Queens,COOPER AVENUE,83 STREET,,Engineering Study Completed     (Signals Engineering),included,Legacy curated QCB5 signal-study input. Signal Studies lack a community-board field and source coordinates; inclusion was carried forward from prior street-name curation and still needs row-level human review.,needs_human_review,True,
300,output/data_cb5_signal_studies.csv,7e897dcfe07e1e12997f7e00c99e2288716c5cb984c066652fd3d591da1f1cd2,data_raw/signal_studies_citywide.csv,matched,1,7e897dcfe07e1e12997f7e00c99e2288716c5cb984c066652fd3d591da1f1cd2,Matched committed raw Signal Studies snapshot by id and referencenumber.,CQ22-0476B,175251,2022-02-17T00:00:00.000,Leading Pedestrian Interval,Queens,COOPER AVENUE,80 STREET,,Engineering Study Completed     (Signals Engineering),included,Legacy curated QCB5 signal-study input. Signal Studies lack a community-board field and source coordinates; inclusion was carried forward from prior street-name curation and still needs row-level human review.,needs_human_review,True,
301,output/data_cb5_signal_studies.csv,efb1c96fb6adb9ab071e43c5670640a2961aee181a470ffe368654ee29299d27,data_raw/signal_studies_citywide.csv,matched,1,efb1c96fb6adb9ab071e43c5670640a2961aee181a470ffe368654ee29299d27,Matched committed raw Signal Studies snapshot by id and referencenumber.,CQ22-0475B,175250,2022-02-17T00:00:00.000,Leading Pedestrian Interval,Queens,73 PLACE,COOPER AVENUE,,Engineering Study Completed     (Signals Engineering),included,Legacy curated QCB5 signal-study input. Signal Studies lack a community-board field and source coordinates; inclusion was carried forward from prior street-name curation and still needs row-level human review.,needs_human_review,True,
302,output/data_cb5_signal_studies.csv,d4320c3e067244f4962b1802f8880604bcd041b56e6b546ea1c4d75731242926,data_raw/signal_studies_citywide.csv,matched,1,d4320c3e067244f4962b1802f8880604bcd041b56e6b546ea1c4d75731242926,Matched committed raw Signal Studies snapshot by id and referencenumber.,CQ22-0474B,175249,2022-02-17T00:00:00.000,Leading Pedestrian Interval,Queens,COOPER AVENUE,66 STREET,,Engineering Study Completed     (Signals Engineering),included,Legacy curated QCB5 signal-study input. Signal Studies lack a community-board field and source coordinates; inclusion was carried forward from prior street-name curation and still needs row-level human review.,needs_human_review,True,
303,output/data_cb5_signal_studies.csv,a8a9a2baa8a5faf91f95c1d51521266fbfb80d2931c177d0944537bcb0b9e34b,data_raw/signal_studies_citywide.csv,matched,1,a8a9a2baa8a5faf91f95c1d51521266fbfb80d2931c177d0944537bcb0b9e34b,Matched committed raw Signal Studies snapshot by id and referencenumber.,CQ22-0473B,175248,2022-02-17T00:00:00.000,Leading Pedestrian Interval,Queens,COOPER AVENUE,64 STREET,,Engineering Study Completed     (Signals Engineering),included,Legacy curated QCB5 signal-study input. Signal Studies lack a community-board field and source coordinates; inclusion was carried forward from prior street-name curation and still needs row-level human review.,needs_human_review,True,
304,output/data_cb5_signal_studies.csv,606297c89cdebed0c83d2b526e73ec48254e9be85705baf5a890e23b4509acda,data_raw/signal_studies_citywide.csv,matched,1,606297c89cdebed0c83d2b526e73ec48254e9be85705baf5a890e23b4509acda,Matched committed raw Signal Studies snapshot by id and referencenumber.,CQ22-0471B,175246,2022-02-17T00:00:00.000,Leading Pedestrian Interval,Queens,COOPER AVENUE,72 STREET,,Engineering Study Completed     (Signals Engineering),included,Legacy curated QCB5 signal-study input. Signal Studies lack a community-board field and source coordinates; inclusion was carried forward from prior street-name curation and still needs row-level human review.,needs_human_review,True,
305,output/data_cb5_signal_studies.csv,68569d23b35bbc125c7fdfcc241c6a1f1463f05156e4c54eb109d5dc451a7b82,data_raw/signal_studies_citywide.csv,matched,1,68569d23b35bbc125c7fdfcc241c6a1f1463f05156e4c54eb109d5dc451a7b82,Matched committed raw Signal Studies snapshot by id and referencenumber.,CQ22-0469B,175244,2022-02-17T00:00:00.000,Leading Pedestrian Interval,Queens,COOPER AVENUE,70 STREET,,Engineering Study Completed     (Signals Engineering),included,Legacy curated QCB5 signal-study input. Signal Studies lack a community-board field and source coordinates; inclusion was carried forward from prior street-name curation and still needs row-level human review.,needs_human_review,True,
306,output/data_cb5_signal_studies.csv,f7dfeff75ded13445dd5e1ad0bf3df2c988aec68a714b7c2c7fd53a670eafc14,data_raw/signal_studies_citywide.csv,matched,1,f7dfeff75ded13445dd5e1ad0bf3df2c988aec68a714b7c2c7fd53a670eafc14,Matched committed raw Signal Studies snapshot by id and referencenumber.,CQ22-0468B,175243,2022-02-17T00:00:00.000,Leading Pedestrian Interval,Queens,COOPER AVENUE,67 STREET,,Engineering Study Completed     (Signals Engineering),included,Legacy curated QCB5 signal-study input. Signal Studies lack a community-board field and source coordinates; inclusion was carried forward from prior street-name curation and still needs row-level human review.,needs_human_review,True,
307,output/data_cb5_signal_studies.csv,bfb06c14b56d05a8452180f294cbea662ab55f1a6e6a9ba11652df3b27c0a66e,data_raw/signal_studies_citywide.csv,matched,1,bfb06c14b56d05a8452180f294cbea662ab55f1a6e6a9ba11652df3b27c0a66e,Matched committed raw Signal Studies snapshot by id and referencenumber.,CQ22-0455,175230,2022-02-16T00:00:00.000,Traffic Signal,Queens,60 AVENUE,60 LANE,,Study Request Denial,included,Legacy curated QCB5 signal-study input. Signal Studies lack a community-board field and source coordinates; inclusion was carried forward from prior street-name curation and still needs row-level human review.,needs_human_review,True,
308,output/data_cb5_signal_studies.csv,633009aa263d12ac8dc7db74b5d2354f099165f08f797ad77825d0983e567912,data_raw/signal_studies_citywide.csv,matched,1,633009aa263d12ac8dc7db74b5d2354f099165f08f797ad77825d0983e567912,Matched committed raw Signal Studies snapshot by id and referencenumber.,CQ22-0452,175227,2022-02-16T00:00:00.000,Traffic Signal,Queens,62 AVENUE,69 PLACE,,Study Request Denial,included,Legacy curated QCB5 signal-study input. Signal Studies lack a community-board field and source coordinates; inclusion was carried forward from prior street-name curation and still needs row-level human review.,needs_human_review,True,
309,output/data_cb5_signal_studies.csv,2d8df527208bc1b11b17db8b738708ad63b308f68bc9b3deb52dc510aa860e6b,data_raw/signal_studies_citywide.csv,matched,1,2d8df527208bc1b11b17db8b738708ad63b308f68bc9b3deb52dc510aa860e6b,Matched committed raw Signal Studies snapshot by id and referencenumber.,CQ22-0451,175226,2022-02-16T00:00:00.000,Traffic Signal,Queens,MYRTLE AVENUE,61 STREET,,Study Request Denial,included,Legacy curated QCB5 signal-study input. Signal Studies lack a community-board field and source coordinates; inclusion was carried forward from prior street-name curation and still needs row-level human review.,needs_human_review,True,
310,output/data_cb5_signal_studies.csv,7cc9bcbfd2fd3978199d5b355bb5421fb4ef25010c79df80202fd0e27e9007c1,data_raw/signal_studies_citywide.csv,matched,1,7cc9bcbfd2fd3978199d5b355bb5421fb4ef25010c79df80202fd0e27e9007c1,Matched committed raw Signal Studies snapshot by id and referencenumber.,CQ22-0432B,175207,2022-02-15T00:00:00.000,Leading Pedestrian Interval,Queens,COOPER AVENUE,CYPRESS AVENUE,WOODHAVEN BOULEVARD,Engineering Study Completed     (Signals Engineering),included,Legacy curated QCB5 signal-study input. Signal Studies lack a community-board field and source coordinates; inclusion was carried forward from prior street-name curation and still needs row-level human review.,needs_human_review,True,
311,output/data_cb5_signal_studies.csv,4b9ada3cb2d72131378b5db15a099a8f6ada42ce3fec9ca09149724d86afa35a,data_raw/signal_studies_citywide.csv,matched,1,4b9ada3cb2d72131378b5db15a099a8f6ada42ce3fec9ca09149724d86afa35a,Matched committed raw Signal Studies snapshot by id and referencenumber.,CQ22-0405,175180,2022-02-10T00:00:00.000,Traffic Signal,Queens,68 AVENUE,80 STREET,,Study Request Denial,included,Legacy curated QCB5 signal-study input. Signal Studies lack a community-board field and source coordinates; inclusion was carried forward from prior street-name curation and still needs row-level human review.,needs_human_review,True,
312,output/data_cb5_signal_studies.csv,cae3b47f4c0009d4bed9260ed53c2b52a03629f60932a5da293a55e49a4377f7,data_raw/signal_studies_citywide.csv,matched,1,cae3b47f4c0009d4bed9260ed53c2b52a03629f60932a5da293a55e49a4377f7,Matched committed raw Signal Studies snapshot by id and referencenumber.,CQ22-0262,175037,2022-02-02T00:00:00.000,Traffic Signal,Queens,70 AVENUE,65 PLACE,,Study Request Denial,included,Legacy curated QCB5 signal-study input. Signal Studies lack a community-board field and source coordinates; inclusion was carried forward from prior street-name curation and still needs row-level human review.,needs_human_review,True,
313,output/data_cb5_signal_studies.csv,cc4af720b0e6e8dd0e416e1d0d34e6f45f41a260f2a9105c948a25b26d4db766,data_raw/signal_studies_citywide.csv,matched,1,cc4af720b0e6e8dd0e416e1d0d34e6f45f41a260f2a9105c948a25b26d4db766,Matched committed raw Signal Studies snapshot by id and referencenumber.,CQ22-0247,174032,2022-02-01T00:00:00.000,Traffic Signal,Queens,MYRTLE AVENUE,81 STREET,,Study Request Denial,included,Legacy curated QCB5 signal-study input. Signal Studies lack a community-board field and source coordinates; inclusion was carried forward from prior street-name curation and still needs row-level human review.,needs_human_review,True,
314,output/data_cb5_signal_studies.csv,8511c868d324af9a39e2be4a0b40df030aec85c7857885c7dc96eb61b06e0c82,data_raw/signal_studies_citywide.csv,matched,1,8511c868d324af9a39e2be4a0b40df030aec85c7857885c7dc96eb61b06e0c82,Matched committed raw Signal Studies snapshot by id and referencenumber.,CQ22-0218,174003,2022-01-28T00:00:00.000,Traffic Signal,Queens,MYRTLE AVENUE,81 ROAD,,Study Request Denial,included,Legacy curated QCB5 signal-study input. Signal Studies lack a community-board field and source coordinates; inclusion was carried forward from prior street-name curation and still needs row-level human review.,needs_human_review,True,
315,output/data_cb5_signal_studies.csv,b6852f13a2de79ac491cd41b10b290d1445c0463becf4618fb09d50e6cb68d92,data_raw/signal_studies_citywide.csv,matched,1,b6852f13a2de79ac491cd41b10b290d1445c0463becf4618fb09d50e6cb68d92,Matched committed raw Signal Studies snapshot by id and referencenumber.,CQ22-0217,174002,2022-01-28T00:00:00.000,All-Way Stop,Queens,79 STREET,78 AVENUE,,Study Request Denial,included,Legacy curated QCB5 signal-study input. Signal Studies lack a community-board field and source coordinates; inclusion was carried forward from prior street-name curation and still needs row-level human review.,needs_human_review,True,
316,output/data_cb5_signal_studies.csv,fdf3df573d286fec95f60f1c5bb0b16421366d24786e31d0ffe47bec2a41546d,data_raw/signal_studies_citywide.csv,matched,1,fdf3df573d286fec95f60f1c5bb0b16421366d24786e31d0ffe47bec2a41546d,Matched committed raw Signal Studies snapshot by id and referencenumber.,CQ22-0194,173979,2022-01-26T00:00:00.000,Traffic Signal,Queens,COOPER AVENUE,61 STREET,,A/W Approval,included,Legacy curated QCB5 signal-study input. Signal Studies lack a community-board field and source coordinates; inclusion was carried forward from prior street-name curation and still needs row-level human review.,needs_human_review,True,
317,output/data_cb5_signal_studies.csv,501c907bce72e92885c6a087be19217694bc756e95eed7381bde64e74782e632,data_raw/signal_studies_citywide.csv,matched,1,501c907bce72e92885c6a087be19217694bc756e95eed7381bde64e74782e632,Matched committed raw Signal Studies snapshot by id and referencenumber.,CQ22-0173B,172974,2022-01-26T00:00:00.000,Left Turn Arrow/Signal,Queens,FRESH POND ROAD,METROPOLITAN AVENUE,,Engineering Study Completed     (Signals Engineering),included,Legacy curated QCB5 signal-study input. Signal Studies lack a community-board field and source coordinates; inclusion was carried forward from prior street-name curation and still needs row-level human review.,needs_human_review,True,
318,output/data_cb5_signal_studies.csv,b0c8d8beae59ded48f0c7f05947c221f17d97e0ce0eb17703c19d9ed4a42e1d2,data_raw/signal_studies_citywide.csv,matched,1,b0c8d8beae59ded48f0c7f05947c221f17d97e0ce0eb17703c19d9ed4a42e1d2,Matched committed raw Signal Studies snapshot by id and referencenumber.,CQ22-0051B,172852,2022-01-10T00:00:00.000,Traffic Signal,Queens,PENELOPE AVENUE,80 STREET,,Engineering Study Completed     (Signals Engineering),included,Legacy curated QCB5 signal-study input. Signal Studies lack a community-board field and source coordinates; inclusion was carried forward from prior street-name curation and still needs row-level human review.,needs_human_review,True,
319,output/data_cb5_signal_studies.csv,7567e1d2ae60972ffdd766c27e1257389f2041c4c58581c457abf68347ac4d15,data_raw/signal_studies_citywide.csv,matched,1,7567e1d2ae60972ffdd766c27e1257389f2041c4c58581c457abf68347ac4d15,Matched committed raw Signal Studies snapshot by id and referencenumber.,CQ22-0035B,172836,2022-01-10T00:00:00.000,Leading Pedestrian Interval,Queens,METROPOLITAN AVENUE,65 PLACE,MT OLIVET CRESCENT,Engineering Study Completed     (Signals Engineering),included,Legacy curated QCB5 signal-study input. Signal Studies lack a community-board field and source coordinates; inclusion was carried forward from prior street-name curation and still needs row-level human review.,needs_human_review,True,
320,output/data_cb5_signal_studies.csv,41d73013597ec9798c64716f48598fcd9a9ac52617d0d40cbc2701ce5b67af8c,data_raw/signal_studies_citywide.csv,matched,1,41d73013597ec9798c64716f48598fcd9a9ac52617d0d40cbc2701ce5b67af8c,Matched committed raw Signal Studies snapshot by id and referencenumber.,CQ21-3158APS,172769,2021-12-27T00:00:00.000,Accessible Pedestrian Signal,Queens,MYRTLE AVENUE,FRESH POND ROAD,,APS Ranking Completed; Awaiting Design,included,Legacy curated QCB5 signal-study input. Signal Studies lack a community-board field and source coordinates; inclusion was carried forward from prior street-name curation and still needs row-level human review.,needs_human_review,True,
321,output/data_cb5_signal_studies.csv,f5ca78d9cc4406a0752580e70a4736e5d44c303e34c7929c6d7458cb123861e9,data_raw/signal_studies_citywide.csv,matched,1,f5ca78d9cc4406a0752580e70a4736e5d44c303e34c7929c6d7458cb123861e9,Matched committed raw Signal Studies snapshot by id and referencenumber.,CQ21-3127,172738,2021-12-17T00:00:00.000,All-Way Stop,Queens,63 STREET,59 DRIVE,,Study Request Denial,included,Legacy curated QCB5 signal-study input. Signal Studies lack a community-board field and source coordinates; inclusion was carried forward from prior street-name curation and still needs row-level human review.,needs_human_review,True,
322,output/data_cb5_signal_studies.csv,b2838ec7633683dd20b9589ba92236b300c01625e7fa5171d984b17b6236d4e1,data_raw/signal_studies_citywide.csv,matched,1,b2838ec7633683dd20b9589ba92236b300c01625e7fa5171d984b17b6236d4e1,Matched committed raw Signal Studies snapshot by id and referencenumber.,CQ21-3126,172737,2021-12-16T00:00:00.000,All-Way Stop,Queens,63 STREET,59 AVENUE,,Study Request Denial,included,Legacy curated QCB5 signal-study input. Signal Studies lack a community-board field and source coordinates; inclusion was carried forward from prior street-name curation and still needs row-level human review.,needs_human_review,True,
323,output/data_cb5_signal_studies.csv,976b735b8bb1e3a7d2dfde4166cdb861095d951bffc2c57d95e19ae7820f8bd3,data_raw/signal_studies_citywide.csv,matched,1,976b735b8bb1e3a7d2dfde4166cdb861095d951bffc2c57d95e19ae7820f8bd3,Matched committed raw Signal Studies snapshot by id and referencenumber.,CQ21-3036B,170671,2021-12-06T00:00:00.000,Traffic Signal,Queens,ELIOT AVENUE,71 STREET,72 STREET,Engineering Study Completed     (Signals Engineering),included,Legacy curated QCB5 signal-study input. Signal Studies lack a community-board field and source coordinates; inclusion was carried forward from prior street-name curation and still needs row-level human review.,needs_human_review,True,
324,output/data_cb5_signal_studies.csv,b16bf2dfa690dbcffdc58b75b2e8559eef281ea088c4d6b94ff7af9615803a61,data_raw/signal_studies_citywide.csv,matched,1,b16bf2dfa690dbcffdc58b75b2e8559eef281ea088c4d6b94ff7af9615803a61,Matched committed raw Signal Studies snapshot by id and referencenumber.,CQ21-2975APS,170610,2021-12-02T00:00:00.000,Accessible Pedestrian Signal,Queens,METROPOLITAN AVENUE,60 STREET,,APS Ranking Completed; Awaiting Design,included,Legacy curated QCB5 signal-study input. Signal Studies lack a community-board field and source coordinates; inclusion was carried forward from prior street-name curation and still needs row-level human review.,needs_human_review,True,
325,output/data_cb5_signal_studies.csv,c4c22ae05cbc08beeda9e721770cdcd68d173ed68d570b1cea6d040576f77ec8,data_raw/signal_studies_citywide.csv,matched,1,c4c22ae05cbc08beeda9e721770cdcd68d173ed68d570b1cea6d040576f77ec8,Matched committed raw Signal Studies snapshot by id and referencenumber.,CQ21-2972APS,170607,2021-12-02T00:00:00.000,Accessible Pedestrian Signal,Queens,METROPOLITAN AVENUE,PLEASANTVIEW STREET,,APS Ranking Completed; Awaiting Design,included,Legacy curated QCB5 signal-study input. Signal Studies lack a community-board field and source coordinates; inclusion was carried forward from prior street-name curation and still needs row-level human review.,needs_human_review,True,
326,output/data_cb5_signal_studies.csv,c3d29640a0489b419c9e944996bca3506ae9113d91e039e98ae52f02280d0a66,data_raw/signal_studies_citywide.csv,matched,1,c3d29640a0489b419c9e944996bca3506ae9113d91e039e98ae52f02280d0a66,Matched committed raw Signal Studies snapshot by id and referencenumber.,CQ21-2955,170590,2021-11-23T00:00:00.000,Traffic Signal,Queens,CORNELIA STREET,FOREST AVENUE,,Study Request Denial,included,Legacy curated QCB5 signal-study input. Signal Studies lack a community-board field and source coordinates; inclusion was carried forward from prior street-name curation and still needs row-level human review.,needs_human_review,True,
327,output/data_cb5_signal_studies.csv,8f40730ad505379ecc6ca839c98b9a67796480bc2dc12b4ca08f8398a3059970,data_raw/signal_studies_citywide.csv,matched,1,8f40730ad505379ecc6ca839c98b9a67796480bc2dc12b4ca08f8398a3059970,Matched committed raw Signal Studies snapshot by id and referencenumber.,CQ21-2876,170511,2021-11-15T00:00:00.000,Traffic Signal,Queens,RUST STREET,MASPETH AVENUE,,Signal Approval,included,Legacy curated QCB5 signal-study input. Signal Studies lack a community-board field and source coordinates; inclusion was carried forward from prior street-name curation and still needs row-level human review.,needs_human_review,True,
328,output/data_cb5_signal_studies.csv,04bf6f8beec6eb337c2695ec8e1e02b04810a367c260bd7956a5832929fe6bd5,data_raw/signal_studies_citywide.csv,matched,1,04bf6f8beec6eb337c2695ec8e1e02b04810a367c260bd7956a5832929fe6bd5,Matched committed raw Signal Studies snapshot by id and referencenumber.,CQ21-2868,170503,2021-11-15T00:00:00.000,All-Way Stop,Queens,OTTO ROAD,68 STREET,,Study Request Denial,included,Legacy curated QCB5 signal-study input. Signal Studies lack a community-board field and source coordinates; inclusion was carried forward from prior street-name curation and still needs row-level human review.,needs_human_review,True,
329,output/data_cb5_signal_studies.csv,fa745838997075d51284ffff64a956d2a5e26f502c28850059ba3fc9f1c66784,data_raw/signal_studies_citywide.csv,matched,1,fa745838997075d51284ffff64a956d2a5e26f502c28850059ba3fc9f1c66784,Matched committed raw Signal Studies snapshot by id and referencenumber.,CQ21-2826,170461,2021-11-09T00:00:00.000,Traffic Signal,Queens,60 LANE,ST FELIX AVENUE,,A/W Approval,included,Legacy curated QCB5 signal-study input. Signal Studies lack a community-board field and source coordinates; inclusion was carried forward from prior street-name curation and still needs row-level human review.,needs_human_review,True,
330,output/data_cb5_signal_studies.csv,c11084d08f55103386ca89634c1ce9c438fd06cb9b0a9b2083bb4aa0d5f01314,data_raw/signal_studies_citywide.csv,matched,1,c11084d08f55103386ca89634c1ce9c438fd06cb9b0a9b2083bb4aa0d5f01314,Matched committed raw Signal Studies snapshot by id and referencenumber.,CQ21-2822B,170457,2021-11-09T00:00:00.000,Left Turn Arrow/Signal,Queens,ELIOT AVENUE,FRESH POND ROAD,,Engineering Study Completed     (Signals Engineering),included,Legacy curated QCB5 signal-study input. Signal Studies lack a community-board field and source coordinates; inclusion was carried forward from prior street-name curation and still needs row-level human review.,needs_human_review,True,
331,output/data_cb5_signal_studies.csv,6452284d1a5e04dc937a83be10c97c20578d7d9e5f7eebcf569b45a771ec6f00,data_raw/signal_studies_citywide.csv,matched,1,6452284d1a5e04dc937a83be10c97c20578d7d9e5f7eebcf569b45a771ec6f00,Matched committed raw Signal Studies snapshot by id and referencenumber.,CQ21-2816,170451,2021-11-03T00:00:00.000,Traffic Signal,Queens,60 AVENUE,69 LANE,,A/W Approval,included,Legacy curated QCB5 signal-study input. Signal Studies lack a community-board field and source coordinates; inclusion was carried forward from prior street-name curation and still needs row-level human review.,needs_human_review,True,
332,output/data_cb5_signal_studies.csv,3f52d9d90e7efaf71b5481cdf2b6da631e192c71695613657432d37b76f56bea,data_raw/signal_studies_citywide.csv,matched,1,3f52d9d90e7efaf71b5481cdf2b6da631e192c71695613657432d37b76f56bea,Matched committed raw Signal Studies snapshot by id and referencenumber.,CQ21-2789B,170424,2021-11-05T00:00:00.000,Traffic Signal,Queens,METROPOLITAN AVENUE,AUBREY AVENUE,,Engineering Study Completed     (Signals Engineering),included,Legacy curated QCB5 signal-study input. Signal Studies lack a community-board field and source coordinates; inclusion was carried forward from prior street-name curation and still needs row-level human review.,needs_human_review,True,
333,output/data_cb5_signal_studies.csv,df746ea9ce1d0507ef736d9b84d993adaf3966d4f4e9d0159f96f13b02d568a8,data_raw/signal_studies_citywide.csv,matched,1,df746ea9ce1d0507ef736d9b84d993adaf3966d4f4e9d0159f96f13b02d568a8,Matched committed raw Signal Studies snapshot by id and referencenumber.,CQ21-2787B,170422,2021-11-05T00:00:00.000,Traffic Signal,Queens,METROPOLITAN AVENUE,AUBREY AVENUE,,Engineering Study Completed     (Signals Engineering),included,Legacy curated QCB5 signal-study input. Signal Studies lack a community-board field and source coordinates; inclusion was carried forward from prior street-name curation and still needs row-level human review.,needs_human_review,True,
334,output/data_cb5_signal_studies.csv,b82089120e049e73a5ec2a2dd744eacf6c17e5ee67287e4ab29edc7d8d99b437,data_raw/signal_studies_citywide.csv,matched,1,b82089120e049e73a5ec2a2dd744eacf6c17e5ee67287e4ab29edc7d8d99b437,Matched committed raw Signal Studies snapshot by id and referencenumber.,CQ21-2749,170384,2021-10-27T00:00:00.000,All-Way Stop,Queens,78 AVENUE,65 STREET,,Study Request Denial,included,Legacy curated QCB5 signal-study input. Signal Studies lack a community-board field and source coordinates; inclusion was carried forward from prior street-name curation and still needs row-level human review.,needs_human_review,True,
335,output/data_cb5_signal_studies.csv,77f85071df760c07ed5368c6af354aa48c906568abc5caa9f7717f783c09842e,data_raw/signal_studies_citywide.csv,matched,1,77f85071df760c07ed5368c6af354aa48c906568abc5caa9f7717f783c09842e,Matched committed raw Signal Studies snapshot by id and referencenumber.,CQ21-2748,170383,2021-10-27T00:00:00.000,All-Way Stop,Queens,78 AVENUE,64 PLACE,,Study Request Denial,included,Legacy curated QCB5 signal-study input. Signal Studies lack a community-board field and source coordinates; inclusion was carried forward from prior street-name curation and still needs row-level human review.,needs_human_review,True,
336,output/data_cb5_signal_studies.csv,97c7e18a681e865f26160a7af504f6cf179e0a9f652f56408fe2360a326906cd,data_raw/signal_studies_citywide.csv,matched,1,97c7e18a681e865f26160a7af504f6cf179e0a9f652f56408fe2360a326906cd,Matched committed raw Signal Studies snapshot by id and referencenumber.,CQ21-2747,170382,2021-10-27T00:00:00.000,All-Way Stop,Queens,78 AVENUE,64 STREET,,Study Request Denial,included,Legacy curated QCB5 signal-study input. Signal Studies lack a community-board field and source coordinates; inclusion was carried forward from prior street-name curation and still needs row-level human review.,needs_human_review,True,
337,output/data_cb5_signal_studies.csv,25e7a942b6428171be938bf9539723709323baea2ee4d24d3e7a2e2aa65abc3d,data_raw/signal_studies_citywide.csv,matched,1,25e7a942b6428171be938bf9539723709323baea2ee4d24d3e7a2e2aa65abc3d,Matched committed raw Signal Studies snapshot by id and referencenumber.,CQ21-2730,170365,2021-11-23T00:00:00.000,All-Way Stop,Queens,78 AVENUE,62 STREET,,Study Request Denial,included,Legacy curated QCB5 signal-study input. Signal Studies lack a community-board field and source coordinates; inclusion was carried forward from prior street-name curation and still needs row-level human review.,needs_human_review,True,
338,output/data_cb5_signal_studies.csv,cfa0a9aa4811fc6ebd06d08a276e055301ad36282d27439d5da10d50ec6894d4,data_raw/signal_studies_citywide.csv,matched,1,cfa0a9aa4811fc6ebd06d08a276e055301ad36282d27439d5da10d50ec6894d4,Matched committed raw Signal Studies snapshot by id and referencenumber.,CQ21-2708,170343,2021-10-26T00:00:00.000,All-Way Stop,Queens,60 PLACE,MADISON STREET,,A/W Approval,included,Legacy curated QCB5 signal-study input. Signal Studies lack a community-board field and source coordinates; inclusion was carried forward from prior street-name curation and still needs row-level human review.,needs_human_review,True,
339,output/data_cb5_signal_studies.csv,1f0907f25e2e330c05da77fa6f28d1c3bb78700afe8c3aa9bb2350b0bc4de1b6,data_raw/signal_studies_citywide.csv,matched,1,1f0907f25e2e330c05da77fa6f28d1c3bb78700afe8c3aa9bb2350b0bc4de1b6,Matched committed raw Signal Studies snapshot by id and referencenumber.,CQ21-2683,170318,2021-10-26T00:00:00.000,Traffic Signal,Queens,SENECA AVENUE,WEIRFIELD STREET,,Signal Approval,included,Legacy curated QCB5 signal-study input. Signal Studies lack a community-board field and source coordinates; inclusion was carried forward from prior street-name curation and still needs row-level human review.,needs_human_review,True,
340,output/data_cb5_signal_studies.csv,9793620f9e4be4ed05976cf14ee911ff1df3cffa85c757c0201f4ea8e8661e1c,data_raw/signal_studies_citywide.csv,matched,1,9793620f9e4be4ed05976cf14ee911ff1df3cffa85c757c0201f4ea8e8661e1c,Matched committed raw Signal Studies snapshot by id and referencenumber.,CQ21-2556,170191,2021-10-20T00:00:00.000,Traffic Signal,Queens,56 STREET,GRAND AVENUE,,Study Request Denial,included,Legacy curated QCB5 signal-study input. Signal Studies lack a community-board field and source coordinates; inclusion was carried forward from prior street-name curation and still needs row-level human review.,needs_human_review,True,
341,output/data_cb5_signal_studies.csv,2bbcf1a0936525eae698a984c9cd08c4de6a4dd1d5f317df60959c6127298bc9,data_raw/signal_studies_citywide.csv,matched,1,2bbcf1a0936525eae698a984c9cd08c4de6a4dd1d5f317df60959c6127298bc9,Matched committed raw Signal Studies snapshot by id and referencenumber.,CQ21-2527,170162,2021-10-19T00:00:00.000,Traffic Signal,Queens,57 ROAD,61 STREET,,Study Request Denial,included,Legacy curated QCB5 signal-study input. Signal Studies lack a community-board field and source coordinates; inclusion was carried forward from prior street-name curation and still needs row-level human review.,needs_human_review,True,
342,output/data_cb5_signal_studies.csv,6dbd46717d1f1ade2950190f50a29938c38f458240d6e8b7d916430d971a7c3c,data_raw/signal_studies_citywide.csv,matched,1,6dbd46717d1f1ade2950190f50a29938c38f458240d6e8b7d916430d971a7c3c,Matched committed raw Signal Studies snapshot by id and referencenumber.,CQ21-2510APS,170145,2021-10-19T00:00:00.000,Accessible Pedestrian Signal,Queens,METROPOLITAN AVENUE,MT OLIVET CRESCENT,65 PLACE,APS Ranking Completed; Awaiting Design,included,Legacy curated QCB5 signal-study input. Signal Studies lack a community-board field and source coordinates; inclusion was carried forward from prior street-name curation and still needs row-level human review.,needs_human_review,True,
343,output/data_cb5_signal_studies.csv,907ff9641fb63be649275208f28e4cef1e430bddfde5cd524a57c2405eb94eb2,data_raw/signal_studies_citywide.csv,matched,1,907ff9641fb63be649275208f28e4cef1e430bddfde5cd524a57c2405eb94eb2,Matched committed raw Signal Studies snapshot by id and referencenumber.,CQ21-2509APS,170144,2021-10-19T00:00:00.000,Accessible Pedestrian Signal,Queens,METROPOLITAN AVENUE,HIMROD STREET,56 STREET,APS Ranking Completed; Awaiting Design,included,Legacy curated QCB5 signal-study input. Signal Studies lack a community-board field and source coordinates; inclusion was carried forward from prior street-name curation and still needs row-level human review.,needs_human_review,True,
344,output/data_cb5_signal_studies.csv,47e3e68977f7c0e010c18c78b96c573862c2638032bbf4483b4ccaaae7f8fc78,data_raw/signal_studies_citywide.csv,matched,1,47e3e68977f7c0e010c18c78b96c573862c2638032bbf4483b4ccaaae7f8fc78,Matched committed raw Signal Studies snapshot by id and referencenumber.,CQ21-2506APS,170141,2021-10-19T00:00:00.000,Accessible Pedestrian Signal,Queens,METROPOLITAN AVENUE,FOREST AVENUE,,APS Ranking Completed; Awaiting Design,included,Legacy curated QCB5 signal-study input. Signal Studies lack a community-board field and source coordinates; inclusion was carried forward from prior street-name curation and still needs row-level human review.,needs_human_review,True,
345,output/data_cb5_signal_studies.csv,ed8e45cf9741dc5ee7b2e47e3426fc6b0054c4df38a7d8ce335498f284e4011c,data_raw/signal_studies_citywide.csv,matched,1,ed8e45cf9741dc5ee7b2e47e3426fc6b0054c4df38a7d8ce335498f284e4011c,Matched committed raw Signal Studies snapshot by id and referencenumber.,CQ21-2505APS,170140,2021-10-19T00:00:00.000,Accessible Pedestrian Signal,Queens,METROPOLITAN AVENUE,69 STREET,,APS Ranking Completed; Awaiting Design,included,Legacy curated QCB5 signal-study input. Signal Studies lack a community-board field and source coordinates; inclusion was carried forward from prior street-name curation and still needs row-level human review.,needs_human_review,True,
346,output/data_cb5_signal_studies.csv,3a61aad6f98ccafdde917df82e2b75299ad0a767b56496409e09e3d85f2d20ed,data_raw/signal_studies_citywide.csv,matched,1,3a61aad6f98ccafdde917df82e2b75299ad0a767b56496409e09e3d85f2d20ed,Matched committed raw Signal Studies snapshot by id and referencenumber.,CQ21-2490APS,170125,2021-10-19T00:00:00.000,Accessible Pedestrian Signal,Queens,METROPOLITAN AVENUE,ANDREWS AVENUE,,APS Ranking Completed; Awaiting Design,included,Legacy curated QCB5 signal-study input. Signal Studies lack a community-board field and source coordinates; inclusion was carried forward from prior street-name curation and still needs row-level human review.,needs_human_review,True,
347,output/data_cb5_signal_studies.csv,6b1325e2e5d24c88a652221352e1bcb1861e094e0e2000a8cc9f0e118cd697f1,data_raw/signal_studies_citywide.csv,matched,1,6b1325e2e5d24c88a652221352e1bcb1861e094e0e2000a8cc9f0e118cd697f1,Matched committed raw Signal Studies snapshot by id and referencenumber.,CQ21-2390,170025,2021-10-05T00:00:00.000,Traffic Signal,Queens,ELIOT AVENUE,69 LANE,,Study Request Denial,included,Legacy curated QCB5 signal-study input. Signal Studies lack a community-board field and source coordinates; inclusion was carried forward from prior street-name curation and still needs row-level human review.,needs_human_review,True,
348,output/data_cb5_signal_studies.csv,1ded3d8c6dfd938484ed83694f4107896f45335cafc402a20b29e007492fa221,data_raw/signal_studies_citywide.csv,matched,1,1ded3d8c6dfd938484ed83694f4107896f45335cafc402a20b29e007492fa221,Matched committed raw Signal Studies snapshot by id and referencenumber.,CQ21-2383,170018,2021-10-12T00:00:00.000,Traffic Signal,Queens,57 ROAD,59 STREET,,A/W Approval,included,Legacy curated QCB5 signal-study input. Signal Studies lack a community-board field and source coordinates; inclusion was carried forward from prior street-name curation and still needs row-level human review.,needs_human_review,True,
349,output/data_cb5_signal_studies.csv,29693d5ec9ae77773860754ef17918530e05ac5bdb7f4fef46efa70c962913b7,data_raw/signal_studies_citywide.csv,matched,1,29693d5ec9ae77773860754ef17918530e05ac5bdb7f4fef46efa70c962913b7,Matched committed raw Signal Studies snapshot by id and referencenumber.,CQ21-2188B,168843,2021-10-01T00:00:00.000,Traffic Signal,Queens,FRESH POND ROAD,60 ROAD,,Engineering Study Completed     (Signals Engineering),included,Legacy curated QCB5 signal-study input. Signal Studies lack a community-board field and source coordinates; inclusion was carried forward from prior street-name curation and still needs row-level human review.,needs_human_review,True,
350,output/data_cb5_signal_studies.csv,040f415576de65bc3875bea387a0d92b2599b67f4040c198129c20c654df82aa,data_raw/signal_studies_citywide.csv,matched,1,040f415576de65bc3875bea387a0d92b2599b67f4040c198129c20c654df82aa,Matched committed raw Signal Studies snapshot by id and referencenumber.,CQ21-2187B,168842,2021-10-01T00:00:00.000,Leading Pedestrian Interval,Queens,LUTHERAN AVENUE,ELIOT AVENUE,,Engineering Study Completed     (Signals Engineering),included,Legacy curated QCB5 signal-study input. Signal Studies lack a community-board field and source coordinates; inclusion was carried forward from prior street-name curation and still needs row-level human review.,needs_human_review,True,
351,output/data_cb5_signal_studies.csv,5b215e8b7b421440bcfa8bb9d8d41cdb05d1890105dcde2499bfde2031574ecc,data_raw/signal_studies_citywide.csv,matched,1,5b215e8b7b421440bcfa8bb9d8d41cdb05d1890105dcde2499bfde2031574ecc,Matched committed raw Signal Studies snapshot by id and referencenumber.,CQ21-1974B,168629,2021-09-15T00:00:00.000,Leading Pedestrian Interval,Queens,METROPOLITAN AVENUE,FOREST AVENUE,,Engineering Study Completed     (Signals Engineering),included,Legacy curated QCB5 signal-study input. Signal Studies lack a community-board field and source coordinates; inclusion was carried forward from prior street-name curation and still needs row-level human review.,needs_human_review,True,
352,output/data_cb5_signal_studies.csv,3e54b70b24199352023e7b3c8eef81391139124eb0a3807d0008507cce1c84fa,data_raw/signal_studies_citywide.csv,matched,1,3e54b70b24199352023e7b3c8eef81391139124eb0a3807d0008507cce1c84fa,Matched committed raw Signal Studies snapshot by id and referencenumber.,CQ21-1921B,168576,2021-09-14T00:00:00.000,Leading Pedestrian Interval,Queens,METROPOLITAN AVENUE,WOODWARD AVENUE,,Engineering Study Completed     (Signals Engineering),included,Legacy curated QCB5 signal-study input. Signal Studies lack a community-board field and source coordinates; inclusion was carried forward from prior street-name curation and still needs row-level human review.,needs_human_review,True,
353,output/data_cb5_signal_studies.csv,d985864f941902eee950e583cef1e753085577d105f99d0d215c668d56f36760,data_raw/signal_studies_citywide.csv,matched,1,d985864f941902eee950e583cef1e753085577d105f99d0d215c668d56f36760,Matched committed raw Signal Studies snapshot by id and referencenumber.,CQ21-1880APS,168535,2021-09-09T00:00:00.000,Accessible Pedestrian Signal,Queens,COOPER AVENUE,64 PLACE,,APS Ranking Completed; Awaiting Design,included,Legacy curated QCB5 signal-study input. Signal Studies lack a community-board field and source coordinates; inclusion was carried forward from prior street-name curation and still needs row-level human review.,needs_human_review,True,
354,output/data_cb5_signal_studies.csv,98d8d94981e30388ab1807158a933da17ef2d79fc85862af9132414fc0d51b5b,data_raw/signal_studies_citywide.csv,matched,1,98d8d94981e30388ab1807158a933da17ef2d79fc85862af9132414fc0d51b5b,Matched committed raw Signal Studies snapshot by id and referencenumber.,CQ21-1868,168523,2021-08-27T00:00:00.000,All-Way Stop,Queens,69 STREET,52 AVENUE,,Signal Approval,included,Legacy curated QCB5 signal-study input. Signal Studies lack a community-board field and source coordinates; inclusion was carried forward from prior street-name curation and still needs row-level human review.,needs_human_review,True,
355,output/data_cb5_signal_studies.csv,7a667e140cfe7c4f26b74416a8b2c9f444bb7d965727c21a60f5f290beff5956,data_raw/signal_studies_citywide.csv,matched,1,7a667e140cfe7c4f26b74416a8b2c9f444bb7d965727c21a60f5f290beff5956,Matched committed raw Signal Studies snapshot by id and referencenumber.,CQ21-1833B,168488,2021-08-30T00:00:00.000,Leading Pedestrian Interval,Queens,ELIOT AVENUE,72 STREET,,Engineering Study Completed     (Signals Engineering),included,Legacy curated QCB5 signal-study input. Signal Studies lack a community-board field and source coordinates; inclusion was carried forward from prior street-name curation and still needs row-level human review.,needs_human_review,True,
356,output/data_cb5_signal_studies.csv,1d4cb56cec20bfe8f6bbdff137ac1457d95997c539fe8b76bcea8b5a6c9536db,data_raw/signal_studies_citywide.csv,matched,1,1d4cb56cec20bfe8f6bbdff137ac1457d95997c539fe8b76bcea8b5a6c9536db,Matched committed raw Signal Studies snapshot by id and referencenumber.,CQ21-1754,168409,2021-08-17T00:00:00.000,All-Way Stop,Queens,66 STREET,53 AVENUE,,Study Request Denial,included,Legacy curated QCB5 signal-study input. Signal Studies lack a community-board field and source coordinates; inclusion was carried forward from prior street-name curation and still needs row-level human review.,needs_human_review,True,
357,output/data_cb5_signal_studies.csv,dc18eb13a7014a0267324ea598aa9d9b42e7a33162d13e3e74750199907a36fd,data_raw/signal_studies_citywide.csv,matched,1,dc18eb13a7014a0267324ea598aa9d9b42e7a33162d13e3e74750199907a36fd,Matched committed raw Signal Studies snapshot by id and referencenumber.,CQ21-1549,166235,2021-07-23T00:00:00.000,Traffic Signal,Queens,COOPER AVENUE,60 STREET,,Study Request Denial,included,Legacy curated QCB5 signal-study input. Signal Studies lack a community-board field and source coordinates; inclusion was carried forward from prior street-name curation and still needs row-level human review.,needs_human_review,True,
358,output/data_cb5_signal_studies.csv,39ba5a279680eb83c81f4fa983f86cc445552cefb196150044b8aa6e666d9825,data_raw/signal_studies_citywide.csv,matched,1,39ba5a279680eb83c81f4fa983f86cc445552cefb196150044b8aa6e666d9825,Matched committed raw Signal Studies snapshot by id and referencenumber.,CQ21-1545,166231,2021-07-23T00:00:00.000,All-Way Stop,Queens,FAIRVIEW AVENUE,PALMETTO STREET,,A/W Approval,included,Legacy curated QCB5 signal-study input. Signal Studies lack a community-board field and source coordinates; inclusion was carried forward from prior street-name curation and still needs row-level human review.,needs_human_review,True,
359,output/data_cb5_signal_studies.csv,64d9bf4f08df87cc9c3dead6bfbf9f9a70a6b556fa8ef3ed23aa08cd51c451fd,data_raw/signal_studies_citywide.csv,matched,1,64d9bf4f08df87cc9c3dead6bfbf9f9a70a6b556fa8ef3ed23aa08cd51c451fd,Matched committed raw Signal Studies snapshot by id and referencenumber.,CQ21-1538,166224,2021-07-22T00:00:00.000,All-Way Stop,Queens,84 STREET,78 AVENUE,,A/W Approval,included,Legacy curated QCB5 signal-study input. Signal Studies lack a community-board field and source coordinates; inclusion was carried forward from prior street-name curation and still needs row-level human review.,needs_human_review,True,
360,output/data_cb5_signal_studies.csv,08a4a11d89d06e0603e46b15e6d76a0215f9b2820acb0881f52defb5998d13a6,data_raw/signal_studies_citywide.csv,matched,1,08a4a11d89d06e0603e46b15e6d76a0215f9b2820acb0881f52defb5998d13a6,Matched committed raw Signal Studies snapshot by id and referencenumber.,CQ21-1518,166204,2021-07-19T00:00:00.000,All-Way Stop,Queens,69 STREET,59 DRIVE,,Study Request Denial,included,Legacy curated QCB5 signal-study input. Signal Studies lack a community-board field and source coordinates; inclusion was carried forward from prior street-name curation and still needs row-level human review.,needs_human_review,True,
361,output/data_cb5_signal_studies.csv,fcd364a420334238a270b1a74b7f91b9f774c85ecc99ac3f1b458fe2c56b0667,data_raw/signal_studies_citywide.csv,matched,1,fcd364a420334238a270b1a74b7f91b9f774c85ecc99ac3f1b458fe2c56b0667,Matched committed raw Signal Studies snapshot by id and referencenumber.,CQ21-1506B,166192,2021-07-20T00:00:00.000,Traffic Signal,Queens,MYRTLE AVENUE,62 STREET,,Engineering Study Completed     (Signals Engineering),included,Legacy curated QCB5 signal-study input. Signal Studies lack a community-board field and source coordinates; inclusion was carried forward from prior street-name curation and still needs row-level human review.,needs_human_review,True,
362,output/data_cb5_signal_studies.csv,710c4c2195b45d8a26886e6161c7c6368b6f9bfc1c24c44234d117053c437606,data_raw/signal_studies_citywide.csv,matched,1,710c4c2195b45d8a26886e6161c7c6368b6f9bfc1c24c44234d117053c437606,Matched committed raw Signal Studies snapshot by id and referencenumber.,CQ21-1495,166181,2021-07-15T00:00:00.000,All-Way Stop,Queens,ADMIRAL AVENUE,TERRACE COURT,,Study Request Denial,included,Legacy curated QCB5 signal-study input. Signal Studies lack a community-board field and source coordinates; inclusion was carried forward from prior street-name curation and still needs row-level human review.,needs_human_review,True,
363,output/data_cb5_signal_studies.csv,2ee9284cff6db55e574a04e13aa22983f4e4f38d28c85ee64d73c3d083aa5003,data_raw/signal_studies_citywide.csv,matched,1,2ee9284cff6db55e574a04e13aa22983f4e4f38d28c85ee64d73c3d083aa5003,Matched committed raw Signal Studies snapshot by id and referencenumber.,CQ21-1386,166072,2021-07-02T00:00:00.000,All-Way Stop,Queens,GRANDVIEW AVENUE,GROVE STREET,,Study Request Denial,included,Legacy curated QCB5 signal-study input. Signal Studies lack a community-board field and source coordinates; inclusion was carried forward from prior street-name curation and still needs row-level human review.,needs_human_review,True,
364,output/data_cb5_signal_studies.csv,20ab6d4fac459e1c21c59bb1da697866fb3ac98b2f7198e80c7320180df59d41,data_raw/signal_studies_citywide.csv,matched,1,20ab6d4fac459e1c21c59bb1da697866fb3ac98b2f7198e80c7320180df59d41,Matched committed raw Signal Studies snapshot by id and referencenumber.,CQ21-1339,166025,2021-09-24T00:00:00.000,All-Way Stop,Queens,69 AVENUE,73 PLACE,,Study Request Denial,included,Legacy curated QCB5 signal-study input. Signal Studies lack a community-board field and source coordinates; inclusion was carried forward from prior street-name curation and still needs row-level human review.,needs_human_review,True,
365,output/data_cb5_signal_studies.csv,0b96562fec479b938201dc03c7d4cd077151513dda279ea78b4e1e6f6749db02,data_raw/signal_studies_citywide.csv,matched,1,0b96562fec479b938201dc03c7d4cd077151513dda279ea78b4e1e6f6749db02,Matched committed raw Signal Studies snapshot by id and referencenumber.,CQ21-1280B,165966,2021-06-22T00:00:00.000,Traffic Signal,Queens,CYPRESS AVENUE,COOPER AVENUE,,Engineering Study Completed     (Signals Engineering),included,Legacy curated QCB5 signal-study input. Signal Studies lack a community-board field and source coordinates; inclusion was carried forward from prior street-name curation and still needs row-level human review.,needs_human_review,True,
366,output/data_cb5_signal_studies.csv,247db86c733c669cbe2f9ab072941e2ae2225831f03ae6791298913d44ca5bd3,data_raw/signal_studies_citywide.csv,matched,1,247db86c733c669cbe2f9ab072941e2ae2225831f03ae6791298913d44ca5bd3,Matched committed raw Signal Studies snapshot by id and referencenumber.,CQ21-1219,165905,2021-06-14T00:00:00.000,Traffic Signal,Queens,74 STREET,LONG ISLAND EXPRESSWAY,,Study Request Denial,included,Legacy curated QCB5 signal-study input. Signal Studies lack a community-board field and source coordinates; inclusion was carried forward from prior street-name curation and still needs row-level human review.,needs_human_review,True,
367,output/data_cb5_signal_studies.csv,6ff2025271529ad03973f26bf98fb742949e5892db12154c5144e75941914032,data_raw/signal_studies_citywide.csv,matched,1,6ff2025271529ad03973f26bf98fb742949e5892db12154c5144e75941914032,Matched committed raw Signal Studies snapshot by id and referencenumber.,CQ21-1190,165876,2021-06-11T00:00:00.000,All-Way Stop,Queens,60 STREET,56 DRIVE,,Study Request Denial,included,Legacy curated QCB5 signal-study input. Signal Studies lack a community-board field and source coordinates; inclusion was carried forward from prior street-name curation and still needs row-level human review.,needs_human_review,True,
368,output/data_cb5_signal_studies.csv,ebbafa2ba4b348ba54e196fcb7ccabc65354a3e4488e553426a40c5e97836189,data_raw/signal_studies_citywide.csv,matched,1,ebbafa2ba4b348ba54e196fcb7ccabc65354a3e4488e553426a40c5e97836189,Matched committed raw Signal Studies snapshot by id and referencenumber.,CQ21-1181,165867,2021-06-10T00:00:00.000,All-Way Stop,Queens,74 STREET,58 AVENUE,,Study Request Denial,included,Legacy curated QCB5 signal-study input. Signal Studies lack a community-board field and source coordinates; inclusion was carried forward from prior street-name curation and still needs row-level human review.,needs_human_review,True,
369,output/data_cb5_signal_studies.csv,06978691f8ea8f176d3c36181dede27a97cb11ff442705514f062fc4d281133a,data_raw/signal_studies_citywide.csv,matched,1,06978691f8ea8f176d3c36181dede27a97cb11ff442705514f062fc4d281133a,Matched committed raw Signal Studies snapshot by id and referencenumber.,CQ21-1143,165829,2021-06-04T00:00:00.000,Traffic Signal,Queens,COOPER AVENUE,60 LANE,,A/W Approval,included,Legacy curated QCB5 signal-study input. Signal Studies lack a community-board field and source coordinates; inclusion was carried forward from prior street-name curation and still needs row-level human review.,needs_human_review,True,
370,output/data_cb5_signal_studies.csv,e801f84381ceca9a867868eed22332d7808276fbc68d1169917c582791fe4aef,data_raw/signal_studies_citywide.csv,matched,1,e801f84381ceca9a867868eed22332d7808276fbc68d1169917c582791fe4aef,Matched committed raw Signal Studies snapshot by id and referencenumber.,CQ21-1110B,165796,2021-06-01T00:00:00.000,Left Turn Arrow/Signal,Queens,MAURICE AVENUE,BORDEN AVENUE,,Engineering Study Completed     (Signals Engineering),included,Legacy curated QCB5 signal-study input. Signal Studies lack a community-board field and source coordinates; inclusion was carried forward from prior street-name curation and still needs row-level human review.,needs_human_review,True,
371,output/data_cb5_signal_studies.csv,5c898fa058bffdfe7fc69b2949351b0d68186e281a1a26b6c76caf56a36ba9e1,data_raw/signal_studies_citywide.csv,matched,1,5c898fa058bffdfe7fc69b2949351b0d68186e281a1a26b6c76caf56a36ba9e1,Matched committed raw Signal Studies snapshot by id and referencenumber.,CQ21-1061,165747,2021-05-24T00:00:00.000,All-Way Stop,Queens,69 ROAD,76 STREET,,Study Request Denial,included,Legacy curated QCB5 signal-study input. Signal Studies lack a community-board field and source coordinates; inclusion was carried forward from prior street-name curation and still needs row-level human review.,needs_human_review,True,
372,output/data_cb5_signal_studies.csv,ff879f22332bfd51887b2abd164bd6c44b1a5f91b5e9abae9fa64e70eb9b137c,data_raw/signal_studies_citywide.csv,matched,1,ff879f22332bfd51887b2abd164bd6c44b1a5f91b5e9abae9fa64e70eb9b137c,Matched committed raw Signal Studies snapshot by id and referencenumber.,CQ21-1060,165746,2021-05-24T00:00:00.000,All-Way Stop,Queens,54 AVENUE,61 STREET,,Study Request Denial,included,Legacy curated QCB5 signal-study input. Signal Studies lack a community-board field and source coordinates; inclusion was carried forward from prior street-name curation and still needs row-level human review.,needs_human_review,True,
373,output/data_cb5_signal_studies.csv,02d65cba8e2edba1325faad2a1a76d341ff17cc1e0b3dba054e94948ee81190e,data_raw/signal_studies_citywide.csv,matched,1,02d65cba8e2edba1325faad2a1a76d341ff17cc1e0b3dba054e94948ee81190e,Matched committed raw Signal Studies snapshot by id and referencenumber.,CQ21-1009,165695,2021-05-18T00:00:00.000,All-Way Stop,Queens,CYPRESS AVENUE,CLOVER PLACE,,Study Request Denial,included,Legacy curated QCB5 signal-study input. Signal Studies lack a community-board field and source coordinates; inclusion was carried forward from prior street-name curation and still needs row-level human review.,needs_human_review,True,
374,output/data_cb5_signal_studies.csv,8d7c102076974914eb7db13cf1ab1d344ec20bb0b836d44a746a73d5d33636c8,data_raw/signal_studies_citywide.csv,matched,1,8d7c102076974914eb7db13cf1ab1d344ec20bb0b836d44a746a73d5d33636c8,Matched committed raw Signal Studies snapshot by id and referencenumber.,CQ21-0912B,165598,2021-05-05T00:00:00.000,Traffic Signal,Queens,FOREST AVENUE,67 AVENUE,FAIRVIEW AVENUE,Engineering Study Completed     (Signals Engineering),included,Legacy curated QCB5 signal-study input. Signal Studies lack a community-board field and source coordinates; inclusion was carried forward from prior street-name curation and still needs row-level human review.,needs_human_review,True,
375,output/data_cb5_signal_studies.csv,591956fbbcd5633ee8c6e0b65ea645a64e3f639cf30b5bed569a6876e29c08b1,data_raw/signal_studies_citywide.csv,matched,1,591956fbbcd5633ee8c6e0b65ea645a64e3f639cf30b5bed569a6876e29c08b1,Matched committed raw Signal Studies snapshot by id and referencenumber.,CQ21-0868B,165554,2021-04-29T00:00:00.000,Left Turn Arrow/Signal,Queens,METROPOLITAN AVENUE,WOODHAVEN BOULEVARD,,Engineering Study Completed     (Signals Engineering),included,Legacy curated QCB5 signal-study input. Signal Studies lack a community-board field and source coordinates; inclusion was carried forward from prior street-name curation and still needs row-level human review.,needs_human_review,True,
376,output/data_cb5_signal_studies.csv,23d0900e1ddfa72164b5897e329d4a573a2ff955ce403f49da3a3c68eaa332cc,data_raw/signal_studies_citywide.csv,matched,1,23d0900e1ddfa72164b5897e329d4a573a2ff955ce403f49da3a3c68eaa332cc,Matched committed raw Signal Studies snapshot by id and referencenumber.,CQ21-0791,165477,2021-04-23T00:00:00.000,All-Way Stop,Queens,69 STREET,55 AVENUE,,Study Request Denial,included,Legacy curated QCB5 signal-study input. Signal Studies lack a community-board field and source coordinates; inclusion was carried forward from prior street-name curation and still needs row-level human review.,needs_human_review,True,
377,output/data_cb5_signal_studies.csv,013f7004345f7d4a0d5b0a650a9bf00a544d7849a2ee650b46cb29379914a651,data_raw/signal_studies_citywide.csv,duplicate_raw_match,3,013f7004345f7d4a0d5b0a650a9bf00a544d7849a2ee650b46cb29379914a651,Matched duplicate identical raw rows by id and referencenumber; retained curated row for human review.,CQ21-0749,165435,2021-04-20T00:00:00.000,Traffic Signal,Queens,69 LANE,LONG ISLAND EXPRESSWAY,,Signal Approval,included,Legacy curated QCB5 signal-study input. Signal Studies lack a community-board field and source coordinates; inclusion was carried forward from prior street-name curation and still needs row-level human review.,needs_human_review,True,
378,output/data_cb5_signal_studies.csv,013f7004345f7d4a0d5b0a650a9bf00a544d7849a2ee650b46cb29379914a651,data_raw/signal_studies_citywide.csv,duplicate_raw_match,3,013f7004345f7d4a0d5b0a650a9bf00a544d7849a2ee650b46cb29379914a651,Matched duplicate identical raw rows by id and referencenumber; retained curated row for human review.,CQ21-0749,165435,2021-04-20T00:00:00.000,Traffic Signal,Queens,69 LANE,LONG ISLAND EXPRESSWAY,,Signal Approval,included,Legacy curated QCB5 signal-study input. Signal Studies lack a community-board field and source coordinates; inclusion was carried forward from prior street-name curation and still needs row-level human review.,needs_human_review,True,
379,output/data_cb5_signal_studies.csv,013f7004345f7d4a0d5b0a650a9bf00a544d7849a2ee650b46cb29379914a651,data_raw/signal_studies_citywide.csv,duplicate_raw_match,3,013f7004345f7d4a0d5b0a650a9bf00a544d7849a2ee650b46cb29379914a651,Matched duplicate identical raw rows by id and referencenumber; retained curated row for human review.,CQ21-0749,165435,2021-04-20T00:00:00.000,Traffic Signal,Queens,69 LANE,LONG ISLAND EXPRESSWAY,,Signal Approval,included,Legacy curated QCB5 signal-study input. Signal Studies lack a community-board field and source coordinates; inclusion was carried forward from prior street-name curation and still needs row-level human review.,needs_human_review,True,
380,output/data_cb5_signal_studies.csv,4afe6558fb898883c548be79b17a3b151b3dde4d656290ac952a0f173076d931,data_raw/signal_studies_citywide.csv,matched,1,4afe6558fb898883c548be79b17a3b151b3dde4d656290ac952a0f173076d931,Matched committed raw Signal Studies snapshot by id and referencenumber.,CQ21-0748B,165434,2021-04-21T00:00:00.000,Traffic Signal,Queens,FRESH POND ROAD,MENAHAN STREET,GROVE STREET,Engineering Study Completed     (Signals Engineering),included,Legacy curated QCB5 signal-study input. Signal Studies lack a community-board field and source coordinates; inclusion was carried forward from prior street-name curation and still needs row-level human review.,needs_human_review,True,
381,output/data_cb5_signal_studies.csv,e9b3444feff09ecce96ccadd733b23fff948593efa24a9484e146c876374560f,data_raw/signal_studies_citywide.csv,matched,1,e9b3444feff09ecce96ccadd733b23fff948593efa24a9484e146c876374560f,Matched committed raw Signal Studies snapshot by id and referencenumber.,CQ21-0722,165408,2021-04-16T00:00:00.000,Traffic Signal,Queens,74 STREET,MYRTLE AVENUE,,Study Request Denial,included,Legacy curated QCB5 signal-study input. Signal Studies lack a community-board field and source coordinates; inclusion was carried forward from prior street-name curation and still needs row-level human review.,needs_human_review,True,
382,output/data_cb5_signal_studies.csv,836d29eeda1fd49d64f089e7c6a42ecf170d50b7e7b90fc059e0ca71a0184062,data_raw/signal_studies_citywide.csv,matched,1,836d29eeda1fd49d64f089e7c6a42ecf170d50b7e7b90fc059e0ca71a0184062,Matched committed raw Signal Studies snapshot by id and referencenumber.,CQ21-0708APS,165394,2021-04-16T00:00:00.000,Accessible Pedestrian Signal,Queens,METROPOLITAN AVENUE,AUBREY AVENUE,,APS Ranking Completed; Awaiting Design,included,Legacy curated QCB5 signal-study input. Signal Studies lack a community-board field and source coordinates; inclusion was carried forward from prior street-name curation and still needs row-level human review.,needs_human_review,True,
383,output/data_cb5_signal_studies.csv,5a5c599f8bba16ecc2a4c98002b27291c9a747eddf983a6a16b0969f2ddfc513,data_raw/signal_studies_citywide.csv,matched,1,5a5c599f8bba16ecc2a4c98002b27291c9a747eddf983a6a16b0969f2ddfc513,Matched committed raw Signal Studies snapshot by id and referencenumber.,CQ21-0614,165300,2021-04-06T00:00:00.000,All-Way Stop,Queens,60 AVENUE,71 STREET,,Study Request Denial,included,Legacy curated QCB5 signal-study input. Signal Studies lack a community-board field and source coordinates; inclusion was carried forward from prior street-name curation and still needs row-level human review.,needs_human_review,True,
384,output/data_cb5_signal_studies.csv,5dfa9a158fcbb6f7f06eb258b0b910c8f08f20a27875bd815c2b26f9e6cf6416,data_raw/signal_studies_citywide.csv,matched,1,5dfa9a158fcbb6f7f06eb258b0b910c8f08f20a27875bd815c2b26f9e6cf6416,Matched committed raw Signal Studies snapshot by id and referencenumber.,CQ21-0579,165265,2021-03-29T00:00:00.000,All-Way Stop,Queens,BROWN PLACE,58 AVENUE,BROWN PLACE,Study Request Denial,included,Legacy curated QCB5 signal-study input. Signal Studies lack a community-board field and source coordinates; inclusion was carried forward from prior street-name curation and still needs row-level human review.,needs_human_review,True,
385,output/data_cb5_signal_studies.csv,0b3be3f2ad5c9a53951b32c684c5620dbb2a2ef1aedfa2b99a1ca43fb04dedf3,data_raw/signal_studies_citywide.csv,matched,1,0b3be3f2ad5c9a53951b32c684c5620dbb2a2ef1aedfa2b99a1ca43fb04dedf3,Matched committed raw Signal Studies snapshot by id and referencenumber.,CQ21-0577,165263,2021-03-30T00:00:00.000,Traffic Signal,Queens,CENTRE STREET,WYCKOFF AVENUE,WYCKOFF AVENUE - Duplicate Street Name,Study Request Denial,included,Legacy curated QCB5 signal-study input. Signal Studies lack a community-board field and source coordinates; inclusion was carried forward from prior street-name curation and still needs row-level human review.,needs_human_review,True,
386,output/data_cb5_signal_studies.csv,e59070490f09e7aa3eada6200e514277f82148aca2ac0f7646c623619d9091b0,data_raw/signal_studies_citywide.csv,matched,1,e59070490f09e7aa3eada6200e514277f82148aca2ac0f7646c623619d9091b0,Matched committed raw Signal Studies snapshot by id and referencenumber.,CQ21-0565APS,165251,2021-03-29T00:00:00.000,Accessible Pedestrian Signal,Queens,FRESH POND ROAD,60 ROAD,,APS Ranking Completed; Awaiting Design,included,Legacy curated QCB5 signal-study input. Signal Studies lack a community-board field and source coordinates; inclusion was carried forward from prior street-name curation and still needs row-level human review.,needs_human_review,True,
387,output/data_cb5_signal_studies.csv,7053a9fe3a5e4b6189e29acfc60cb7b835e22a06726dee395bc8e94a19f0c18e,data_raw/signal_studies_citywide.csv,matched,1,7053a9fe3a5e4b6189e29acfc60cb7b835e22a06726dee395bc8e94a19f0c18e,Matched committed raw Signal Studies snapshot by id and referencenumber.,CQ21-0557,165243,2021-03-26T00:00:00.000,All-Way Stop,Queens,60 STREET,67 AVENUE,,Study Request Denial,included,Legacy curated QCB5 signal-study input. Signal Studies lack a community-board field and source coordinates; inclusion was carried forward from prior street-name curation and still needs row-level human review.,needs_human_review,True,
388,output/data_cb5_signal_studies.csv,de942505a177625f17868aacb3fc1d50c76673de128c08782497ebce693ec790,data_raw/signal_studies_citywide.csv,matched,1,de942505a177625f17868aacb3fc1d50c76673de128c08782497ebce693ec790,Matched committed raw Signal Studies snapshot by id and referencenumber.,CQ21-0425B,164128,2021-03-04T00:00:00.000,Left Turn Arrow/Signal,Queens,FLUSHING AVENUE,ONDERDONK AVENUE,,Engineering Study Completed     (Signals Engineering),included,Legacy curated QCB5 signal-study input. Signal Studies lack a community-board field and source coordinates; inclusion was carried forward from prior street-name curation and still needs row-level human review.,needs_human_review,True,
389,output/data_cb5_signal_studies.csv,fe5f5536b06f9b409b7c171faf07f2738e6f0ff01b855e31536048785bced717,data_raw/signal_studies_citywide.csv,matched,1,fe5f5536b06f9b409b7c171faf07f2738e6f0ff01b855e31536048785bced717,Matched committed raw Signal Studies snapshot by id and referencenumber.,CQ21-0391B,164094,2021-02-25T00:00:00.000,Left Turn Arrow/Signal,Queens,METROPOLITAN AVENUE,FLUSHING AVENUE,,Engineering Study Completed     (Signals Engineering),included,Legacy curated QCB5 signal-study input. Signal Studies lack a community-board field and source coordinates; inclusion was carried forward from prior street-name curation and still needs row-level human review.,needs_human_review,True,
390,output/data_cb5_signal_studies.csv,37946da60b7eee6ab6ccefc35a9affb1db32c11fcfb6e324d707096cdb6f5fac,data_raw/signal_studies_citywide.csv,matched,1,37946da60b7eee6ab6ccefc35a9affb1db32c11fcfb6e324d707096cdb6f5fac,Matched committed raw Signal Studies snapshot by id and referencenumber.,CQ21-0387B,164090,2021-02-25T00:00:00.000,Traffic Signal Removal,Queens,MYRTLE AVENUE,FOREST AVENUE,GEORGE STREET,Engineering Study Completed     (Signals Engineering),included,Legacy curated QCB5 signal-study input. Signal Studies lack a community-board field and source coordinates; inclusion was carried forward from prior street-name curation and still needs row-level human review.,needs_human_review,True,
391,output/data_cb5_signal_studies.csv,6385e843a9da69c01a60711710393b36b1b983f7b4a087466c35e5d209ed4e3d,data_raw/signal_studies_citywide.csv,matched,1,6385e843a9da69c01a60711710393b36b1b983f7b4a087466c35e5d209ed4e3d,Matched committed raw Signal Studies snapshot by id and referencenumber.,CQ21-0303APS,164006,2021-02-12T00:00:00.000,Accessible Pedestrian Signal,Queens,METROPOLITAN AVENUE,55 STREET,,APS Ranking Completed; Awaiting Design,included,Legacy curated QCB5 signal-study input. Signal Studies lack a community-board field and source coordinates; inclusion was carried forward from prior street-name curation and still needs row-level human review.,needs_human_review,True,
392,output/data_cb5_signal_studies.csv,03f9b3d9e75cbfbfee4e6826921dfba6b401a2bfdab6851d5bc569d7c61e8234,data_raw/signal_studies_citywide.csv,matched,1,03f9b3d9e75cbfbfee4e6826921dfba6b401a2bfdab6851d5bc569d7c61e8234,Matched committed raw Signal Studies snapshot by id and referencenumber.,CQ21-0261,163964,2021-02-09T00:00:00.000,All-Way Stop,Queens,82 PLACE,PENELOPE AVENUE,,Study Request Denial,included,Legacy curated QCB5 signal-study input. Signal Studies lack a community-board field and source coordinates; inclusion was carried forward from prior street-name curation and still needs row-level human review.,needs_human_review,True,
393,output/data_cb5_signal_studies.csv,fd5aba14440b6219a764be021429e1b547461e95f3c979297148e41f9e074ad8,data_raw/signal_studies_citywide.csv,matched,1,fd5aba14440b6219a764be021429e1b547461e95f3c979297148e41f9e074ad8,Matched committed raw Signal Studies snapshot by id and referencenumber.,CQ21-0256,163959,2021-02-08T00:00:00.000,All-Way Stop,Queens,59 STREET,59 AVENUE,,Study Request Denial,included,Legacy curated QCB5 signal-study input. Signal Studies lack a community-board field and source coordinates; inclusion was carried forward from prior street-name curation and still needs row-level human review.,needs_human_review,True,
394,output/data_cb5_signal_studies.csv,e144e3007f4f83ffc574fddab4f162757dd0aaccb29e1a5ab775c09d89c3faac,data_raw/signal_studies_citywide.csv,matched,1,e144e3007f4f83ffc574fddab4f162757dd0aaccb29e1a5ab775c09d89c3faac,Matched committed raw Signal Studies snapshot by id and referencenumber.,CQ21-0215,162932,2021-02-01T00:00:00.000,Traffic Signal,Queens,METROPOLITAN AVENUE,64 STREET,,Study Request Denial,included,Legacy curated QCB5 signal-study input. Signal Studies lack a community-board field and source coordinates; inclusion was carried forward from prior street-name curation and still needs row-level human review.,needs_human_review,True,
395,output/data_cb5_signal_studies.csv,879a8cea104677d7831cd3949efca5967c0a90ea234ebb7ff2d589c8365cd6bf,data_raw/signal_studies_citywide.csv,matched,1,879a8cea104677d7831cd3949efca5967c0a90ea234ebb7ff2d589c8365cd6bf,Matched committed raw Signal Studies snapshot by id and referencenumber.,CQ21-0205APS,162922,2021-01-29T00:00:00.000,Accessible Pedestrian Signal,Queens,GRAND AVENUE,73 STREET,,APS Ranking Completed; Awaiting Design,included,Legacy curated QCB5 signal-study input. Signal Studies lack a community-board field and source coordinates; inclusion was carried forward from prior street-name curation and still needs row-level human review.,needs_human_review,True,
396,output/data_cb5_signal_studies.csv,2bcdfbe777df3706979cd8c3b5894b7fde9e44671424c6095475f49e4b02b1fb,data_raw/signal_studies_citywide.csv,matched,1,2bcdfbe777df3706979cd8c3b5894b7fde9e44671424c6095475f49e4b02b1fb,Matched committed raw Signal Studies snapshot by id and referencenumber.,CQ21-0204APS,162921,2021-01-29T00:00:00.000,Accessible Pedestrian Signal,Queens,GRAND AVENUE,72 STREET,,APS Ranking Completed; Awaiting Design,included,Legacy curated QCB5 signal-study input. Signal Studies lack a community-board field and source coordinates; inclusion was carried forward from prior street-name curation and still needs row-level human review.,needs_human_review,True,
397,output/data_cb5_signal_studies.csv,50a009c688eaa1bcb3762bb58e427f8dab55076dc5555becaa2010d0a63436de,data_raw/signal_studies_citywide.csv,matched,1,50a009c688eaa1bcb3762bb58e427f8dab55076dc5555becaa2010d0a63436de,Matched committed raw Signal Studies snapshot by id and referencenumber.,CQ21-0203APS,162920,2021-01-29T00:00:00.000,Accessible Pedestrian Signal,Queens,GRAND AVENUE,72 PLACE,,APS Ranking Completed; Awaiting Design,included,Legacy curated QCB5 signal-study input. Signal Studies lack a community-board field and source coordinates; inclusion was carried forward from prior street-name curation and still needs row-level human review.,needs_human_review,True,
398,output/data_cb5_signal_studies.csv,50365bf2eb0a0688942fc5a83b8b852157ce8819bfcffe516298d3c48aa6765e,data_raw/signal_studies_citywide.csv,matched,1,50365bf2eb0a0688942fc5a83b8b852157ce8819bfcffe516298d3c48aa6765e,Matched committed raw Signal Studies snapshot by id and referencenumber.,CQ21-0202APS,162919,2021-01-29T00:00:00.000,Accessible Pedestrian Signal,Queens,GRAND AVENUE,71 STREET,,APS Ranking Completed; Awaiting Design,included,Legacy curated QCB5 signal-study input. Signal Studies lack a community-board field and source coordinates; inclusion was carried forward from prior street-name curation and still needs row-level human review.,needs_human_review,True,
399,output/data_cb5_signal_studies.csv,c725b999aa7d8e9ee0e06b8e6d93c72fdbf00cbe3adff21de2645a0cf001e525,data_raw/signal_studies_citywide.csv,matched,1,c725b999aa7d8e9ee0e06b8e6d93c72fdbf00cbe3adff21de2645a0cf001e525,Matched committed raw Signal Studies snapshot by id and referencenumber.,CQ21-0201APS,162918,2021-01-29T00:00:00.000,Accessible Pedestrian Signal,Queens,GRAND AVENUE,61 STREET,,APS Ranking Completed; Awaiting Design,included,Legacy curated QCB5 signal-study input. Signal Studies lack a community-board field and source coordinates; inclusion was carried forward from prior street-name curation and still needs row-level human review.,needs_human_review,True,
400,output/data_cb5_signal_studies.csv,e03a2bd29c420dc2539db24819ff7d5b28525e46f1cfa5b885f17c2783208668,data_raw/signal_studies_citywide.csv,matched,1,e03a2bd29c420dc2539db24819ff7d5b28525e46f1cfa5b885f17c2783208668,Matched committed raw Signal Studies snapshot by id and referencenumber.,CQ21-0199APS,162916,2021-01-29T00:00:00.000,Accessible Pedestrian Signal,Queens,FRESH PD ROAD,PALMETTO STREET,,APS Ranking Completed; Awaiting Design,included,Legacy curated QCB5 signal-study input. Signal Studies lack a community-board field and source coordinates; inclusion was carried forward from prior street-name curation and still needs row-level human review.,needs_human_review,True,
401,output/data_cb5_signal_studies.csv,10bc12f41c9fa836443beddfece398e4d4a08344f1235feefe1dbe9f3fd61d24,data_raw/signal_studies_citywide.csv,matched,1,10bc12f41c9fa836443beddfece398e4d4a08344f1235feefe1dbe9f3fd61d24,Matched committed raw Signal Studies snapshot by id and referencenumber.,CQ21-0198APS,162915,2021-01-29T00:00:00.000,Accessible Pedestrian Signal,Queens,FRESH POND ROAD,MADISON STREET,,APS Ranking Completed; Awaiting Design,included,Legacy curated QCB5 signal-study input. Signal Studies lack a community-board field and source coordinates; inclusion was carried forward from prior street-name curation and still needs row-level human review.,needs_human_review,True,
402,output/data_cb5_signal_studies.csv,3884e13d9da164c90414feed4def3d6cbfa82e0091feb89eac1a1cb6a1274ee5,data_raw/signal_studies_citywide.csv,matched,1,3884e13d9da164c90414feed4def3d6cbfa82e0091feb89eac1a1cb6a1274ee5,Matched committed raw Signal Studies snapshot by id and referencenumber.,CQ21-0194,162911,2021-01-29T00:00:00.000,All-Way Stop,Queens,PALMETTO STREET,60 PLACE,,A/W Approval,included,Legacy curated QCB5 signal-study input. Signal Studies lack a community-board field and source coordinates; inclusion was carried forward from prior street-name curation and still needs row-level human review.,needs_human_review,True,
403,output/data_cb5_signal_studies.csv,27c972b1ad81692311d038b3c2185a119cfa599ca33723d47da66483ff42aa20,data_raw/signal_studies_citywide.csv,matched,1,27c972b1ad81692311d038b3c2185a119cfa599ca33723d47da66483ff42aa20,Matched committed raw Signal Studies snapshot by id and referencenumber.,CQ21-0108APS,162825,2021-01-21T00:00:00.000,Accessible Pedestrian Signal,Queens,FRESH POND ROAD,LINDEN STREET,,APS Ranking Completed; Awaiting Design,included,Legacy curated QCB5 signal-study input. Signal Studies lack a community-board field and source coordinates; inclusion was carried forward from prior street-name curation and still needs row-level human review.,needs_human_review,True,
404,output/data_cb5_signal_studies.csv,e006dc882bc6f8fb933f7ebef05f6e532d4bbc48aa10e72dee172a14180f9e47,data_raw/signal_studies_citywide.csv,matched,1,e006dc882bc6f8fb933f7ebef05f6e532d4bbc48aa10e72dee172a14180f9e47,Matched committed raw Signal Studies snapshot by id and referencenumber.,CQ21-0107APS,162824,2021-01-21T00:00:00.000,Accessible Pedestrian Signal,Queens,FRESH POND ROAD,GROVE STREET,,APS Ranking Completed; Awaiting Design,included,Legacy curated QCB5 signal-study input. Signal Studies lack a community-board field and source coordinates; inclusion was carried forward from prior street-name curation and still needs row-level human review.,needs_human_review,True,
405,output/data_cb5_signal_studies.csv,4c1bc52adc1f0ee0f1ada53564bddde69904fd77e4a3a2b14ecedfdac41a8b5e,data_raw/signal_studies_citywide.csv,matched,1,4c1bc52adc1f0ee0f1ada53564bddde69904fd77e4a3a2b14ecedfdac41a8b5e,Matched committed raw Signal Studies snapshot by id and referencenumber.,CQ21-0106APS,162823,2021-01-21T00:00:00.000,Accessible Pedestrian Signal,Queens,FRESH POND ROAD,GATES AVENUE,,APS Ranking Completed; Awaiting Design,included,Legacy curated QCB5 signal-study input. Signal Studies lack a community-board field and source coordinates; inclusion was carried forward from prior street-name curation and still needs row-level human review.,needs_human_review,True,
406,output/data_cb5_signal_studies.csv,e28ba9fc49d8c0fc8efe1e0e214e3e07a2fd41e6a3ae0077de4794d43046bb29,data_raw/signal_studies_citywide.csv,matched,1,e28ba9fc49d8c0fc8efe1e0e214e3e07a2fd41e6a3ae0077de4794d43046bb29,Matched committed raw Signal Studies snapshot by id and referencenumber.,CQ21-0105APS,162822,2021-01-21T00:00:00.000,Accessible Pedestrian Signal,Queens,FRESH POND ROAD,CATALPA AVENUE,,APS Ranking Completed; Awaiting Design,included,Legacy curated QCB5 signal-study input. Signal Studies lack a community-board field and source coordinates; inclusion was carried forward from prior street-name curation and still needs row-level human review.,needs_human_review,True,
407,output/data_cb5_signal_studies.csv,21d18dfa4131001ec1401bd1befaec64eacc34e1b8e6dfe02e8aa01c5969cf5b,data_raw/signal_studies_citywide.csv,matched,1,21d18dfa4131001ec1401bd1befaec64eacc34e1b8e6dfe02e8aa01c5969cf5b,Matched committed raw Signal Studies snapshot by id and referencenumber.,CQ21-0104APS,162821,2021-01-21T00:00:00.000,Accessible Pedestrian Signal,Queens,FRESH POND ROAD,71 AVENUE,,APS Ranking Completed; Awaiting Design,included,Legacy curated QCB5 signal-study input. Signal Studies lack a community-board field and source coordinates; inclusion was carried forward from prior street-name curation and still needs row-level human review.,needs_human_review,True,
408,output/data_cb5_signal_studies.csv,1bea992c5721560e8f0e89a299d6f317dc5d0d9b273c52ceabf45ce50a3c490c,data_raw/signal_studies_citywide.csv,matched,1,1bea992c5721560e8f0e89a299d6f317dc5d0d9b273c52ceabf45ce50a3c490c,Matched committed raw Signal Studies snapshot by id and referencenumber.,CQ21-0103APS,162820,2021-01-21T00:00:00.000,Accessible Pedestrian Signal,Queens,FRESH POND ROAD,70 AVENUE,,APS Ranking Completed; Awaiting Design,included,Legacy curated QCB5 signal-study input. Signal Studies lack a community-board field and source coordinates; inclusion was carried forward from prior street-name curation and still needs row-level human review.,needs_human_review,True,
409,output/data_cb5_signal_studies.csv,e3ceec135aad9b84007193e10c46d1bc2576e8c66aa98b3e48be5beafabbe75f,data_raw/signal_studies_citywide.csv,matched,1,e3ceec135aad9b84007193e10c46d1bc2576e8c66aa98b3e48be5beafabbe75f,Matched committed raw Signal Studies snapshot by id and referencenumber.,CQ21-0102APS,162819,2021-01-21T00:00:00.000,Accessible Pedestrian Signal,Queens,FRESH POND ROAD,68 ROAD,,APS Ranking Completed; Awaiting Design,included,Legacy curated QCB5 signal-study input. Signal Studies lack a community-board field and source coordinates; inclusion was carried forward from prior street-name curation and still needs row-level human review.,needs_human_review,True,
410,output/data_cb5_signal_studies.csv,18fb620b567a5a127bdb8cb2df274b3fc0cb39fe83ade08b4b0ac05bdba141b4,data_raw/signal_studies_citywide.csv,matched,1,18fb620b567a5a127bdb8cb2df274b3fc0cb39fe83ade08b4b0ac05bdba141b4,Matched committed raw Signal Studies snapshot by id and referencenumber.,CQ21-0098APS,162815,2021-01-20T00:00:00.000,Accessible Pedestrian Signal,Queens,FRESH POND ROAD,68 AVENUE,,APS Ranking Completed; Awaiting Design,included,Legacy curated QCB5 signal-study input. Signal Studies lack a community-board field and source coordinates; inclusion was carried forward from prior street-name curation and still needs row-level human review.,needs_human_review,True,
411,output/data_cb5_signal_studies.csv,41d90b2363cdc581d925dce4a4847c8fdd0f0d4466445c5e8c488bde4b3b44a4,data_raw/signal_studies_citywide.csv,matched,1,41d90b2363cdc581d925dce4a4847c8fdd0f0d4466445c5e8c488bde4b3b44a4,Matched committed raw Signal Studies snapshot by id and referencenumber.,CQ21-0097APS,162814,2021-01-20T00:00:00.000,Accessible Pedestrian Signal,Queens,FRESH POND ROAD,67 AVENUE,,APS Ranking Completed; Awaiting Design,included,Legacy curated QCB5 signal-study input. Signal Studies lack a community-board field and source coordinates; inclusion was carried forward from prior street-name curation and still needs row-level human review.,needs_human_review,True,
412,output/data_cb5_signal_studies.csv,9961addc96027292d7e80d447aa5f0c8370f715dd2085de635f0f6bd635e84a7,data_raw/signal_studies_citywide.csv,matched,1,9961addc96027292d7e80d447aa5f0c8370f715dd2085de635f0f6bd635e84a7,Matched committed raw Signal Studies snapshot by id and referencenumber.,CQ21-0095APS,162812,2021-01-20T00:00:00.000,Accessible Pedestrian Signal,Queens,FRESH POND ROAD,60 AVENUE,,APS Ranking Completed; Awaiting Design,included,Legacy curated QCB5 signal-study input. Signal Studies lack a community-board field and source coordinates; inclusion was carried forward from prior street-name curation and still needs row-level human review.,needs_human_review,True,
413,output/data_cb5_signal_studies.csv,f46913f2054870e23d49b530be4d89fdd7ec38ee285ebd94641103d362569e28,data_raw/signal_studies_citywide.csv,matched,1,f46913f2054870e23d49b530be4d89fdd7ec38ee285ebd94641103d362569e28,Matched committed raw Signal Studies snapshot by id and referencenumber.,CQ21-0092APS,162809,2021-01-20T00:00:00.000,Accessible Pedestrian Signal,Queens,FOREST AVENUE,WOODBINE STREET,,APS Ranking Completed; Awaiting Design,included,Legacy curated QCB5 signal-study input. Signal Studies lack a community-board field and source coordinates; inclusion was carried forward from prior street-name curation and still needs row-level human review.,needs_human_review,True,
414,output/data_cb5_signal_studies.csv,17221644e017e91851b2ebdc51d6efc6d8915958fed9fceb67fe5561b401165e,data_raw/signal_studies_citywide.csv,matched,1,17221644e017e91851b2ebdc51d6efc6d8915958fed9fceb67fe5561b401165e,Matched committed raw Signal Studies snapshot by id and referencenumber.,CQ21-0085APS,162802,2021-01-13T00:00:00.000,Accessible Pedestrian Signal,Queens,FOREST AVENUE,CATALPA AVENUE,,APS Ranking Completed; Awaiting Design,included,Legacy curated QCB5 signal-study input. Signal Studies lack a community-board field and source coordinates; inclusion was carried forward from prior street-name curation and still needs row-level human review.,needs_human_review,True,
415,output/data_cb5_signal_studies.csv,c0ecf01baef6e345dc2381a440329534e6311d65195cc5b6f517e80ff916d8a4,data_raw/signal_studies_citywide.csv,matched,1,c0ecf01baef6e345dc2381a440329534e6311d65195cc5b6f517e80ff916d8a4,Matched committed raw Signal Studies snapshot by id and referencenumber.,CQ21-0084APS,162801,2021-01-13T00:00:00.000,Accessible Pedestrian Signal,Queens,FOREST AVENUE,BLEECKER STREET,,APS Ranking Completed; Awaiting Design,included,Legacy curated QCB5 signal-study input. Signal Studies lack a community-board field and source coordinates; inclusion was carried forward from prior street-name curation and still needs row-level human review.,needs_human_review,True,
416,output/data_cb5_signal_studies.csv,2c4c1938e371d9c712ea125461a2f4b1cde53ea651d7032dc041079509707eae,data_raw/signal_studies_citywide.csv,matched,1,2c4c1938e371d9c712ea125461a2f4b1cde53ea651d7032dc041079509707eae,Matched committed raw Signal Studies snapshot by id and referencenumber.,CQ21-0083APS,162800,2021-01-13T00:00:00.000,Accessible Pedestrian Signal,Queens,FLUSHING AVENUE,61 STREET,,APS Ranking Completed; Awaiting Design,included,Legacy curated QCB5 signal-study input. Signal Studies lack a community-board field and source coordinates; inclusion was carried forward from prior street-name curation and still needs row-level human review.,needs_human_review,True,
417,output/data_cb5_signal_studies.csv,fe88e94c4f5d4b253abf57e5355608d7de07359d43e5169e265f29a2307009fb,data_raw/signal_studies_citywide.csv,matched,1,fe88e94c4f5d4b253abf57e5355608d7de07359d43e5169e265f29a2307009fb,Matched committed raw Signal Studies snapshot by id and referencenumber.,CQ21-0080APS,162797,2021-01-13T00:00:00.000,Accessible Pedestrian Signal,Queens,DRY HARBOR ROAD,PENELOPE AVENUE,,APS Ranking Completed; Awaiting Design,included,Legacy curated QCB5 signal-study input. Signal Studies lack a community-board field and source coordinates; inclusion was carried forward from prior street-name curation and still needs row-level human review.,needs_human_review,True,
418,output/data_cb5_signal_studies.csv,74de0e8414380593ce29f6d6eea08237c260b7ca54491c22366fc75a93922847,data_raw/signal_studies_citywide.csv,matched,1,74de0e8414380593ce29f6d6eea08237c260b7ca54491c22366fc75a93922847,Matched committed raw Signal Studies snapshot by id and referencenumber.,CQ21-0033APS,162750,2021-01-07T00:00:00.000,Accessible Pedestrian Signal,Queens,DECATUR STREET,SENECA AVENUE,,APS Ranking Completed; Awaiting Design,included,Legacy curated QCB5 signal-study input. Signal Studies lack a community-board field and source coordinates; inclusion was carried forward from prior street-name curation and still needs row-level human review.,needs_human_review,True,
419,output/data_cb5_signal_studies.csv,a64452bc01c558f43e1b06ebcfcbc6a1b529781ee38b409a479cae8a1b0d16a5,data_raw/signal_studies_citywide.csv,matched,1,a64452bc01c558f43e1b06ebcfcbc6a1b529781ee38b409a479cae8a1b0d16a5,Matched committed raw Signal Studies snapshot by id and referencenumber.,CQ21-0032APS,162749,2021-01-07T00:00:00.000,Accessible Pedestrian Signal,Queens,CYPRESS AVENUE,WEIRFIELD STREET,,APS Ranking Completed; Awaiting Design,included,Legacy curated QCB5 signal-study input. Signal Studies lack a community-board field and source coordinates; inclusion was carried forward from prior street-name curation and still needs row-level human review.,needs_human_review,True,
420,output/data_cb5_signal_studies.csv,7ae7b8770f27f231ab1af25ee95647454a5802a03ecd87a6340532a1ea7017b1,data_raw/signal_studies_citywide.csv,matched,1,7ae7b8770f27f231ab1af25ee95647454a5802a03ecd87a6340532a1ea7017b1,Matched committed raw Signal Studies snapshot by id and referencenumber.,CQ21-0022APS,161743,2021-01-05T00:00:00.000,Accessible Pedestrian Signal,Queens,CYPRESS AVENUE,STOCKHOLM STREET,CYPRESS AVENUE - Duplicate Street Name,APS Ranking Completed; Awaiting Design,included,Legacy curated QCB5 signal-study input. Signal Studies lack a community-board field and source coordinates; inclusion was carried forward from prior street-name curation and still needs row-level human review.,needs_human_review,True,
421,output/data_cb5_signal_studies.csv,21599f4c3dfadc79de92abf056599cbd44ddf2d5c3083f23551980f3aaa8d022,data_raw/signal_studies_citywide.csv,matched,1,21599f4c3dfadc79de92abf056599cbd44ddf2d5c3083f23551980f3aaa8d022,Matched committed raw Signal Studies snapshot by id and referencenumber.,CQ21-0021,161742,2021-01-05T00:00:00.000,Accessible Pedestrian Signal,Queens,CYPRESS AVENUE,MENAHAN STREET,CYPRESS AVENUE - Duplicate Street Name,APS Ranking Completed; Awaiting Design,included,Legacy curated QCB5 signal-study input. Signal Studies lack a community-board field and source coordinates; inclusion was carried forward from prior street-name curation and still needs row-level human review.,needs_human_review,True,
422,output/data_cb5_signal_studies.csv,dbeb906b644fe020d3acb276a8e303d2fb3fa3269045117446f6c744e2f3360f,data_raw/signal_studies_citywide.csv,matched,1,dbeb906b644fe020d3acb276a8e303d2fb3fa3269045117446f6c744e2f3360f,Matched committed raw Signal Studies snapshot by id and referencenumber.,CQ21-0020APS,161741,2021-01-05T00:00:00.000,Accessible Pedestrian Signal,Queens,CYPRESS AVENUE,HANCOCK STREET,,APS Ranking Completed; Awaiting Design,included,Legacy curated QCB5 signal-study input. Signal Studies lack a community-board field and source coordinates; inclusion was carried forward from prior street-name curation and still needs row-level human review.,needs_human_review,True,
423,output/data_cb5_signal_studies.csv,e43a911cbaf713ddc81002894c75471da6c423340e2d39cb261574e25cbe80fd,data_raw/signal_studies_citywide.csv,matched,1,e43a911cbaf713ddc81002894c75471da6c423340e2d39cb261574e25cbe80fd,Matched committed raw Signal Studies snapshot by id and referencenumber.,CQ21-0019APS,161740,2021-01-05T00:00:00.000,Accessible Pedestrian Signal,Queens,CYPRESS AVENUE,GEORGE STREET,,APS Ranking Completed; Awaiting Design,included,Legacy curated QCB5 signal-study input. Signal Studies lack a community-board field and source coordinates; inclusion was carried forward from prior street-name curation and still needs row-level human review.,needs_human_review,True,
424,output/data_cb5_signal_studies.csv,c16835cd4d8cd7b21ae00e40869cb8111cd1409f7bdc27ce74808afad52ed2e7,data_raw/signal_studies_citywide.csv,matched,1,c16835cd4d8cd7b21ae00e40869cb8111cd1409f7bdc27ce74808afad52ed2e7,Matched committed raw Signal Studies snapshot by id and referencenumber.,CQ21-0018APS,161739,2021-01-05T00:00:00.000,Accessible Pedestrian Signal,Queens,CYPRESS AVENUE,DECATUR STREET,,APS Ranking Completed; Awaiting Design,included,Legacy curated QCB5 signal-study input. Signal Studies lack a community-board field and source coordinates; inclusion was carried forward from prior street-name curation and still needs row-level human review.,needs_human_review,True,
425,output/data_cb5_signal_studies.csv,0206eac55fec093699178ca3c5d9d75857e461992901db3e293c9198c107dc4b,data_raw/signal_studies_citywide.csv,matched,1,0206eac55fec093699178ca3c5d9d75857e461992901db3e293c9198c107dc4b,Matched committed raw Signal Studies snapshot by id and referencenumber.,CQ21-0017APS,161738,2021-01-05T00:00:00.000,Accessible Pedestrian Signal,Queens,CYPRESS AVENUE,CENTRE STREET,,APS Ranking Completed; Awaiting Design,included,Legacy curated QCB5 signal-study input. Signal Studies lack a community-board field and source coordinates; inclusion was carried forward from prior street-name curation and still needs row-level human review.,needs_human_review,True,
426,output/data_cb5_signal_studies.csv,dbcc6fb72d241163a7f592ac1b7124e9d4d34068522c2368fe76fc07efd3aa85,data_raw/signal_studies_citywide.csv,matched,1,dbcc6fb72d241163a7f592ac1b7124e9d4d34068522c2368fe76fc07efd3aa85,Matched committed raw Signal Studies snapshot by id and referencenumber.,CQ21-0006APS,161727,2021-01-04T00:00:00.000,Accessible Pedestrian Signal,Queens,CYPRESS AVENUE,BLEECKER STREET,BLEECKER STREET - Duplicate Street Name,APS Ranking Completed; Awaiting Design,included,Legacy curated QCB5 signal-study input. Signal Studies lack a community-board field and source coordinates; inclusion was carried forward from prior street-name curation and still needs row-level human review.,needs_human_review,True,
427,output/data_cb5_signal_studies.csv,4140792b04859cba22a8da23673d241895e1840899e67035fe0b3dcd4bb52b2f,data_raw/signal_studies_citywide.csv,matched,1,4140792b04859cba22a8da23673d241895e1840899e67035fe0b3dcd4bb52b2f,Matched committed raw Signal Studies snapshot by id and referencenumber.,CQ20-2509B,159639,2020-12-08T00:00:00.000,Traffic Signal,Queens,GRAND AVENUE,74 STREET,,Engineering Study Completed     (Signals Engineering),included,Legacy curated QCB5 signal-study input. Signal Studies lack a community-board field and source coordinates; inclusion was carried forward from prior street-name curation and still needs row-level human review.,needs_human_review,True,
428,output/data_cb5_signal_studies.csv,6f183ee70c8caeea8b5140d7faff1c906b56b4cce8eecc142700ad1704230e5e,data_raw/signal_studies_citywide.csv,matched,1,6f183ee70c8caeea8b5140d7faff1c906b56b4cce8eecc142700ad1704230e5e,Matched committed raw Signal Studies snapshot by id and referencenumber.,CQ20-2507B,159637,2020-12-08T00:00:00.000,Leading Pedestrian Interval,Queens,WOODHAVEN BOULEVARD,UNION TURNPIKE,,Engineering Study Completed     (Signals Engineering),included,Legacy curated QCB5 signal-study input. Signal Studies lack a community-board field and source coordinates; inclusion was carried forward from prior street-name curation and still needs row-level human review.,needs_human_review,True,
429,output/data_cb5_signal_studies.csv,6dc3956286a6bbc892005662707e27686cafd7d4a359994cc8c7f1da027687b5,data_raw/signal_studies_citywide.csv,matched,1,6dc3956286a6bbc892005662707e27686cafd7d4a359994cc8c7f1da027687b5,Matched committed raw Signal Studies snapshot by id and referencenumber.,CQ20-2463,159593,2020-12-04T00:00:00.000,All-Way Stop,Queens,53 DRIVE,67 STREET,,Study Request Denial,included,Legacy curated QCB5 signal-study input. Signal Studies lack a community-board field and source coordinates; inclusion was carried forward from prior street-name curation and still needs row-level human review.,needs_human_review,True,
430,output/data_cb5_signal_studies.csv,6bab011b63075cfc00a6ab5ae68d1f9920624dec16d967cc342c338c24011791,data_raw/signal_studies_citywide.csv,matched,1,6bab011b63075cfc00a6ab5ae68d1f9920624dec16d967cc342c338c24011791,Matched committed raw Signal Studies snapshot by id and referencenumber.,CQ20-2421APS,158570,2020-12-01T00:00:00.000,Accessible Pedestrian Signal,Queens,MASPETH AVENUE,PAGE PLACE,,APS Ranking Completed; Awaiting Design,included,Legacy curated QCB5 signal-study input. Signal Studies lack a community-board field and source coordinates; inclusion was carried forward from prior street-name curation and still needs row-level human review.,needs_human_review,True,
431,output/data_cb5_signal_studies.csv,e486e81782cdbdb35f04f46e2e9247e330c83c20204ad59def3c0942e34ac67d,data_raw/signal_studies_citywide.csv,matched,1,e486e81782cdbdb35f04f46e2e9247e330c83c20204ad59def3c0942e34ac67d,Matched committed raw Signal Studies snapshot by id and referencenumber.,CQ20-2399,158548,2020-11-16T00:00:00.000,Traffic Signal,Queens,60 ROAD,69 STREET,,Study Request Denial,included,Legacy curated QCB5 signal-study input. Signal Studies lack a community-board field and source coordinates; inclusion was carried forward from prior street-name curation and still needs row-level human review.,needs_human_review,True,
432,output/data_cb5_signal_studies.csv,4bd50952461f21a16cc147eff9f0c6dfb906265652f84484c76c33eb894bb363,data_raw/signal_studies_citywide.csv,matched,1,4bd50952461f21a16cc147eff9f0c6dfb906265652f84484c76c33eb894bb363,Matched committed raw Signal Studies snapshot by id and referencenumber.,CQ20-2378APS,158527,2020-11-24T00:00:00.000,Accessible Pedestrian Signal,Queens,80 STREET,PENELOPE AVENUE,,APS Ranking Completed; Awaiting Design,included,Legacy curated QCB5 signal-study input. Signal Studies lack a community-board field and source coordinates; inclusion was carried forward from prior street-name curation and still needs row-level human review.,needs_human_review,True,
433,output/data_cb5_signal_studies.csv,294cd37c2a54951be877cdbba675e18c5d5cd9b63e08e27f93e16c5b62cef178,data_raw/signal_studies_citywide.csv,matched,1,294cd37c2a54951be877cdbba675e18c5d5cd9b63e08e27f93e16c5b62cef178,Matched committed raw Signal Studies snapshot by id and referencenumber.,CQ20-2377APS,158526,2020-11-24T00:00:00.000,Accessible Pedestrian Signal,Queens,80 STREET,JUNIPER VALLEY ROAD,,APS Ranking Completed; Awaiting Design,included,Legacy curated QCB5 signal-study input. Signal Studies lack a community-board field and source coordinates; inclusion was carried forward from prior street-name curation and still needs row-level human review.,needs_human_review,True,
434,output/data_cb5_signal_studies.csv,b3c12d7c614965593c76ae3fbcefdf05f65adaa3d6df6b0e5f994e7b2c0e97ee,data_raw/signal_studies_citywide.csv,matched,1,b3c12d7c614965593c76ae3fbcefdf05f65adaa3d6df6b0e5f994e7b2c0e97ee,Matched committed raw Signal Studies snapshot by id and referencenumber.,CQ20-2376APS,158525,2020-11-24T00:00:00.000,Accessible Pedestrian Signal,Queens,80 STREET,67 ROAD,,APS Ranking Completed; Awaiting Design,included,Legacy curated QCB5 signal-study input. Signal Studies lack a community-board field and source coordinates; inclusion was carried forward from prior street-name curation and still needs row-level human review.,needs_human_review,True,
435,output/data_cb5_signal_studies.csv,57fcdcd8afb0b366145f2c34907b04df58ecb0a05dc1a7a274b81ffe67bccee0,data_raw/signal_studies_citywide.csv,matched,1,57fcdcd8afb0b366145f2c34907b04df58ecb0a05dc1a7a274b81ffe67bccee0,Matched committed raw Signal Studies snapshot by id and referencenumber.,CQ20-2375APS,158524,2020-11-24T00:00:00.000,Accessible Pedestrian Signal,Queens,80 STREET,67 DRIVE,,APS Ranking Completed; Awaiting Design,included,Legacy curated QCB5 signal-study input. Signal Studies lack a community-board field and source coordinates; inclusion was carried forward from prior street-name curation and still needs row-level human review.,needs_human_review,True,
436,output/data_cb5_signal_studies.csv,6df58d51d821c560494a3784fc972b8ebbda637fec6095568e2eb8e96c4c6600,data_raw/signal_studies_citywide.csv,matched,1,6df58d51d821c560494a3784fc972b8ebbda637fec6095568e2eb8e96c4c6600,Matched committed raw Signal Studies snapshot by id and referencenumber.,CQ20-2348B,158497,2020-11-16T00:00:00.000,Traffic Signal,Queens,GRAND AVENUE,69 PLACE,,Engineering Study Completed     (Signals Engineering),included,Legacy curated QCB5 signal-study input. Signal Studies lack a community-board field and source coordinates; inclusion was carried forward from prior street-name curation and still needs row-level human review.,needs_human_review,True,
437,output/data_cb5_signal_studies.csv,fb2da1ff815aa2b74665283323a88b4699ada934cc8e4707a9c97ae01e87f390,data_raw/signal_studies_citywide.csv,matched,1,fb2da1ff815aa2b74665283323a88b4699ada934cc8e4707a9c97ae01e87f390,Matched committed raw Signal Studies snapshot by id and referencenumber.,CQ20-2345,158494,2020-11-13T00:00:00.000,Traffic Signal,Queens,METROPOLITAN AVENUE,ADMIRAL AVENUE,,Study Request Denial,included,Legacy curated QCB5 signal-study input. Signal Studies lack a community-board field and source coordinates; inclusion was carried forward from prior street-name curation and still needs row-level human review.,needs_human_review,True,
438,output/data_cb5_signal_studies.csv,d4284b36a476b3f79c213367e8e7007dd9a0b44245dde7b597a383111943ccbd,data_raw/signal_studies_citywide.csv,matched,1,d4284b36a476b3f79c213367e8e7007dd9a0b44245dde7b597a383111943ccbd,Matched committed raw Signal Studies snapshot by id and referencenumber.,CQ20-2303,157454,2020-11-09T00:00:00.000,Traffic Signal,Queens,65 DRIVE,70 STREET,,A/W Approval,included,Legacy curated QCB5 signal-study input. Signal Studies lack a community-board field and source coordinates; inclusion was carried forward from prior street-name curation and still needs row-level human review.,needs_human_review,True,
439,output/data_cb5_signal_studies.csv,d5dd12d8441dd01e33042e182ca7de47e49ca742dfdbfd40dd229e1d915e03b3,data_raw/signal_studies_citywide.csv,matched,1,d5dd12d8441dd01e33042e182ca7de47e49ca742dfdbfd40dd229e1d915e03b3,Matched committed raw Signal Studies snapshot by id and referencenumber.,CQ20-2281,157432,2020-11-05T00:00:00.000,Traffic Signal,Queens,METROPOLITAN AVENUE,FLUSHING AVENUE,TROUTMAN STREET,Study Request Denial,included,Legacy curated QCB5 signal-study input. Signal Studies lack a community-board field and source coordinates; inclusion was carried forward from prior street-name curation and still needs row-level human review.,needs_human_review,True,
440,output/data_cb5_signal_studies.csv,3f4605bd3515a01359e4128151bc054e5f48884168b7c5f36e0c89fafe63b5bc,data_raw/signal_studies_citywide.csv,matched,1,3f4605bd3515a01359e4128151bc054e5f48884168b7c5f36e0c89fafe63b5bc,Matched committed raw Signal Studies snapshot by id and referencenumber.,CQ20-2280B,157431,2020-11-05T00:00:00.000,Traffic Signal,Queens,69 STREET,62 AVENUE,,Engineering Study Completed     (Signals Engineering),included,Legacy curated QCB5 signal-study input. Signal Studies lack a community-board field and source coordinates; inclusion was carried forward from prior street-name curation and still needs row-level human review.,needs_human_review,True,
441,output/data_cb5_signal_studies.csv,1194158d33996f3ec3fca1c97ac94d8ad656e076f5df9f56b9a95ae98fd300df,data_raw/signal_studies_citywide.csv,matched,1,1194158d33996f3ec3fca1c97ac94d8ad656e076f5df9f56b9a95ae98fd300df,Matched committed raw Signal Studies snapshot by id and referencenumber.,CQ20-2242,157393,2020-10-28T00:00:00.000,All-Way Stop,Queens,76 STREET,60 ROAD,,Study Request Denial,included,Legacy curated QCB5 signal-study input. Signal Studies lack a community-board field and source coordinates; inclusion was carried forward from prior street-name curation and still needs row-level human review.,needs_human_review,True,
442,output/data_cb5_signal_studies.csv,ae7293e3aee90ebdfe91f7283658fca5bba515f6d4bc69c327577e7651f10d08,data_raw/signal_studies_citywide.csv,matched,1,ae7293e3aee90ebdfe91f7283658fca5bba515f6d4bc69c327577e7651f10d08,Matched committed raw Signal Studies snapshot by id and referencenumber.,CQ20-2241,157392,2020-10-28T00:00:00.000,All-Way Stop,Queens,CALDWELL AVENUE,76 STREET,,Study Request Denial,included,Legacy curated QCB5 signal-study input. Signal Studies lack a community-board field and source coordinates; inclusion was carried forward from prior street-name curation and still needs row-level human review.,needs_human_review,True,
443,output/data_cb5_signal_studies.csv,e6400bde1668419d01a611a2ed62ea7dd5ad6c7abb62acbdeaa653a65e639c8b,data_raw/signal_studies_citywide.csv,matched,1,e6400bde1668419d01a611a2ed62ea7dd5ad6c7abb62acbdeaa653a65e639c8b,Matched committed raw Signal Studies snapshot by id and referencenumber.,CQ20-2167,157318,2020-10-22T00:00:00.000,All-Way Stop,Queens,58 AVENUE,79 STREET,,Study Request Denial,included,Legacy curated QCB5 signal-study input. Signal Studies lack a community-board field and source coordinates; inclusion was carried forward from prior street-name curation and still needs row-level human review.,needs_human_review,True,
444,output/data_cb5_signal_studies.csv,4133134fdbeb91d8ca46b7881ab424e8e640939a5240e259568c47a0a5f0b7ac,data_raw/signal_studies_citywide.csv,matched,1,4133134fdbeb91d8ca46b7881ab424e8e640939a5240e259568c47a0a5f0b7ac,Matched committed raw Signal Studies snapshot by id and referencenumber.,CQ20-2164,157315,2020-10-22T00:00:00.000,All-Way Stop,Queens,CATALPA AVENUE,65 STREET,,Study Request Denial,included,Legacy curated QCB5 signal-study input. Signal Studies lack a community-board field and source coordinates; inclusion was carried forward from prior street-name curation and still needs row-level human review.,needs_human_review,True,
445,output/data_cb5_signal_studies.csv,ff90dafda57a1853b5fa562c5e4e9a8fff484fb8d87f1d1ec73a482681bd620a,data_raw/signal_studies_citywide.csv,matched,1,ff90dafda57a1853b5fa562c5e4e9a8fff484fb8d87f1d1ec73a482681bd620a,Matched committed raw Signal Studies snapshot by id and referencenumber.,CQ20-2144,157295,2020-10-20T00:00:00.000,All-Way Stop,Queens,GATES AVENUE,60 PLACE,,Study Request Denial,included,Legacy curated QCB5 signal-study input. Signal Studies lack a community-board field and source coordinates; inclusion was carried forward from prior street-name curation and still needs row-level human review.,needs_human_review,True,
446,output/data_cb5_signal_studies.csv,b096dfa10cf3e26ec8972a6fb591482030bc97e9e600f4325b41abd8bb0e3a1e,data_raw/signal_studies_citywide.csv,matched,1,b096dfa10cf3e26ec8972a6fb591482030bc97e9e600f4325b41abd8bb0e3a1e,Matched committed raw Signal Studies snapshot by id and referencenumber.,CQ20-2017,157168,2020-09-29T00:00:00.000,Traffic Signal,Queens,64 STREET,75 AVENUE,,Study Request Denial,included,Legacy curated QCB5 signal-study input. Signal Studies lack a community-board field and source coordinates; inclusion was carried forward from prior street-name curation and still needs row-level human review.,needs_human_review,True,
447,output/data_cb5_signal_studies.csv,021418167c00875301c5de708390cda1f507cad0ba8dd0b120871fb729733967,data_raw/signal_studies_citywide.csv,matched,1,021418167c00875301c5de708390cda1f507cad0ba8dd0b120871fb729733967,Matched committed raw Signal Studies snapshot by id and referencenumber.,CQ20-2012B,157163,2020-09-29T00:00:00.000,Left Turn Arrow/Signal,Queens,METROPOLITAN AVENUE,80 STREET,,Engineering Study Completed     (Signals Engineering),included,Legacy curated QCB5 signal-study input. Signal Studies lack a community-board field and source coordinates; inclusion was carried forward from prior street-name curation and still needs row-level human review.,needs_human_review,True,
448,output/data_cb5_signal_studies.csv,27fb2e7e05a02f8bfa11524d5ba72b50a4004e23e5a9fa558ac8ce215eeaa202,data_raw/signal_studies_citywide.csv,matched,1,27fb2e7e05a02f8bfa11524d5ba72b50a4004e23e5a9fa558ac8ce215eeaa202,Matched committed raw Signal Studies snapshot by id and referencenumber.,CQ20-1961B,157112,2020-09-22T00:00:00.000,Traffic Signal,Queens,WOODHAVEN BOULEVARD,ELIOT AVENUE,,Engineering Study Completed     (Signals Engineering),included,Legacy curated QCB5 signal-study input. Signal Studies lack a community-board field and source coordinates; inclusion was carried forward from prior street-name curation and still needs row-level human review.,needs_human_review,True,
449,output/data_cb5_signal_studies.csv,fbd09b2143a537d851c0df450a91ea4d70669dea9b584c3ad12daeb8556c13dc,data_raw/signal_studies_citywide.csv,matched,1,fbd09b2143a537d851c0df450a91ea4d70669dea9b584c3ad12daeb8556c13dc,Matched committed raw Signal Studies snapshot by id and referencenumber.,CQ20-1838,156989,2020-09-03T00:00:00.000,All-Way Stop,Queens,68 AVENUE,64 STREET,,Study Request Denial,included,Legacy curated QCB5 signal-study input. Signal Studies lack a community-board field and source coordinates; inclusion was carried forward from prior street-name curation and still needs row-level human review.,needs_human_review,True,
450,output/data_cb5_signal_studies.csv,b4bf01fa897284490ae35b63087fe179d0084dd2236a35c75ddc41b3ba65abe8,data_raw/signal_studies_citywide.csv,matched,1,b4bf01fa897284490ae35b63087fe179d0084dd2236a35c75ddc41b3ba65abe8,Matched committed raw Signal Studies snapshot by id and referencenumber.,CQ20-1796B,156947,2020-09-03T00:00:00.000,Leading Pedestrian Interval,Queens,CENTRAL AVENUE,69 PLACE,,Engineering Study Completed     (Signals Engineering),included,Legacy curated QCB5 signal-study input. Signal Studies lack a community-board field and source coordinates; inclusion was carried forward from prior street-name curation and still needs row-level human review.,needs_human_review,True,
451,output/data_cb5_signal_studies.csv,dc63b27fe4f2ee90bac70b13a0cf6837e957ec332b7625610f9c7de081933a59,data_raw/signal_studies_citywide.csv,matched,1,dc63b27fe4f2ee90bac70b13a0cf6837e957ec332b7625610f9c7de081933a59,Matched committed raw Signal Studies snapshot by id and referencenumber.,CQ20-1785,156936,2020-08-28T00:00:00.000,All-Way Stop,Queens,66 STREET,52 AVENUE,,Study Request Denial,included,Legacy curated QCB5 signal-study input. Signal Studies lack a community-board field and source coordinates; inclusion was carried forward from prior street-name curation and still needs row-level human review.,needs_human_review,True,
452,output/data_cb5_signal_studies.csv,3f759e4814f4d5584833baa02564fc83005be52cb204f30ab22f7c915e86b00a,data_raw/signal_studies_citywide.csv,matched,1,3f759e4814f4d5584833baa02564fc83005be52cb204f30ab22f7c915e86b00a,Matched committed raw Signal Studies snapshot by id and referencenumber.,CQ20-1781,156932,2020-08-25T00:00:00.000,All-Way Stop,Queens,58 AVENUE,81 STREET,,Study Request Denial,included,Legacy curated QCB5 signal-study input. Signal Studies lack a community-board field and source coordinates; inclusion was carried forward from prior street-name curation and still needs row-level human review.,needs_human_review,True,
453,output/data_cb5_signal_studies.csv,047064656395d9b25938b5d1b1adf3c357ee80ba8e7ef40aad043f5903fa67d8,data_raw/signal_studies_citywide.csv,matched,1,047064656395d9b25938b5d1b1adf3c357ee80ba8e7ef40aad043f5903fa67d8,Matched committed raw Signal Studies snapshot by id and referencenumber.,CQ20-1732,156883,2020-08-18T00:00:00.000,All-Way Stop,Queens,78 AVENUE,60 STREET,,Study Request Denial,included,Legacy curated QCB5 signal-study input. Signal Studies lack a community-board field and source coordinates; inclusion was carried forward from prior street-name curation and still needs row-level human review.,needs_human_review,True,
454,output/data_cb5_signal_studies.csv,733d1d133ff87f88f64c9733bb095e8d56cf794554d83f21d779e86c79301272,data_raw/signal_studies_citywide.csv,matched,1,733d1d133ff87f88f64c9733bb095e8d56cf794554d83f21d779e86c79301272,Matched committed raw Signal Studies snapshot by id and referencenumber.,CQ20-1587,156738,2020-07-31T00:00:00.000,All-Way Stop,Queens,53 AVENUE,62 STREET,,Study Request Denial,included,Legacy curated QCB5 signal-study input. Signal Studies lack a community-board field and source coordinates; inclusion was carried forward from prior street-name curation and still needs row-level human review.,needs_human_review,True,
455,output/data_cb5_signal_studies.csv,4155baba808df95a16d25b266dad94a6074a34c4ddc69fdeceaa24cb86ce4187,data_raw/signal_studies_citywide.csv,matched,1,4155baba808df95a16d25b266dad94a6074a34c4ddc69fdeceaa24cb86ce4187,Matched committed raw Signal Studies snapshot by id and referencenumber.,CQ20-1575,156726,2020-07-30T00:00:00.000,All-Way Stop,Queens,GROVE STREET,60 PLACE,,Study Request Denial,included,Legacy curated QCB5 signal-study input. Signal Studies lack a community-board field and source coordinates; inclusion was carried forward from prior street-name curation and still needs row-level human review.,needs_human_review,True,
456,output/data_cb5_signal_studies.csv,14cf90e78548b69e5a090daf24089154a73a9686f470b67ab534b60a65d64140,data_raw/signal_studies_citywide.csv,matched,1,14cf90e78548b69e5a090daf24089154a73a9686f470b67ab534b60a65d64140,Matched committed raw Signal Studies snapshot by id and referencenumber.,CQ20-1559B,156710,2020-07-28T00:00:00.000,Traffic Signal,Queens,GRAND AVENUE,BORDEN AVENUE,BORDEN AVENUE,Engineering Study Completed     (Signals Engineering),included,Legacy curated QCB5 signal-study input. Signal Studies lack a community-board field and source coordinates; inclusion was carried forward from prior street-name curation and still needs row-level human review.,needs_human_review,True,
457,output/data_cb5_signal_studies.csv,3741722d40f6df5deb99260ebac7f074ccc7f6a5bb5016def326d163792fdc0d,data_raw/signal_studies_citywide.csv,matched,1,3741722d40f6df5deb99260ebac7f074ccc7f6a5bb5016def326d163792fdc0d,Matched committed raw Signal Studies snapshot by id and referencenumber.,CQ20-1458B,156609,2020-07-20T00:00:00.000,Traffic Signal,Queens,77 AVENUE,88 STREET,,Engineering Study Completed     (Signals Engineering),included,Legacy curated QCB5 signal-study input. Signal Studies lack a community-board field and source coordinates; inclusion was carried forward from prior street-name curation and still needs row-level human review.,needs_human_review,True,
458,output/data_cb5_signal_studies.csv,f8983866718338eeea2b44cf1eddff089289f666ffd30488fa4ecbe4ad366e55,data_raw/signal_studies_citywide.csv,matched,1,f8983866718338eeea2b44cf1eddff089289f666ffd30488fa4ecbe4ad366e55,Matched committed raw Signal Studies snapshot by id and referencenumber.,CQ20-1439B,156590,2020-07-20T00:00:00.000,Traffic Signal,Queens,METROPOLITAN AVENUE,J ROBINSON PY WB EN METROPOLITAN,METROPOLITAN AVENUE,Engineering Study Completed     (Signals Engineering),included,Legacy curated QCB5 signal-study input. Signal Studies lack a community-board field and source coordinates; inclusion was carried forward from prior street-name curation and still needs row-level human review.,needs_human_review,True,
459,output/data_cb5_signal_studies.csv,659998672d3ff5ff1aef398cb75a760a38d07452a94cf733c01f74eb66f16970,data_raw/signal_studies_citywide.csv,matched,1,659998672d3ff5ff1aef398cb75a760a38d07452a94cf733c01f74eb66f16970,Matched committed raw Signal Studies snapshot by id and referencenumber.,CQ20-1355B,156506,2020-07-14T00:00:00.000,Traffic Signal,Queens,FRESH POND ROAD,PUTNAM AVENUE,,Engineering Study Completed     (Signals Engineering),included,Legacy curated QCB5 signal-study input. Signal Studies lack a community-board field and source coordinates; inclusion was carried forward from prior street-name curation and still needs row-level human review.,needs_human_review,True,
460,output/data_cb5_signal_studies.csv,bd160548f2a86af65a1ec393a63f00ff2172fb3b255e5091645843244a14947c,data_raw/signal_studies_citywide.csv,matched,1,bd160548f2a86af65a1ec393a63f00ff2172fb3b255e5091645843244a14947c,Matched committed raw Signal Studies snapshot by id and referencenumber.,CQ20-1334B,156485,2020-07-14T00:00:00.000,Traffic Signal,Queens,MYRTLE AVENUE,NORMAN STREET,FRESH POND ROAD,Engineering Study Completed     (Signals Engineering),included,Legacy curated QCB5 signal-study input. Signal Studies lack a community-board field and source coordinates; inclusion was carried forward from prior street-name curation and still needs row-level human review.,needs_human_review,True,
461,output/data_cb5_signal_studies.csv,c9a91bbde543ab9457ca455fb74feb07727b31a95e5944222c7ce13a00082a48,data_raw/signal_studies_citywide.csv,matched,1,c9a91bbde543ab9457ca455fb74feb07727b31a95e5944222c7ce13a00082a48,Matched committed raw Signal Studies snapshot by id and referencenumber.,CQ20-1328,156479,2020-07-13T00:00:00.000,All-Way Stop,Queens,GATES AVENUE,GRANDVIEW AVENUE,,A/W Approval,included,Legacy curated QCB5 signal-study input. Signal Studies lack a community-board field and source coordinates; inclusion was carried forward from prior street-name curation and still needs row-level human review.,needs_human_review,True,
462,output/data_cb5_signal_studies.csv,6b879897366c2fb8209ef20a80e66afc87167da2e053bcdcc280989a4677f4e4,data_raw/signal_studies_citywide.csv,matched,1,6b879897366c2fb8209ef20a80e66afc87167da2e053bcdcc280989a4677f4e4,Matched committed raw Signal Studies snapshot by id and referencenumber.,CQ20-1293,156444,2020-07-06T00:00:00.000,All-Way Stop,Queens,WOODWARD AVENUE,BLEECKER STREET,,Study Request Denial,included,Legacy curated QCB5 signal-study input. Signal Studies lack a community-board field and source coordinates; inclusion was carried forward from prior street-name curation and still needs row-level human review.,needs_human_review,True,
463,output/data_cb5_signal_studies.csv,5d1a39f164cc9b82ad8a4f6136e4379bc6554f80e6b541db682d30e48d8ba51c,data_raw/signal_studies_citywide.csv,matched,1,5d1a39f164cc9b82ad8a4f6136e4379bc6554f80e6b541db682d30e48d8ba51c,Matched committed raw Signal Studies snapshot by id and referencenumber.,CQ20-1261APS,156412,2020-07-06T00:00:00.000,Accessible Pedestrian Signal,Queens,47 STREET,GRAND AVENUE,,APS Ranking Completed; Awaiting Design,included,Legacy curated QCB5 signal-study input. Signal Studies lack a community-board field and source coordinates; inclusion was carried forward from prior street-name curation and still needs row-level human review.,needs_human_review,True,
464,output/data_cb5_signal_studies.csv,63115ab6d7dd303781874e1a27d6528e19077f9fb4fe36cd0d9fb09f9fb48787,data_raw/signal_studies_citywide.csv,matched,1,63115ab6d7dd303781874e1a27d6528e19077f9fb4fe36cd0d9fb09f9fb48787,Matched committed raw Signal Studies snapshot by id and referencenumber.,CQ20-1257APS,156408,2020-07-06T00:00:00.000,Accessible Pedestrian Signal,Queens,STEPHEN STREET,FOREST AVENUE,,APS Ranking Completed; Awaiting Design,included,Legacy curated QCB5 signal-study input. Signal Studies lack a community-board field and source coordinates; inclusion was carried forward from prior street-name curation and still needs row-level human review.,needs_human_review,True,
465,output/data_cb5_signal_studies.csv,1b3ee005a177004931afdd66b1fb59946496103851e459a1541407538ddc1cb4,data_raw/signal_studies_citywide.csv,matched,1,1b3ee005a177004931afdd66b1fb59946496103851e459a1541407538ddc1cb4,Matched committed raw Signal Studies snapshot by id and referencenumber.,CQ20-1237APS,156388,2020-07-01T00:00:00.000,Accessible Pedestrian Signal,Queens,STEPHEN STREET,SENECA AVENUE,,APS Ranking Completed; Awaiting Design,included,Legacy curated QCB5 signal-study input. Signal Studies lack a community-board field and source coordinates; inclusion was carried forward from prior street-name curation and still needs row-level human review.,needs_human_review,True,
466,output/data_cb5_signal_studies.csv,937357b7eecb3a5c676b97e171161449d7f58841e294b554eaae1d5f8d61787e,data_raw/signal_studies_citywide.csv,matched,1,937357b7eecb3a5c676b97e171161449d7f58841e294b554eaae1d5f8d61787e,Matched committed raw Signal Studies snapshot by id and referencenumber.,CQ20-1218,155381,2020-06-30T00:00:00.000,Speed Study for Speed Board,Queens,69 STREET,ELIOT AVENUE,,Case Forward to Another Unit,included,Legacy curated QCB5 signal-study input. Signal Studies lack a community-board field and source coordinates; inclusion was carried forward from prior street-name curation and still needs row-level human review.,needs_human_review,True,
467,output/data_cb5_signal_studies.csv,39ad9e472f792ffae8afadd6b5c66c8b5939fe923603636d166ffac04ad85793,data_raw/signal_studies_citywide.csv,matched,1,39ad9e472f792ffae8afadd6b5c66c8b5939fe923603636d166ffac04ad85793,Matched committed raw Signal Studies snapshot by id and referencenumber.,CQ20-1166,155329,2020-06-02T00:00:00.000,All-Way Stop,Queens,62 STREET,61 STREET,,Study Request Denial,included,Legacy curated QCB5 signal-study input. Signal Studies lack a community-board field and source coordinates; inclusion was carried forward from prior street-name curation and still needs row-level human review.,needs_human_review,True,
468,output/data_cb5_signal_studies.csv,74a934ec0b5900572e6cfd90fd1b3d50b12f9225e0f7244c4609b20353e95e33,data_raw/signal_studies_citywide.csv,matched,1,74a934ec0b5900572e6cfd90fd1b3d50b12f9225e0f7244c4609b20353e95e33,Matched committed raw Signal Studies snapshot by id and referencenumber.,CQ20-1155,155318,2020-05-28T00:00:00.000,Traffic Signal,Queens,METROPOLITAN AVENUE,65 LANE,69 STREET,Study Request Denial,included,Legacy curated QCB5 signal-study input. Signal Studies lack a community-board field and source coordinates; inclusion was carried forward from prior street-name curation and still needs row-level human review.,needs_human_review,True,
469,output/data_cb5_signal_studies.csv,ab346dcf35c2634874dde30ce3f58b8975a79488319d1c2ebe79f40401b4dba3,data_raw/signal_studies_citywide.csv,matched,1,ab346dcf35c2634874dde30ce3f58b8975a79488319d1c2ebe79f40401b4dba3,Matched committed raw Signal Studies snapshot by id and referencenumber.,CQ20-1132,155295,2020-05-14T00:00:00.000,All-Way Stop,Queens,58 ROAD,64 STREET,,Study Request Denial,included,Legacy curated QCB5 signal-study input. Signal Studies lack a community-board field and source coordinates; inclusion was carried forward from prior street-name curation and still needs row-level human review.,needs_human_review,True,
470,output/data_cb5_signal_studies.csv,cf9b4de2e23add876b209303ddff09e103c8659acef963124d5430eefca4df7b,data_raw/signal_studies_citywide.csv,matched,1,cf9b4de2e23add876b209303ddff09e103c8659acef963124d5430eefca4df7b,Matched committed raw Signal Studies snapshot by id and referencenumber.,CQ20-1090,155253,2020-04-21T00:00:00.000,All-Way Stop,Queens,68 AVENUE,62 STREET,,Study Request Denial,included,Legacy curated QCB5 signal-study input. Signal Studies lack a community-board field and source coordinates; inclusion was carried forward from prior street-name curation and still needs row-level human review.,needs_human_review,True,
471,output/data_cb5_signal_studies.csv,663f2b703e16aa74b5068f6f84691546906a1272a30e68ce8db8fb6c559d5917,data_raw/signal_studies_citywide.csv,matched,1,663f2b703e16aa74b5068f6f84691546906a1272a30e68ce8db8fb6c559d5917,Matched committed raw Signal Studies snapshot by id and referencenumber.,CQ20-1068,155231,2020-03-20T00:00:00.000,All-Way Stop,Queens,MYRTLE AVENUE,SUMMERFIELD STREET,,Study Request Denial,included,Legacy curated QCB5 signal-study input. Signal Studies lack a community-board field and source coordinates; inclusion was carried forward from prior street-name curation and still needs row-level human review.,needs_human_review,True,
472,output/data_cb5_signal_studies.csv,88431f9c7250eb3ec1b1b3c787d47544a19032a9343ae35e08967e1ecf73f0b8,data_raw/signal_studies_citywide.csv,matched,1,88431f9c7250eb3ec1b1b3c787d47544a19032a9343ae35e08967e1ecf73f0b8,Matched committed raw Signal Studies snapshot by id and referencenumber.,CQ20-1017,155180,2020-03-05T00:00:00.000,Traffic Signal,Queens,51 ROAD,69 STREET,,Study Request Denial,included,Legacy curated QCB5 signal-study input. Signal Studies lack a community-board field and source coordinates; inclusion was carried forward from prior street-name curation and still needs row-level human review.,needs_human_review,True,
473,output/data_cb5_signal_studies.csv,5492e61e367c9603de5cef62bdd1957b953af5b7d1fefcf72fa27712329408f0,data_raw/signal_studies_citywide.csv,matched,1,5492e61e367c9603de5cef62bdd1957b953af5b7d1fefcf72fa27712329408f0,Matched committed raw Signal Studies snapshot by id and referencenumber.,CQ20-0925B,155088,2020-03-11T00:00:00.000,Traffic Signal,Queens,SENECA AVENUE,CENTRE STREET,,Engineering Study Completed     (Signals Engineering),included,Legacy curated QCB5 signal-study input. Signal Studies lack a community-board field and source coordinates; inclusion was carried forward from prior street-name curation and still needs row-level human review.,needs_human_review,True,
474,output/data_cb5_signal_studies.csv,d6dee5e4493734fc4e915d759617a1cd71c2e7fa463cc4243cc514b0c254b0ae,data_raw/signal_studies_citywide.csv,matched,1,d6dee5e4493734fc4e915d759617a1cd71c2e7fa463cc4243cc514b0c254b0ae,Matched committed raw Signal Studies snapshot by id and referencenumber.,CQ20-0924B,155087,2020-03-11T00:00:00.000,Traffic Signal,Queens,MYRTLE AVENUE,SENECA AVENUE,HANCOCK STREET,Engineering Study Completed     (Signals Engineering),included,Legacy curated QCB5 signal-study input. Signal Studies lack a community-board field and source coordinates; inclusion was carried forward from prior street-name curation and still needs row-level human review.,needs_human_review,True,
475,output/data_cb5_signal_studies.csv,698223c4bdb533c758cf8ae9b578bbfca43e8c8cada85858612f5b369e494f72,data_raw/signal_studies_citywide.csv,matched,1,698223c4bdb533c758cf8ae9b578bbfca43e8c8cada85858612f5b369e494f72,Matched committed raw Signal Studies snapshot by id and referencenumber.,CQ20-0921B,155084,2020-03-11T00:00:00.000,Traffic Signal,Queens,FRESH POND ROAD,BLEECKER STREET,MENAHAN STREET,Engineering Study Completed     (Signals Engineering),included,Legacy curated QCB5 signal-study input. Signal Studies lack a community-board field and source coordinates; inclusion was carried forward from prior street-name curation and still needs row-level human review.,needs_human_review,True,
476,output/data_cb5_signal_studies.csv,f30be9b0ec4e0fbf66762d02244af86d2755886b5d05d567287c6eebbb5e585d,data_raw/signal_studies_citywide.csv,matched,1,f30be9b0ec4e0fbf66762d02244af86d2755886b5d05d567287c6eebbb5e585d,Matched committed raw Signal Studies snapshot by id and referencenumber.,CQ20-0888B,154071,2020-03-09T00:00:00.000,Traffic Signal,Queens,WOODHAVEN BOULEVARD,ELIOT AVENUE,,Engineering Study Completed     (Signals Engineering),included,Legacy curated QCB5 signal-study input. Signal Studies lack a community-board field and source coordinates; inclusion was carried forward from prior street-name curation and still needs row-level human review.,needs_human_review,True,
477,output/data_cb5_signal_studies.csv,53f1fdc07aac35452d508bd9e0c716946874cb7d067c0f5d744741eb617c3f27,data_raw/signal_studies_citywide.csv,matched,1,53f1fdc07aac35452d508bd9e0c716946874cb7d067c0f5d744741eb617c3f27,Matched committed raw Signal Studies snapshot by id and referencenumber.,CQ20-0871B,154054,2020-03-09T00:00:00.000,Leading Pedestrian Interval,Queens,69 STREET,LONG ISLAND EXPRESSWAY,,Engineering Study Completed     (Signals Engineering),included,Legacy curated QCB5 signal-study input. Signal Studies lack a community-board field and source coordinates; inclusion was carried forward from prior street-name curation and still needs row-level human review.,needs_human_review,True,
478,output/data_cb5_signal_studies.csv,df93f5f86ee51adbc4ede8ff764334d9beada2d78eb96282c4d2df09756f0b70,data_raw/signal_studies_citywide.csv,matched,1,df93f5f86ee51adbc4ede8ff764334d9beada2d78eb96282c4d2df09756f0b70,Matched committed raw Signal Studies snapshot by id and referencenumber.,CQ20-0756B,153939,2020-02-28T00:00:00.000,Traffic Signal,Queens,JUNIPER BOULEVARD SOUTH,71 STREET,JUNIPER BOULEVARD SOUTH,Engineering Study Completed     (Signals Engineering),included,Legacy curated QCB5 signal-study input. Signal Studies lack a community-board field and source coordinates; inclusion was carried forward from prior street-name curation and still needs row-level human review.,needs_human_review,True,
479,output/data_cb5_signal_studies.csv,152dd69b1dcb1ff346ec6cf1586c44be6ca45c80a28e2a1f77459bacac99d580,data_raw/signal_studies_citywide.csv,matched,1,152dd69b1dcb1ff346ec6cf1586c44be6ca45c80a28e2a1f77459bacac99d580,Matched committed raw Signal Studies snapshot by id and referencenumber.,CQ20-0745,153928,2020-02-24T00:00:00.000,All-Way Stop,Queens,CATALPA AVENUE,62 STREET,,A/W Approval,included,Legacy curated QCB5 signal-study input. Signal Studies lack a community-board field and source coordinates; inclusion was carried forward from prior street-name curation and still needs row-level human review.,needs_human_review,True,
480,output/data_cb5_signal_studies.csv,6d8c5762513debd012ef693b716e395be6c6974e3540e93f0b15251a30a7d5a8,data_raw/signal_studies_citywide.csv,matched,1,6d8c5762513debd012ef693b716e395be6c6974e3540e93f0b15251a30a7d5a8,Matched committed raw Signal Studies snapshot by id and referencenumber.,CQ20-0698B,153881,2020-02-26T00:00:00.000,Traffic Signal,Queens,METROPOLITAN AVENUE,60 STREET,FOREST AVENUE,Engineering Study Completed     (Signals Engineering),included,Legacy curated QCB5 signal-study input. Signal Studies lack a community-board field and source coordinates; inclusion was carried forward from prior street-name curation and still needs row-level human review.,needs_human_review,True,
481,output/data_cb5_signal_studies.csv,aa184c903f993b2891e14a3b14375de9126b5de00efa3dcce9e2764f3decb4e1,data_raw/signal_studies_citywide.csv,matched,1,aa184c903f993b2891e14a3b14375de9126b5de00efa3dcce9e2764f3decb4e1,Matched committed raw Signal Studies snapshot by id and referencenumber.,CQ20-0607B,153790,2020-02-14T00:00:00.000,Leading Pedestrian Interval,Queens,METROPOLITAN AVENUE,69 STREET,,Engineering Study Completed     (Signals Engineering),included,Legacy curated QCB5 signal-study input. Signal Studies lack a community-board field and source coordinates; inclusion was carried forward from prior street-name curation and still needs row-level human review.,needs_human_review,True,
482,output/data_cb5_signal_studies.csv,19fed03ddaffd60c5e7e04de25c873765387cbc9b1a5aeee34087b2976a62399,data_raw/signal_studies_citywide.csv,matched,1,19fed03ddaffd60c5e7e04de25c873765387cbc9b1a5aeee34087b2976a62399,Matched committed raw Signal Studies snapshot by id and referencenumber.,CQ20-0606B,153789,2020-02-14T00:00:00.000,Leading Pedestrian Interval,Queens,FRESH POND ROAD,MYRTLE AVENUE,,Engineering Study Completed     (Signals Engineering),included,Legacy curated QCB5 signal-study input. Signal Studies lack a community-board field and source coordinates; inclusion was carried forward from prior street-name curation and still needs row-level human review.,needs_human_review,True,
483,output/data_cb5_signal_studies.csv,c1011ccf0cfe518b275cde5c367f0eb7a3b3e8f75e73706ae0a615ab324bb67d,data_raw/signal_studies_citywide.csv,matched,1,c1011ccf0cfe518b275cde5c367f0eb7a3b3e8f75e73706ae0a615ab324bb67d,Matched committed raw Signal Studies snapshot by id and referencenumber.,CQ20-0552B,153735,2020-02-11T00:00:00.000,Leading Pedestrian Interval,Queens,CYPRESS AVENUE,COOPER AVENUE,,Engineering Study Completed     (Signals Engineering),included,Legacy curated QCB5 signal-study input. Signal Studies lack a community-board field and source coordinates; inclusion was carried forward from prior street-name curation and still needs row-level human review.,needs_human_review,True,
484,output/data_cb5_signal_studies.csv,e36a75e99a4170f403a9b33ea5f3d8b01c8edc2b639e5567ded57de2ac2a8114,data_raw/signal_studies_citywide.csv,matched,1,e36a75e99a4170f403a9b33ea5f3d8b01c8edc2b639e5567ded57de2ac2a8114,Matched committed raw Signal Studies snapshot by id and referencenumber.,CQ20-0551B,153734,2020-02-11T00:00:00.000,Leading Pedestrian Interval,Queens,ELIOT AVENUE,FRESH POND ROAD,,Engineering Study Completed     (Signals Engineering),included,Legacy curated QCB5 signal-study input. Signal Studies lack a community-board field and source coordinates; inclusion was carried forward from prior street-name curation and still needs row-level human review.,needs_human_review,True,
485,output/data_cb5_signal_studies.csv,0c4493836fb328df0c0ff10a7882af7bf1543efdeb618e0e78f44f03078c16b0,data_raw/signal_studies_citywide.csv,matched,1,0c4493836fb328df0c0ff10a7882af7bf1543efdeb618e0e78f44f03078c16b0,Matched committed raw Signal Studies snapshot by id and referencenumber.,CQ20-0463,153646,2020-01-14T00:00:00.000,Traffic Signal,Queens,52 DRIVE,70 STREET,,Study Request Denial,included,Legacy curated QCB5 signal-study input. Signal Studies lack a community-board field and source coordinates; inclusion was carried forward from prior street-name curation and still needs row-level human review.,needs_human_review,True,
486,output/data_cb5_signal_studies.csv,54734e0d05965e641306aa4d6aacb047a31d0097edc55d043a046ea7fc623697,data_raw/signal_studies_citywide.csv,matched,1,54734e0d05965e641306aa4d6aacb047a31d0097edc55d043a046ea7fc623697,Matched committed raw Signal Studies snapshot by id and referencenumber.,CQ20-0360B,153543,2020-01-29T00:00:00.000,Left Turn Arrow/Signal,Queens,GRAND AVENUE,74 STREET,,Engineering Study Completed     (Signals Engineering),included,Legacy curated QCB5 signal-study input. Signal Studies lack a community-board field and source coordinates; inclusion was carried forward from prior street-name curation and still needs row-level human review.,needs_human_review,True,
487,output/data_cb5_signal_studies.csv,95ab930987c0feb19bd8345e9b482aa7b02c63de8d8880164085b7fdf41df68e,data_raw/signal_studies_citywide.csv,matched,1,95ab930987c0feb19bd8345e9b482aa7b02c63de8d8880164085b7fdf41df68e,Matched committed raw Signal Studies snapshot by id and referencenumber.,CQ20-0347,153530,2020-01-24T00:00:00.000,All-Way Stop,Queens,60 ROAD,60 STREET,,Study Request Denial,included,Legacy curated QCB5 signal-study input. Signal Studies lack a community-board field and source coordinates; inclusion was carried forward from prior street-name curation and still needs row-level human review.,needs_human_review,True,
488,output/data_cb5_signal_studies.csv,eeb5b4a4a15aff0fa3f8cfd7461fdb30056cc3345d3766d8110b37057637e1af,data_raw/signal_studies_citywide.csv,matched,1,eeb5b4a4a15aff0fa3f8cfd7461fdb30056cc3345d3766d8110b37057637e1af,Matched committed raw Signal Studies snapshot by id and referencenumber.,CQ20-0334B,153517,2020-01-27T00:00:00.000,Traffic Signal,Queens,58 AVENUE,69 STREET,,Engineering Study Completed     (Signals Engineering),included,Legacy curated QCB5 signal-study input. Signal Studies lack a community-board field and source coordinates; inclusion was carried forward from prior street-name curation and still needs row-level human review.,needs_human_review,True,
489,output/data_cb5_signal_studies.csv,d8765e4926edcac5ce5aee28ca9f49f7b4092899db2a586673f5fd454beb0f75,data_raw/signal_studies_citywide.csv,matched,1,d8765e4926edcac5ce5aee28ca9f49f7b4092899db2a586673f5fd454beb0f75,Matched committed raw Signal Studies snapshot by id and referencenumber.,CQ20-0285,153468,2020-01-22T00:00:00.000,All-Way Stop,Queens,PENELOPE AVENUE,69 PLACE,,Study Request Denial,included,Legacy curated QCB5 signal-study input. Signal Studies lack a community-board field and source coordinates; inclusion was carried forward from prior street-name curation and still needs row-level human review.,needs_human_review,True,
490,output/data_cb5_signal_studies.csv,4ce4b0224dc88968cbd10dd1696d03599a8d699116b64450069938223ad7ba29,data_raw/signal_studies_citywide.csv,matched,1,4ce4b0224dc88968cbd10dd1696d03599a8d699116b64450069938223ad7ba29,Matched committed raw Signal Studies snapshot by id and referencenumber.,CQ20-0278,153461,2020-01-16T00:00:00.000,Traffic Signal,Queens,LONG ISLAND EXPRESSWAY,58 ROAD,71 STREET,Study Request Denial,included,Legacy curated QCB5 signal-study input. Signal Studies lack a community-board field and source coordinates; inclusion was carried forward from prior street-name curation and still needs row-level human review.,needs_human_review,True,
491,output/data_cb5_signal_studies.csv,d05f91055e0b6749004c3736f6dfee5d112c78f6686709f49b8f50cb9e92b194,data_raw/signal_studies_citywide.csv,matched,1,d05f91055e0b6749004c3736f6dfee5d112c78f6686709f49b8f50cb9e92b194,Matched committed raw Signal Studies snapshot by id and referencenumber.,CQ20-0251,153434,2020-01-17T00:00:00.000,All-Way Stop,Queens,79 STREET,68 ROAD,,Study Request Denial,included,Legacy curated QCB5 signal-study input. Signal Studies lack a community-board field and source coordinates; inclusion was carried forward from prior street-name curation and still needs row-level human review.,needs_human_review,True,
492,output/data_cb5_signal_studies.csv,1969276dcb08ae8b379fde6f759957a0138a7b0abb0c0c8321e28c4f8c6ad5f3,data_raw/signal_studies_citywide.csv,matched,1,1969276dcb08ae8b379fde6f759957a0138a7b0abb0c0c8321e28c4f8c6ad5f3,Matched committed raw Signal Studies snapshot by id and referencenumber.,CQ20-0199B,152418,2020-01-16T00:00:00.000,Traffic Signal,Queens,69 STREET,LONG ISLAND EXPRESSWAY,,Engineering Study Completed     (Signals Engineering),included,Legacy curated QCB5 signal-study input. Signal Studies lack a community-board field and source coordinates; inclusion was carried forward from prior street-name curation and still needs row-level human review.,needs_human_review,True,
493,output/data_cb5_signal_studies.csv,03a933371ba386d51ca827083aa85a6d76dc1ce0bc7a45582ed500bf00e79a00,data_raw/signal_studies_citywide.csv,matched,1,03a933371ba386d51ca827083aa85a6d76dc1ce0bc7a45582ed500bf00e79a00,Matched committed raw Signal Studies snapshot by id and referencenumber.,CQ20-0191B,152410,2020-01-16T00:00:00.000,Traffic Signal,Queens,59 DRIVE,60 STREET,,Engineering Study Completed     (Signals Engineering),included,Legacy curated QCB5 signal-study input. Signal Studies lack a community-board field and source coordinates; inclusion was carried forward from prior street-name curation and still needs row-level human review.,needs_human_review,True,
494,output/data_cb5_signal_studies.csv,cada09bc1e627605326da20f86314727b68ea6f0280d9df5d2f3446241fde42c,data_raw/signal_studies_citywide.csv,matched,1,cada09bc1e627605326da20f86314727b68ea6f0280d9df5d2f3446241fde42c,Matched committed raw Signal Studies snapshot by id and referencenumber.,CQ20-0109B,152328,2020-01-13T00:00:00.000,Left Turn Arrow/Signal,Queens,JUNIPER BOULEVARD NORTH,80 STREET,,Engineering Study Completed     (Signals Engineering),included,Legacy curated QCB5 signal-study input. Signal Studies lack a community-board field and source coordinates; inclusion was carried forward from prior street-name curation and still needs row-level human review.,needs_human_review,True,
495,output/data_cb5_signal_studies.csv,3e24801d2b3a97c822896b891b0d7e9759053be1c09c440215ac017dbfeb66b5,data_raw/signal_studies_citywide.csv,matched,1,3e24801d2b3a97c822896b891b0d7e9759053be1c09c440215ac017dbfeb66b5,Matched committed raw Signal Studies snapshot by id and referencenumber.,CQ20-0088,152307,2020-01-07T00:00:00.000,All-Way Stop,Queens,60 STREET,59 ROAD,,Study Request Denial,included,Legacy curated QCB5 signal-study input. Signal Studies lack a community-board field and source coordinates; inclusion was carried forward from prior street-name curation and still needs row-level human review.,needs_human_review,True,
496,output/data_cb5_signal_studies.csv,836f1ba360725a38885d8902488f90a8c22c5421c0bb27497239f7508d363eb0,data_raw/signal_studies_citywide.csv,matched,1,836f1ba360725a38885d8902488f90a8c22c5421c0bb27497239f7508d363eb0,Matched committed raw Signal Studies snapshot by id and referencenumber.,CQ20-0087,152306,2020-01-07T00:00:00.000,All-Way Stop,Queens,60 STREET,59 AVENUE,,Study Request Denial,included,Legacy curated QCB5 signal-study input. Signal Studies lack a community-board field and source coordinates; inclusion was carried forward from prior street-name curation and still needs row-level human review.,needs_human_review,True,
497,output/data_cb5_signal_studies.csv,5162544ce589909c59171b666733e8b8338452dacba6a0760ae4de247c7f9fc5,data_raw/signal_studies_citywide.csv,matched,1,5162544ce589909c59171b666733e8b8338452dacba6a0760ae4de247c7f9fc5,Matched committed raw Signal Studies snapshot by id and referencenumber.,CQ20-0086,152305,2020-01-07T00:00:00.000,Traffic Signal,Queens,FLUSHING AVENUE,60 STREET,,Study Request Denial,included,Legacy curated QCB5 signal-study input. Signal Studies lack a community-board field and source coordinates; inclusion was carried forward from prior street-name curation and still needs row-level human review.,needs_human_review,True,
498,output/data_cb5_signal_studies.csv,4ff2564c7c256848fcfd24949e15d2b8b03fe5aaf5f72376d53608b71707ceb9,data_raw/signal_studies_citywide.csv,matched,1,4ff2564c7c256848fcfd24949e15d2b8b03fe5aaf5f72376d53608b71707ceb9,Matched committed raw Signal Studies snapshot by id and referencenumber.,CQ20-0076,152295,2020-01-08T00:00:00.000,Traffic Signal,Queens,MYRTLE AVENUE,72 STREET,,Study Request Denial,included,Legacy curated QCB5 signal-study input. Signal Studies lack a community-board field and source coordinates; inclusion was carried forward from prior street-name curation and still needs row-level human review.,needs_human_review,True,
499,output/data_cb5_signal_studies.csv,bbfbe462ce8e8755b3b6d5b1e0d985eee36f962573ae2111f509fda46178259d,data_raw/signal_studies_citywide.csv,matched,1,bbfbe462ce8e8755b3b6d5b1e0d985eee36f962573ae2111f509fda46178259d,Matched committed raw Signal Studies snapshot by id and referencenumber.,CQ18-2390B,144949,2020-02-11T00:00:00.000,Left Turn Arrow/Signal,Queens,METROPOLITAN AVENUE,73 PLACE,,Engineering Study Completed     (Signals Engineering),included,Legacy curated QCB5 signal-study input. Signal Studies lack a community-board field and source coordinates; inclusion was carried forward from prior street-name curation and still needs row-level human review.,needs_human_review,True,
