projectcode,onstreet,fromstreet,tostreet,outcome,requestdate,closeddate,projectstatus,denialreason,installationdate,trafficdirectiondesc,crashes_150m,injuries_150m,ped_injuries_150m,fatalities_150m,latitude,longitude,Source File
SR-20241104-35527,QUEENS MIDTOWN EXPRESSWAY SR S,HULL AVENUE,CLINTON AVENUE,denied,2024-11-04,2024-11-21T13:02:00.000,"Accept planning proposal of Not Feasible, Closed",multi-lane roadway,,One-way,47,69,3,2.0,40.72553,-73.900987,srts_citywide.csv
SR-20240910-32287,78 STREET,69 ROAD,COOPER AVENUE,denied,2024-09-09,2024-09-25T13:48:00.000,"Accept planning proposal of Not Feasible, Closed",Does not qualify; Radar speeds BELOW criteria of 30.0 mph at 85%,,One-way,6,6,2,0.0,40.708948,-73.874507,srts_citywide.csv
SR-20241104-35527,QUEENS MIDTOWN EXPRESSWAY SR S,CLINTON AVENUE,55 DRIVE,denied,2024-11-04,2024-11-21T13:02:00.000,"Accept planning proposal of Not Feasible, Closed",multi-lane roadway,,One-way,42,61,3,1.0,40.725424,-73.899508,srts_citywide.csv
SR-20240514-31682,58 AVENUE,BROWN PLACE,69 STREET,denied,2024-05-09,2024-06-25T15:15:00.000,"Accept planning proposal of Not Feasible, Closed",Does not qualify; Radar speeds BELOW criteria of 30.0 mph at 85%,,Two-way,14,16,3,0.0,40.724068,-73.895776,srts_citywide.csv
SR-20241104-35527,QUEENS MIDTOWN EXPRESSWAY SR S,CLINTON AVENUE,CLINTON AVENUE,denied,2024-11-04,2024-11-21T13:02:00.000,"Accept planning proposal of Not Feasible, Closed",multi-lane roadway,,One-way,45,65,3,1.0,40.725458,-73.899966,srts_citywide.csv
SR-20241101-35515,ANDREWS AVENUE,56 STREET,LIRR MONTAUK LINE,denied,2024-10-31,2024-11-21T12:58:00.000,"Accept planning proposal of Not Feasible, Closed",Does not qualify; Radar speeds BELOW criteria of 30.0 mph at 85%,,Two-way,9,10,4,0.0,40.714455,-73.908275,srts_citywide.csv
SR-20211029-26673,DANA COURT,84 PLACE,WOODHAVEN BOULEVARD,denied,2021-10-08,2023-06-12T12:56:00.000,"Accept planning proposal of Not Feasible, Closed",Does not qualify; Radar speeds BELOW criteria of 30.0 mph at 85%,,One-way,8,9,3,0.0,40.722619,-73.869554,srts_citywide.csv
SR-20241101-35515,ANDREWS AVENUE,LIRR MONTAUK LINE,59 PLACE,denied,2024-10-31,2024-11-21T12:58:00.000,"Accept planning proposal of Not Feasible, Closed",Does not qualify; Radar speeds BELOW criteria of 30.0 mph at 85%,,Two-way,6,7,4,0.0,40.715314,-73.907484,srts_citywide.csv
SR-20241104-35527,QUEENS MIDTOWN EXPRESSWAY SR S,64 STREET,HULL AVENUE,denied,2024-11-04,2024-11-21T13:02:00.000,"Accept planning proposal of Not Feasible, Closed",multi-lane roadway,,One-way,32,52,0,1.0,40.725596,-73.90178,srts_citywide.csv
SR-20240916-32316,MENAHAN STREET,CYPRESS AVENUE,SENECA AVENUE,denied,2024-09-07,2024-09-30T13:31:00.000,"Accept planning proposal of Not Feasible, Closed",Does not qualify; Radar speeds BELOW criteria of 30.0 mph at 85%,,One-way,11,13,2,1.0,40.703435,-73.911807,srts_citywide.csv
SR-20240610-31807,GRANDVIEW AVENUE,RENE COURT,AMORY COURT,denied,2024-06-09,2024-07-01T13:07:00.000,"Accept planning proposal of Not Feasible, Closed",Does not qualify; Radar speeds BELOW criteria of 30.0 mph at 85%,,Two-way,17,22,2,0.0,40.712215,-73.91116,srts_citywide.csv
SR-20231120-31033,64 PLACE,78 AVENUE,80 AVENUE,denied,2023-11-17,2024-09-30T13:26:00.000,"Accept planning proposal of Not Feasible, Closed",Does not qualify; Radar speeds BELOW criteria of 30.0 mph at 85%,,Two-way,14,21,1,0.0,40.697348,-73.890797,srts_citywide.csv
SR-20251209-39827,68 AVENUE,64 PLACE,65 STREET,denied,2025-12-08,2025-12-22T13:39:00.000,"Accept planning proposal of Not Feasible, Closed",Does not qualify; Radar speeds BELOW criteria of 30.0 mph at 85%,,Two-way,4,4,1,0.0,40.705956,-73.893593,srts_citywide.csv
SR-20251208-39826,JUNIPER BOULEVARD NORTH,62 AVENUE,77 STREET,denied,2025-12-08,2025-12-22T13:39:00.000,"Accept planning proposal of Not Feasible, Closed",Does not qualify; Radar speeds BELOW criteria of 30.0 mph at 85%,,Two-way,4,4,1,0.0,40.721416,-73.881306,srts_citywide.csv
SR-20251209-39827,68 AVENUE,65 STREET,65 PLACE,denied,2025-12-08,2025-12-22T13:39:00.000,"Accept planning proposal of Not Feasible, Closed",Does not qualify; Radar speeds BELOW criteria of 30.0 mph at 85%,,Two-way,3,3,1,0.0,40.706177,-73.892702,srts_citywide.csv
SR-20240612-31811,EDSALL AVENUE,75 STREET,76 STREET,denied,2024-06-12,2024-07-01T13:08:00.000,"Accept planning proposal of Not Feasible, Closed",Does not qualify; Radar speeds BELOW criteria of 30.0 mph at 85%,,One-way,6,10,1,0.0,40.706541,-73.87515,srts_citywide.csv
SR-20240610-31807,GRANDVIEW AVENUE,METROPOLITAN AVENUE,RENE COURT,denied,2024-06-09,2024-07-01T13:07:00.000,"Accept planning proposal of Not Feasible, Closed",Does not qualify; Radar speeds BELOW criteria of 30.0 mph at 85%,,Two-way,19,25,1,0.0,40.713334,-73.913038,srts_citywide.csv
SR-20251208-39826,JUNIPER BOULEVARD NORTH,76 STREET,62 AVENUE,denied,2025-12-08,2025-12-22T13:39:00.000,"Accept planning proposal of Not Feasible, Closed",Does not qualify; Radar speeds BELOW criteria of 30.0 mph at 85%,,Two-way,3,3,1,0.0,40.721378,-73.881844,srts_citywide.csv
SR-20240613-31825,79 STREET,ELIOT AVENUE,62 AVENUE,denied,2024-06-06,2024-07-03T13:09:00.000,"Accept planning proposal of Not Feasible, Closed",Does not qualify; Radar speeds BELOW criteria of 30.0 mph at 85%,,One-way,26,36,10,0.0,40.724626,-73.880027,srts_citywide.csv
SR-20201006-20003,DEKALB AVENUE,SENECA AVENUE,ONDERDONK AVENUE,denied,2020-01-03,2024-10-07T12:13:00.000,"Planning denied Pre-inspection, Closed",,,Two-way,13,18,4,0.0,40.707632,-73.915841,srts_citywide.csv
SR-20240918-32340,65 PLACE,70 AVENUE,CENTRAL AVENUE,denied,2024-09-16,2024-10-07T12:01:00.000,"Accept planning proposal of Not Feasible, Closed",Does not qualify; Radar speeds BELOW criteria of 30.0 mph at 85%,,One-way,10,11,1,0.0,40.703971,-73.890408,srts_citywide.csv
SR-20230502-29499,LINDEN STREET,ONDERDONK AVENUE,WOODWARD AVENUE,denied,2023-04-26,2023-12-21T16:16:00.000,"Accept planning proposal of Not Feasible, Closed",Does not qualify; Radar speeds BELOW criteria of 30.0 mph at 85%,,One-way,27,40,6,0.0,40.704593,-73.908246,srts_citywide.csv
SR-20240906-32277,65 STREET,ELIOT AVENUE,62 AVENUE,denied,2024-09-05,2024-12-09T18:00:00.000,"Accept planning proposal of Not Feasible, Closed",multiple impeding driveways / curb cuts,,Two-way,17,28,2,0.0,40.716236,-73.897822,srts_citywide.csv
SR-20241007-33417,OTTO ROAD,66 PLACE,67 STREET,denied,2024-10-04,2024-10-18T14:21:00.000,"Accept planning proposal of Not Feasible, Closed",Does not qualify; Radar speeds BELOW criteria of 30.0 mph at 85%,,Two-way,2,2,0,0.0,40.7056,-73.889118,srts_citywide.csv
SR-20241003-33402,COOPER AVENUE,WYCKOFF AVENUE,ST FELIX AVENUE,denied,2024-10-01,2024-10-18T14:17:00.000,"Accept planning proposal of Not Feasible, Closed",Does not qualify; Radar speeds BELOW criteria of 30.0 mph at 85%,,Two-way,8,9,1,0.0,40.693352,-73.900403,srts_citywide.csv
SR-20230622-30018,69 AVENUE,60 LANE,FRESH POND ROAD,denied,2023-06-21,2023-06-30T12:26:00.000,"Accept planning proposal of Not Feasible, Closed",Does not qualify; Radar speeds BELOW criteria of 30.0 mph at 85%,,One-way,4,4,1,0.0,40.702745,-73.897313,srts_citywide.csv
SR-20241003-33400,79 PLACE,FURMANVILLE AVENUE,JUNIPER VALLEY ROAD,denied,2024-10-01,2024-10-18T14:16:00.000,"Accept planning proposal of Not Feasible, Closed",Does not qualify; Radar speeds BELOW criteria of 30.0 mph at 85%,,One-way,20,25,2,0.0,40.71774,-73.87321,srts_citywide.csv
SR-20241003-33402,COOPER AVENUE,ST FELIX AVENUE,CYPRESS AVENUE,denied,2024-10-01,2024-10-18T14:17:00.000,"Accept planning proposal of Not Feasible, Closed",Does not qualify; Radar speeds BELOW criteria of 30.0 mph at 85%,,Two-way,9,10,1,0.0,40.693437,-73.900032,srts_citywide.csv
SR-20241007-33417,OTTO ROAD,66 STREET,66 PLACE,denied,2024-10-04,2024-10-18T14:21:00.000,"Accept planning proposal of Not Feasible, Closed",Does not qualify; Radar speeds BELOW criteria of 30.0 mph at 85%,,Two-way,7,8,0,0.0,40.704972,-73.889843,srts_citywide.csv
SR-20230428-29469,LINDEN STREET,ONDERDONK AVENUE,WOODWARD AVENUE,denied,2023-04-26,2023-05-02T15:32:00.000,"Reject planning proposal of Not Feasible - 2nd inspection requested, Closed",Does not qualify; Radar speeds BELOW criteria of 30.0 mph at 85%,,One-way,27,40,6,0.0,40.704593,-73.908246,srts_citywide.csv
SR-20210726-26106,FRESH POND ROAD,61 STREET,59 DRIVE,denied,2021-05-31,2024-04-16T12:28:00.000,"Accept planning proposal of Not Feasible, Closed",Speed Reducer (Hump or Cushion) denied for not being 1000' clear of speed camera,,Two-way,18,23,1,0.0,40.718276,-73.902184,srts_citywide.csv
SR-20210108-24283,59 PLACE,60 AVENUE,60 ROAD,denied,2020-07-18,2023-03-09T16:44:00.000,"Accept planning proposal of Not Feasible, Closed",Does not qualify; Radar speeds BELOW criteria of 30.0 mph at 85%,,One-way,9,10,4,0.0,40.716261,-73.907436,srts_citywide.csv
SR-20220114-26801,BROWN PLACE,58 ROAD,CALDWELL AVENUE,denied,2021-11-12,2024-01-11T13:15:00.000,"Accept planning proposal of Not Feasible, Closed",Does not qualify; Radar speeds BELOW criteria of 30.0 mph at 85%,,Two-way,12,16,3,0.0,40.723425,-73.895416,srts_citywide.csv
SR-20221005-28851,59 STREET,COOPER AVENUE,DEAD END,denied,2022-10-01,2022-11-01T10:57:00.000,"Accept planning proposal of Not Feasible, Closed",dead end street,,Two-way,53,67,12,0.0,40.694477,-73.896464,srts_citywide.csv
SR-20211029-26679,73 STREET,CENTRAL AVENUE,COOPER AVENUE,denied,2021-10-07,2023-05-23T13:52:00.000,"Accept planning proposal of Not Feasible, Closed",Does not qualify; Radar speeds BELOW criteria of 30.0 mph at 85%,,One-way,13,13,6,0.0,40.705432,-73.877688,srts_citywide.csv
SR-20210304-25455,CALDWELL AVENUE,71 STREET,72 STREET,denied,2020-09-23,2023-03-10T10:18:00.000,"Accept planning proposal of Not Feasible, Closed",Does not qualify; Radar speeds BELOW criteria of 30.0 mph at 85%,,One-way,12,20,1,0.0,40.724946,-73.890175,srts_citywide.csv
SR-20240308-31399,69 ROAD,74 STREET,75 STREET,denied,2024-03-06,2024-04-01T12:33:00.000,"Accept planning proposal of Not Feasible, Closed",Does not qualify; Radar speeds BELOW criteria of 30.0 mph at 85%,,Two-way,5,8,2,0.0,40.708184,-73.877041,srts_citywide.csv
SR-20230807-30313,MENAHAN STREET,60 PLACE,61 STREET,denied,2023-08-06,2024-05-08T12:41:00.000,"Accept planning proposal of Not Feasible, Closed",Does not qualify; Radar speeds BELOW criteria of 30.0 mph at 85%,,One-way,10,12,3,0.0,40.710446,-73.90265,srts_citywide.csv
SR-20240418-31583,80 STREET,COWLES COURT,64 ROAD,denied,2024-04-18,2024-05-02T12:26:00.000,"Accept planning proposal of Not Feasible, Closed",Does not qualify; Radar speeds BELOW criteria of 30.0 mph at 85%,,Two-way,19,24,3,0.0,40.71879,-73.874218,srts_citywide.csv
SR-20230515-29673,56 STREET,ANDREWS AVENUE,62 AVENUE,denied,2023-05-12,2023-05-24T15:56:00.000,"Accept planning proposal of Not Feasible, Closed",Does not qualify; Radar speeds BELOW criteria of 30.0 mph at 85%,,One-way,9,10,4,0.0,40.714455,-73.908275,srts_citywide.csv
SR-20230531-29810,78 STREET,78 AVENUE,MYRTLE AVENUE,denied,2023-05-31,2023-09-25T14:46:00.000,"Accept planning proposal of Not Feasible, Closed",Does not qualify; Radar speeds BELOW criteria of 30.0 mph at 85%,,One-way,6,9,1,0.0,40.704628,-73.872442,srts_citywide.csv
SR-20221031-28969,62 STREET,52 AVENUE,53 AVENUE,denied,2022-10-31,2022-11-01T09:54:00.000,"Accept planning proposal of Not Feasible, Closed",Does not qualify; Radar speeds BELOW criteria of 30.0 mph at 85%,,One-way,10,13,0,0.0,40.733659,-73.900069,srts_citywide.csv
SR-20220114-26801,BROWN PLACE,58 AVENUE,58 AVENUE,denied,2021-11-12,2024-01-11T13:15:00.000,"Accept planning proposal of Not Feasible, Closed",Does not qualify; Radar speeds BELOW criteria of 30.0 mph at 85%,,Two-way,32,47,5,0.0,40.724243,-73.895819,srts_citywide.csv
SR-20220418-27132,PUTNAM AVENUE,PUTNAM AVENUE,MYRTLE AVENUE,denied,2022-04-13,2023-06-23T15:33:00.000,"Accept planning proposal of Not Feasible, Closed",Does not qualify; Radar speeds BELOW criteria of 30.0 mph at 85%,,One-way,12,17,6,0.0,40.698256,-73.908774,srts_citywide.csv
SR-20230811-30358,MT OLIVER CRESCENT,59 DRIVE,60 AVENUE,denied,2023-08-11,2024-04-17T12:53:00.000,"Accept planning proposal of Not Feasible, Closed",Does not qualify; Radar speeds BELOW criteria of 30.0 mph at 85%,,One-way,9,14,1,0.0,40.71802,-73.900338,srts_citywide.csv
SR-20240308-31399,69 ROAD,75 STREET,76 STREET,denied,2024-03-06,2024-04-01T12:33:00.000,"Accept planning proposal of Not Feasible, Closed",Does not qualify; Radar speeds BELOW criteria of 30.0 mph at 85%,,Two-way,4,7,2,0.0,40.708439,-73.876204,srts_citywide.csv
SR-20240308-31399,69 ROAD,76 STREET,78 STREET,denied,2024-03-06,2024-04-01T12:33:00.000,"Accept planning proposal of Not Feasible, Closed",Does not qualify; Radar speeds BELOW criteria of 30.0 mph at 85%,,Two-way,6,6,2,0.0,40.708693,-73.87537,srts_citywide.csv
SR-20210726-26111,66 PLACE,MYRTLE AVENUE,COOPER AVENUE,denied,2021-06-03,2023-02-15T14:33:00.000,"Accept planning proposal of Not Feasible, Closed",Does not qualify; Radar speeds BELOW criteria of 30.0 mph at 85%,,One-way,22,24,9,0.0,40.701432,-73.887,srts_citywide.csv
SR-20230908-30548,64 LANE,74 AVENUE,COOPER AVENUE,denied,2023-09-08,2024-05-28T12:17:00.000,"Accept planning proposal of Not Feasible, Closed",Does not qualify; Radar speeds BELOW criteria of 30.0 mph at 85%,,Two-way,26,32,10,0.0,40.700417,-73.890497,srts_citywide.csv
SR-20210901-26365,LINDEN STREET,FRESH POND ROAD,64 STREET,denied,2021-07-25,2023-05-18T12:45:00.000,"Accept planning proposal of Not Feasible, Closed",Does not qualify; Radar speeds BELOW criteria of 30.0 mph at 85%,,One-way,39,45,5,0.0,40.709682,-73.898904,srts_citywide.csv
SR-20220128-26815,COOPER AVENUE,69 STREET,69 PLACE,denied,2021-11-12,2023-06-26T09:47:00.000,"Accept planning proposal of Not Feasible, Closed",Speed Cushion denied for not being 1000' clear of a speed camera,,Two-way,24,29,6,0.0,40.700862,-73.88245,srts_citywide.csv
SR-20211021-26625,70 STREET,CENTRAL AVENUE,MYRTLE AVENUE,denied,2021-09-27,2023-05-30T11:52:00.000,"Accept planning proposal of Not Feasible, Closed",Does not qualify; Radar speeds BELOW criteria of 30.0 mph at 85%,,One-way,15,15,3,1.0,40.704405,-73.882011,srts_citywide.csv
SR-20220816-27617,69 PLACE,CENTRAL AVENUE,MYRTLE AVENUE,denied,2022-08-08,2024-01-03T12:42:00.000,"Accept planning proposal of Not Feasible, Closed",Does not qualify; Radar speeds BELOW criteria of 30.0 mph at 85%,,One-way,13,13,3,1.0,40.704202,-73.882873,srts_citywide.csv
SR-20220330-27015,LINDEN STREET,GRANDVIEW AVENUE,FOREST AVENUE,denied,2022-02-25,2023-07-07T11:53:00.000,"Accept planning proposal of Not Feasible, Closed",Does not qualify; Radar speeds BELOW criteria of 30.0 mph at 85%,,Two-way,16,17,4,0.0,40.707991,-73.904778,srts_citywide.csv
SR-20230816-30383,65 PLACE,JAY AVENUE,HAMILTON PLACE,denied,2023-08-16,2023-12-13T15:01:00.000,"Accept planning proposal of Not Feasible, Closed",street too short,,Two-way,33,44,3,1.0,40.726701,-73.900328,srts_citywide.csv
SR-20230613-29927,GATES AVENUE,FOREST AVENUE,60 PLACE,denied,2023-06-13,2023-06-26T13:33:00.000,"Accept planning proposal of Not Feasible, Closed",Does not qualify; Radar speeds BELOW criteria of 30.0 mph at 85%,,One-way,13,13,5,0.0,40.707804,-73.903624,srts_citywide.csv
SR-20221118-29046,GRAND AVENUE,56 STREET,57 STREET,denied,2022-11-15,2023-07-20T14:15:00.000,"Accept planning proposal of Not Feasible, Closed",Does not qualify; Radar speeds BELOW criteria of 30.0 mph at 85%,,Two-way,12,13,0,1.0,40.719051,-73.913399,srts_citywide.csv
SR-20230428-29478,MYRTLE AVENUE,66 PLACE,67 STREET,denied,2023-04-28,2023-11-27T12:25:00.000,"Accept planning proposal of Not Feasible, Closed",Does not qualify; Radar speeds BELOW criteria of 30.0 mph at 85%,,Two-way,22,24,9,0.0,40.701432,-73.887,srts_citywide.csv
SR-20240419-31593,61 STREET,MYRTLE AVENUE,60 LANE,denied,2024-04-19,2024-05-02T12:30:00.000,"Accept planning proposal of Not Feasible, Closed",Does not qualify; Radar speeds BELOW criteria of 30.0 mph at 85%,,One-way,23,26,6,0.0,40.700826,-73.894236,srts_citywide.csv
SR-20240308-31399,69 ROAD,78 STREET,79 STREET,denied,2024-03-06,2024-04-01T12:33:00.000,"Accept planning proposal of Not Feasible, Closed",Does not qualify; Radar speeds BELOW criteria of 30.0 mph at 85%,,Two-way,6,6,2,0.0,40.708948,-73.874507,srts_citywide.csv
SR-20230601-29824,WOODBINE STREET,ST NICHOLAS AVENUE,CYPRESS AVENUE,denied,2023-06-01,2023-06-15T12:59:00.000,"Accept planning proposal of Not Feasible, Closed",Does not qualify; Radar speeds BELOW criteria of 30.0 mph at 85%,,One-way,31,33,8,0.0,40.700169,-73.909204,srts_citywide.csv
SR-20230816-30383,65 PLACE,55 AVENUE,JAY AVENUE,denied,2023-08-16,2023-12-13T15:01:00.000,"Accept planning proposal of Not Feasible, Closed",street too short,,Two-way,34,45,3,1.0,40.726913,-73.900321,srts_citywide.csv
SR-20201026-20043,79 PLACE,77 AVENUE,77 AVENUE,denied,2020-01-21,2023-02-15T15:17:00.000,"Accept planning proposal of Not Feasible, Closed",Does not qualify; Radar speeds BELOW criteria of 30.0 mph at 85%,,One-way,1,1,1,0.0,40.706798,-73.871442,srts_citywide.csv
SR-20220901-27698,76 STREET,ELIOT AVENUE,JUNIPER BOULEVARD NORTH,denied,2022-08-28,2024-01-03T12:43:00.000,"Accept planning proposal of Not Feasible, Closed",Does not qualify; Radar speeds BELOW criteria of 30.0 mph at 85%,,One-way,7,9,2,0.0,40.723136,-73.883237,srts_citywide.csv
SR-20230307-29312,63 STREET,59 AVENUE,59 AVENUE,denied,2023-02-20,2023-03-13T10:53:00.000,"Accept planning proposal of Not Feasible, Closed",Does not qualify; Radar speeds BELOW criteria of 30.0 mph at 85%,,Two-way,8,8,0,1.0,40.719692,-73.90158,srts_citywide.csv
SR-20221107-28997,77 AVENUE,82 STREET,83 STREET,denied,2022-11-04,2022-11-07T14:08:00.000,"Accept planning proposal of Not Feasible, Closed",Does not qualify; Radar speeds BELOW criteria of 30.0 mph at 85%,,Two-way,1,1,0,0.0,40.706642,-73.867038,srts_citywide.csv
SR-20230621-29989,75 AVENUE,FOREST AVENUE,60 PLACE,denied,2023-06-20,2023-11-06T14:58:00.000,"Accept planning proposal of Not Feasible, Closed",Does not qualify; Radar speeds BELOW criteria of 30.0 mph at 85%,,Two-way,8,8,0,0.0,40.698405,-73.896663,srts_citywide.csv
SR-20210408-25623,JUNIPER BOULEVARD NORTH,80 STREET,81 STREET,denied,2020-11-24,2023-06-01T15:12:00.000,"Accept planning proposal of Not Feasible, Closed",Speed Reducer (Hump or Cushion) denied for not being 1000' clear of speed camera,,Two-way,8,7,2,2.0,40.721595,-73.876464,srts_citywide.csv
SR-20240111-31240,CORNELIA STREET,SENECA AVENUE,ONDERDONK AVENUE,denied,2024-01-10,2024-01-29T13:46:00.000,"Accept planning proposal of Not Feasible, Closed",Does not qualify; Radar speeds BELOW criteria of 30.0 mph at 85%,,One-way,45,49,14,1.0,40.701055,-73.904727,srts_citywide.csv
SR-20210916-26516,76 STREET,58 ROAD,CALDWELL AVENUE,denied,2021-09-07,2023-03-29T11:01:00.000,"Accept planning proposal of Not Feasible, Closed",Does not qualify; Radar speeds BELOW criteria of 30.0 mph at 85%,,One-way,1,1,1,0.0,40.725569,-73.8843,srts_citywide.csv
SR-20221107-28997,77 AVENUE,84 STREET,85 STREET,denied,2022-11-04,2022-11-07T14:08:00.000,"Accept planning proposal of Not Feasible, Closed",Does not qualify; Radar speeds BELOW criteria of 30.0 mph at 85%,,Two-way,0,0,0,0.0,40.70667,-73.865206,srts_citywide.csv
SR-20240409-31526,OTTO ROAD,66 PLACE,67 STREET,denied,2024-04-08,2024-04-22T13:33:00.000,"Accept planning proposal of Not Feasible, Closed",Does not qualify; Radar speeds BELOW criteria of 30.0 mph at 85%,,Two-way,2,2,0,0.0,40.7056,-73.889118,srts_citywide.csv
SR-20220916-27748,60 STREET,56 AVENUE,56 ROAD,denied,2022-09-11,2022-10-06T11:15:00.000,"Accept planning proposal of Not Feasible, Closed",Does not qualify; Radar speeds BELOW criteria of 30.0 mph at 85%,,One-way,16,20,3,0.0,40.725205,-73.906172,srts_citywide.csv
SR-20210408-25623,JUNIPER BOULEVARD NORTH,81 STREET,82 STREET,denied,2020-11-24,2023-06-01T15:12:00.000,"Accept planning proposal of Not Feasible, Closed",Speed Reducer (Hump or Cushion) denied for not being 1000' clear of speed camera,,Two-way,14,17,4,2.0,40.72175,-73.87545,srts_citywide.csv
SR-20221118-29046,GRAND AVENUE,54 STREET,55 STREET,denied,2022-11-15,2023-07-20T14:15:00.000,"Accept planning proposal of Not Feasible, Closed",Does not qualify; Radar speeds BELOW criteria of 30.0 mph at 85%,,Two-way,11,15,0,0.0,40.718556,-73.915167,srts_citywide.csv
SR-20220809-27601,CYPRESS AVENUE,COOPER AVENUE,CABOT ROAD,denied,2022-08-04,2023-11-02T12:38:00.000,"Accept planning proposal of Not Feasible, Closed",Does not qualify; Radar speeds BELOW criteria of 30.0 mph at 85%,,Two-way,61,76,12,0.0,40.69411,-73.897362,srts_citywide.csv
SR-20210426-25674,62 ROAD,62 STREET,64 STREET,denied,2020-12-14,2023-11-27T12:36:00.000,"Accept planning proposal of Not Feasible, Closed",Does not qualify; Radar speeds BELOW criteria of 30.0 mph at 85%,,Two-way,45,51,13,0.0,40.713366,-73.899421,srts_citywide.csv
SR-20220922-27786,72 STREET,60 AVENUE,ELIOT AVENUE,denied,2022-09-18,2022-10-06T14:58:00.000,"Accept planning proposal of Not Feasible, Closed",Does not qualify; Radar speeds BELOW criteria of 30.0 mph at 85%,,One-way,7,8,3,0.0,40.723624,-73.888016,srts_citywide.csv
SR-20200928-19964,68 AVENUE,FOREST AVENUE,60 STREET,denied,2020-01-09,2023-03-09T13:55:00.000,"Accept planning proposal of Not Feasible, Closed",Does not qualify; Radar speeds BELOW criteria of 30.0 mph at 85%,,One-way,30,33,9,0.0,40.703665,-73.901513,srts_citywide.csv
SR-20210107-24269,80 AVENUE,62 STREET,64 STREET,denied,2020-07-06,2023-06-06T12:34:00.000,"Accept planning proposal of Not Feasible, Closed",,,One-way,0,0,0,0.0,40.695469,-73.892016,srts_citywide.csv
SR-20251215-39849,ONDERDONK AVENUE,69 AVENUE,70 AVENUE,denied,2025-11-25,2026-01-12T12:58:00.000,"Accept planning proposal of Not Feasible, Closed",Does not qualify; Radar speeds BELOW criteria of 30.0 mph at 85%,,One-way,60,69,15,1.0,40.701229,-73.902559,srts_citywide.csv
SR-20230717-30197,76 STREET,77 AVENUE,78 AVENUE,denied,2023-07-17,2023-07-26T14:25:00.000,"Accept planning proposal of Not Feasible, Closed",Does not qualify; Radar speeds BELOW criteria of 30.0 mph at 85%,,One-way,3,3,1,0.0,40.706315,-73.87408,srts_citywide.csv
SR-20240409-31526,OTTO ROAD,68 STREET,68 PLACE,denied,2024-04-08,2024-04-22T13:33:00.000,"Accept planning proposal of Not Feasible, Closed",,,Two-way,2,3,0,0.0,40.706226,-73.886527,srts_citywide.csv
SR-20230302-29297,73 PLACE,67 ROAD,67 DRIVE,denied,2020-05-27,2023-11-21T11:03:00.000,Denied pre-inspection - Closed,,,Two-way,19,23,13,0.0,40.712027,-73.879216,srts_citywide.csv
SR-20230807-30313,MENAHAN STREET,61 STREET,FRESH POND ROAD,denied,2023-08-06,2024-05-08T12:41:00.000,"Accept planning proposal of Not Feasible, Closed",Does not qualify; Radar speeds BELOW criteria of 30.0 mph at 85%,,One-way,27,30,6,1.0,40.710851,-73.901268,srts_citywide.csv
SR-20251215-39849,ONDERDONK AVENUE,CATALPA AVENUE,69 AVENUE,denied,2025-11-25,2026-01-12T12:58:00.000,"Accept planning proposal of Not Feasible, Closed",Does not qualify; Radar speeds BELOW criteria of 30.0 mph at 85%,,One-way,42,47,12,1.0,40.701457,-73.902948,srts_citywide.csv
SR-20231018-30822,60 PLACE,LINDEN STREET,GATES AVENUE,denied,2022-11-27,2023-11-01T12:32:00.000,"Accept planning proposal of Not Feasible, Closed",Does not qualify; Radar speeds BELOW criteria of 30.0 mph at 85%,,One-way,11,11,2,0.0,40.70898,-73.90183,srts_citywide.csv
SR-20210713-25981,62 STREET,CATALPA AVENUE,CYPRESS HILLS STREET,denied,2021-05-03,2023-04-14T11:50:00.000,"Accept planning proposal of Not Feasible, Closed",Does not qualify; Radar speeds BELOW criteria of 30.0 mph at 85%,,One-way,25,30,9,0.0,40.704181,-73.894808,srts_citywide.csv
SR-20211202-26763,PUTNAM AVENUE,STIER PLACE,FRESH POND ROAD,denied,2021-11-04,2023-10-24T10:54:00.000,"Accept planning proposal of Not Feasible, Closed",Does not qualify; Radar speeds BELOW criteria of 30.0 mph at 85%,,One-way,32,41,15,0.0,40.706245,-73.898,srts_citywide.csv
SR-20230518-29719,58 AVENUE,GRAND AVENUE,61 STREET,denied,2023-05-16,2024-04-25T18:00:00.000,"Accept planning proposal of Not Feasible, Closed",Does not qualify; Radar speeds BELOW criteria of 30.0 mph at 85%,,One-way,16,20,3,0.0,40.721162,-73.906332,srts_citywide.csv
SR-20251215-39849,ONDERDONK AVENUE,70 AVENUE,MYRTLE AVENUE,denied,2025-11-25,2026-01-12T12:58:00.000,"Accept planning proposal of Not Feasible, Closed",Does not qualify; Radar speeds BELOW criteria of 30.0 mph at 85%,,One-way,64,84,19,0.0,40.700718,-73.901694,srts_citywide.csv
SR-20220330-27020,68 PLACE,70 AVENUE,CENTRAL AVENUE,denied,2022-03-01,2023-06-21T13:17:00.000,"Accept planning proposal of Not Feasible, Closed",Does not qualify; Radar speeds BELOW criteria of 30.0 mph at 85%,,One-way,7,9,1,0.0,40.705207,-73.885176,srts_citywide.csv
SR-20231024-30865,DRY HARBOR ROAD,JUNIPER BOULEVARD SOUTH,PENELOPE AVENUE,denied,2023-05-30,2023-11-13T12:36:00.000,"Accept planning proposal of Not Feasible, Closed",Does not qualify; Radar speeds BELOW criteria of 30.0 mph at 85%,,Two-way,15,27,2,0.0,40.72048,-73.873587,srts_citywide.csv
SR-20240409-31526,OTTO ROAD,67 PLACE,68 STREET,denied,2024-04-08,2024-04-22T13:33:00.000,"Accept planning proposal of Not Feasible, Closed",Does not qualify; Radar speeds BELOW criteria of 30.0 mph at 85%,,Two-way,1,1,0,0.0,40.706018,-73.887396,srts_citywide.csv
SR-20210625-25909,COOPER AVENUE,69 PLACE,70 STREET,denied,2021-04-21,2023-04-20T12:45:00.000,"Accept planning proposal of Not Feasible, Closed",Does not qualify; Radar speeds BELOW criteria of 30.0 mph at 85%,,Two-way,30,35,7,0.0,40.701281,-73.881677,srts_citywide.csv
SR-20211221-26777,77 AVENUE,83 STREET,84 STREET,denied,2021-12-16,2023-08-01T10:23:00.000,"Accept planning proposal of Not Feasible, Closed",Does not qualify; Radar speeds BELOW criteria of 30.0 mph at 85%,,Two-way,0,0,0,0.0,40.706657,-73.86613,srts_citywide.csv
SR-20221103-28989,56 DRIVE,60 STREET,61 STREET,denied,2022-11-02,2022-11-04T12:23:00.000,"Accept planning proposal of Not Feasible, Closed",Does not qualify; Radar speeds BELOW criteria of 30.0 mph at 85%,,One-way,8,10,2,0.0,40.723838,-73.906336,srts_citywide.csv
SR-20210426-25674,62 ROAD,69 STREET,69 PLACE,denied,2020-12-14,2023-11-27T12:36:00.000,"Accept planning proposal of Not Feasible, Closed",Does not qualify; Radar speeds BELOW criteria of 30.0 mph at 85%,,One-way,1,4,0,0.0,40.717021,-73.888987,srts_citywide.csv
SR-20230502-29495,63 STREET,59 AVENUE,59 DRIVE,denied,2023-05-01,2023-05-11T14:00:00.000,Denied pre-inspection - Closed,,,Two-way,6,6,0,1.0,40.719547,-73.90154,srts_citywide.csv
SR-20220329-26999,GRANDVIEW AVENUE,GROVE STREET,LINDEN STREET,denied,2022-02-13,2023-06-20T13:42:00.000,"Accept planning proposal of Not Feasible, Closed",Does not qualify; Radar speeds BELOW criteria of 30.0 mph at 85%,,One-way,14,16,4,0.0,40.708428,-73.905517,srts_citywide.csv
SR-20230302-29297,73 PLACE,67 DRIVE,68 AVENUE,denied,2020-05-27,2023-11-21T11:03:00.000,Denied pre-inspection - Closed,,,Two-way,3,4,4,0.0,40.711162,-73.87907,srts_citywide.csv
SR-20220707-27469,70 STREET,66 DRIVE,METROPOLITAN AVENUE,denied,2022-07-05,2023-07-05T14:11:00.000,"Accept planning proposal of Not Feasible, Closed",Does not qualify; Radar speeds BELOW criteria of 30.0 mph at 85%,,One-way,13,20,2,0.0,40.713293,-73.88514,srts_citywide.csv
SR-20230621-29989,75 AVENUE,62 STREET,64 STREET,denied,2023-06-20,2023-11-06T14:58:00.000,"Accept planning proposal of Not Feasible, Closed",Does not qualify; Radar speeds BELOW criteria of 30.0 mph at 85%,,Two-way,12,16,1,0.0,40.698739,-73.893042,srts_citywide.csv
SR-20210803-26160,85 STREET,78 AVENUE,MYRTLE AVENUE,denied,2021-06-11,2023-04-26T12:22:00.000,"Accept planning proposal of Not Feasible, Closed",,,One-way,3,3,0,0.0,40.705722,-73.864137,srts_citywide.csv
SR-20210827-26313,CYPRESS HILLS STREET,MYRTLE AVENUE,74 AVENUE,denied,2021-07-12,2023-06-08T11:39:00.000,"Accept planning proposal of Not Feasible, Closed",Does not qualify; Radar speeds BELOW criteria of 30.0 mph at 85%,,One-way,35,41,9,0.0,40.701103,-73.890867,srts_citywide.csv
SR-20230621-29989,75 AVENUE,61 STREET,62 STREET,denied,2023-06-20,2023-11-06T14:58:00.000,"Accept planning proposal of Not Feasible, Closed",Does not qualify; Radar speeds BELOW criteria of 30.0 mph at 85%,,Two-way,7,10,1,0.0,40.698666,-73.893936,srts_citywide.csv
SR-20230428-29478,MYRTLE AVENUE,66 STREET,66 PLACE,denied,2023-04-28,2023-11-27T12:25:00.000,"Accept planning proposal of Not Feasible, Closed",Does not qualify; Radar speeds BELOW criteria of 30.0 mph at 85%,,Two-way,18,19,9,0.0,40.701356,-73.887931,srts_citywide.csv
SR-20211202-26763,PUTNAM AVENUE,FOREST AVENUE,60 STREET,denied,2021-11-04,2023-10-24T10:54:00.000,"Accept planning proposal of Not Feasible, Closed",Does not qualify; Radar speeds BELOW criteria of 30.0 mph at 85%,,One-way,24,28,10,0.0,40.705148,-73.902121,srts_citywide.csv
SR-20211202-26763,PUTNAM AVENUE,60 STREET,60 PLACE,denied,2021-11-04,2023-10-24T10:54:00.000,"Accept planning proposal of Not Feasible, Closed",Does not qualify; Radar speeds BELOW criteria of 30.0 mph at 85%,,One-way,12,15,6,0.0,40.705518,-73.900836,srts_citywide.csv
SR-20201009-20015,60 LANE,68 AVENUE,68 ROAD,denied,2020-01-09,2023-12-04T12:20:00.000,"Accept planning proposal of Not Feasible, Closed",Does not qualify; Radar speeds BELOW criteria of 30.0 mph at 85%,,One-way,5,5,2,0.0,40.704607,-73.898244,srts_citywide.csv
SR-20210107-24269,80 AVENUE,61 STREET,62 STREET,denied,2020-07-06,2023-06-06T12:34:00.000,"Accept planning proposal of Not Feasible, Closed",Does not qualify; Radar speeds BELOW criteria of 30.0 mph at 85%,,One-way,3,4,0,0.0,40.695492,-73.893004,srts_citywide.csv
SR-20210426-25674,62 ROAD,FRESH POND ROAD,62 STREET,denied,2020-12-14,2023-11-27T12:36:00.000,"Accept planning proposal of Not Feasible, Closed",Does not qualify; Radar speeds BELOW criteria of 30.0 mph at 85%,,Two-way,65,72,18,0.0,40.713173,-73.900749,srts_citywide.csv
SR-20220809-27601,CYPRESS AVENUE,CLOVER PLACE,VERMONT PLACE,denied,2022-08-04,2023-11-02T12:38:00.000,"Accept planning proposal of Not Feasible, Closed",other,,Two-way,18,19,3,0.0,40.693195,-73.895744,srts_citywide.csv
SR-20240419-31593,61 STREET,75 AVENUE,ST FELIX AVENUE,denied,2024-04-19,2024-05-02T12:30:00.000,"Accept planning proposal of Not Feasible, Closed",Does not qualify; Radar speeds BELOW criteria of 30.0 mph at 85%,,One-way,7,10,1,0.0,40.698666,-73.893936,srts_citywide.csv
SR-20230213-29246,NORMAN STREET,SENECA AVENUE,FOREST AVENUE,denied,2023-02-04,2023-10-04T12:46:00.000,"Accept planning proposal of Not Feasible, Closed",Does not qualify; Radar speeds BELOW criteria of 30.0 mph at 85%,,One-way,8,14,0,0.0,40.69832,-73.9001,srts_citywide.csv
SR-20201224-24224,60 PLACE,75 AVENUE,ST FELIX AVENUE,denied,2020-06-19,2023-07-18T13:02:00.000,"Accept planning proposal of Not Feasible, Closed",Does not qualify; Radar speeds BELOW criteria of 30.0 mph at 85%,,Two-way,8,10,0,0.0,40.698511,-73.895779,srts_citywide.csv
SR-20221004-28843,75 STREET,68 ROAD,69 AVENUE,denied,2022-09-30,2022-10-06T15:07:00.000,"Accept planning proposal of Not Feasible, Closed",Does not qualify; Radar speeds BELOW criteria of 30.0 mph at 85%,,One-way,3,3,0,0.0,40.710128,-73.877041,srts_citywide.csv
SR-20201009-20014,CATALPA AVENUE,FOREST AVENUE,60 STREET,denied,2020-01-09,2023-03-09T14:20:00.000,"Accept planning proposal of Not Feasible, Closed",Does not qualify; Radar speeds BELOW criteria of 30.0 mph at 85%,,One-way,24,28,4,0.0,40.702449,-73.900985,srts_citywide.csv
SR-20230621-29994,78 AVENUE,73 PLACE,74 STREET,denied,2023-06-20,2023-09-20T14:05:00.000,"Accept planning proposal of Not Feasible, Closed",Does not qualify; Radar speeds BELOW criteria of 30.0 mph at 85%,,Two-way,1,1,1,0.0,40.704215,-73.876161,srts_citywide.csv
SR-20230621-29995,75 STREET,78 AVENUE,MYRTLE AVENUE,denied,2023-06-20,2023-06-28T12:37:00.000,"Accept planning proposal of Not Feasible, Closed",Does not qualify; Radar speeds BELOW criteria of 30.0 mph at 85%,,One-way,4,6,1,0.0,40.704473,-73.874307,srts_citywide.csv
SR-20201026-20043,79 PLACE,77 AVENUE,77 ROAD,denied,2020-01-21,2023-02-15T15:17:00.000,"Accept planning proposal of Not Feasible, Closed",Does not qualify; Radar speeds BELOW criteria of 30.0 mph at 85%,,One-way,1,1,1,0.0,40.706262,-73.871219,srts_citywide.csv
SR-20220401-27068,76 AVENUE,88 STREET,WOODHAVEN BOULEVARD,denied,2022-03-23,2024-02-12T13:03:00.000,"Accept planning proposal of Not Feasible, Closed",Does not qualify; Radar speeds BELOW criteria of 30.0 mph at 85%,,Two-way,4,4,0,0.0,40.707377,-73.862283,srts_citywide.csv
SR-20230428-29478,MYRTLE AVENUE,65 STREET,65 PLACE,denied,2023-04-28,2023-11-27T12:25:00.000,"Accept planning proposal of Not Feasible, Closed",Does not qualify; Radar speeds BELOW criteria of 30.0 mph at 85%,,Two-way,33,40,11,0.0,40.701149,-73.890247,srts_citywide.csv
SR-20230816-30383,65 PLACE,CLARAN COURT,55 AVENUE,denied,2023-08-16,2023-12-13T15:01:00.000,"Accept planning proposal of Not Feasible, Closed",Does not qualify; Radar speeds BELOW criteria of 30.0 mph at 85%,,Two-way,10,10,1,0.0,40.728076,-73.900272,srts_citywide.csv
SR-20210726-26106,FRESH POND ROAD,FLUSHING AVENUE,59 AVENUE,denied,2021-05-31,2024-04-16T12:28:00.000,"Accept planning proposal of Not Feasible, Closed",Speed Reducer (Hump or Cushion) denied for not being 1000' clear of speed camera,,Two-way,46,48,11,0.0,40.721629,-73.903117,srts_citywide.csv
SR-20220706-27457,NORMAN STREET,WYCKOFF AVENUE,CYPRESS AVENUE,denied,2022-07-01,2023-08-29T12:20:00.000,"Accept planning proposal of Not Feasible, Closed",Does not qualify; Radar speeds BELOW criteria of 30.0 mph at 85%,,One-way,15,16,7,0.0,40.695117,-73.903217,srts_citywide.csv
SR-20210604-25807,WOODBINE STREET,60 PLACE,FRESH POND ROAD,denied,2021-03-22,2023-01-25T14:17:00.000,"Accept planning proposal of Not Feasible, Closed",Does not qualify; Radar speeds BELOW criteria of 30.0 mph at 85%,,One-way,10,11,2,0.0,40.707013,-73.900661,srts_citywide.csv
SR-20230721-30231,PALMETTO STREET,FRESH POND ROAD,64 STREET,denied,2023-07-20,2023-07-31T12:57:00.000,"Accept planning proposal of Not Feasible, Closed",Does not qualify; Radar speeds BELOW criteria of 30.0 mph at 85%,,One-way,31,40,4,0.0,40.708403,-73.898004,srts_citywide.csv
SR-20240126-31276,LINDEN STREET,60 PLACE,FRESH POND ROAD,denied,2024-01-26,2024-02-15T12:56:00.000,"Accept planning proposal of Not Feasible, Closed",Does not qualify; Radar speeds BELOW criteria of 30.0 mph at 85%,,One-way,11,11,2,0.0,40.70898,-73.90183,srts_citywide.csv
SR-20230428-29478,MYRTLE AVENUE,65 PLACE,65 PLACE,denied,2023-04-28,2023-11-27T12:25:00.000,"Accept planning proposal of Not Feasible, Closed",Does not qualify; Radar speeds BELOW criteria of 30.0 mph at 85%,,Two-way,25,30,10,0.0,40.701233,-73.889298,srts_citywide.csv
SR-20220707-27469,70 STREET,66 ROAD,66 DRIVE,denied,2022-07-05,2023-07-05T14:11:00.000,"Accept planning proposal of Not Feasible, Closed",Does not qualify; Radar speeds BELOW criteria of 30.0 mph at 85%,,One-way,8,18,2,0.0,40.713962,-73.885092,srts_citywide.csv
SR-20231113-30977,CENTRAL AVENUE,71 PLACE,72 STREET,denied,2023-11-13,2023-11-29T11:55:00.000,"Accept planning proposal of Not Feasible, Closed",Does not qualify; Radar speeds BELOW criteria of 30.0 mph at 85%,,Two-way,5,5,0,0.0,40.704815,-73.880286,srts_citywide.csv
SR-20240402-31495,61 ROAD,67 STREET,68 STREET,denied,2024-04-01,2024-04-17T12:50:00.000,"Accept planning proposal of Not Feasible, Closed",Does not qualify; Radar speeds BELOW criteria of 30.0 mph at 85%,,One-way,8,21,0,0.0,40.717574,-73.893322,srts_citywide.csv
SR-20230816-30383,65 PLACE,53 DRIVE,CLARAN COURT,denied,2023-08-16,2023-12-13T15:01:00.000,"Accept planning proposal of Not Feasible, Closed",Does not qualify; Radar speeds BELOW criteria of 30.0 mph at 85%,,Two-way,10,10,1,0.0,40.729018,-73.900242,srts_citywide.csv
SR-20210107-24269,80 AVENUE,60 LANE,61 STREET,denied,2020-07-06,2023-06-06T12:34:00.000,"Accept planning proposal of Not Feasible, Closed",Does not qualify; Radar speeds BELOW criteria of 30.0 mph at 85%,,One-way,4,5,0,0.0,40.695257,-73.893888,srts_citywide.csv
SR-20241016-33465,77 AVENUE,76 STREET,78 STREET,denied,2024-10-15,2024-10-28T14:29:00.000,"Accept planning proposal of Not Feasible, Closed",Does not qualify; Radar speeds BELOW criteria of 30.0 mph at 85%,,Two-way,3,3,1,0.0,40.706315,-73.87408,srts_citywide.csv
SR-20220701-27447,65 PLACE,53 DRIVE,CLARAN COURT,denied,2021-01-16,2023-10-16T14:40:00.000,"Accept planning proposal of Not Feasible, Closed",Does not qualify; Radar speeds BELOW criteria of 30.0 mph at 85%,,Two-way,10,10,1,0.0,40.729018,-73.900242,srts_citywide.csv
SR-20210304-25455,CALDWELL AVENUE,72 STREET,74 STREET,denied,2020-09-23,2023-03-10T10:18:00.000,"Accept planning proposal of Not Feasible, Closed",Does not qualify; Radar speeds BELOW criteria of 30.0 mph at 85%,,One-way,4,4,1,0.0,40.724819,-73.888974,srts_citywide.csv
SR-20221230-29140,68 STREET,60 ROAD,60 DRIVE,denied,2022-12-18,2022-12-30T12:47:00.000,"Accept planning proposal of Not Feasible, Closed",Does not qualify; Radar speeds BELOW criteria of 30.0 mph at 85%,,One-way,25,32,2,0.0,40.720382,-73.893216,srts_citywide.csv
SR-20241009-33426,69 LANE,57 DRIVE,QUEENS MIDTOWN EXPRESSWAY,denied,2024-09-20,2024-10-28T14:18:00.000,"Accept planning proposal of Not Feasible, Closed",Block is outside requested study parameter limits.,,One-way,50,72,5,0.0,40.726025,-73.893236,srts_citywide.csv
SR-20210917-26523,60 LANE,60 DRIVE,ELIOT AVENUE,denied,2021-09-09,2023-06-01T15:32:00.000,"Accept planning proposal of Not Feasible, Closed",Does not qualify; Radar speeds BELOW criteria of 30.0 mph at 85%,,One-way,2,2,1,0.0,40.715398,-73.903328,srts_citywide.csv
SR-20230613-29917,OTTO ROAD,67 STREET,67 PLACE,denied,2023-06-07,2023-06-26T13:31:00.000,"Accept planning proposal of Not Feasible, Closed",Does not qualify; Radar speeds BELOW criteria of 30.0 mph at 85%,,Two-way,4,4,0,0.0,40.705811,-73.888262,srts_citywide.csv
SR-20241011-33443,58 AVENUE,58 PLACE,59 STREET,denied,2024-10-10,2024-10-28T14:22:00.000,"Accept planning proposal of Not Feasible, Closed",Does not qualify; Radar speeds BELOW criteria of 30.0 mph at 85%,,One-way,5,5,0,0.0,40.721001,-73.910561,srts_citywide.csv
SR-20210322-25534,BUTLER AVENUE,GREENE AVENUE,BLEECKER STREET,denied,2020-10-19,2023-02-23T14:38:00.000,"Accept planning proposal of Not Feasible, Closed",Does not qualify; Radar speeds BELOW criteria of 30.0 mph at 85%,,Two-way,6,7,4,0.0,40.710258,-73.907217,srts_citywide.csv
SR-20240402-31496,61 DRIVE,67 STREET,68 STREET,denied,2024-04-01,2024-04-17T12:50:00.000,"Accept planning proposal of Not Feasible, Closed",Does not qualify; Radar speeds BELOW criteria of 30.0 mph at 85%,,One-way,0,0,0,0.0,40.71667,-73.892692,srts_citywide.csv
SR-20220802-27575,PENELOPE AVENUE,PLEASANTVIEW STREET,73 PLACE,denied,2022-07-28,2023-08-29T14:14:00.000,"Accept planning proposal of Not Feasible, Closed",Does not qualify; Radar speeds BELOW criteria of 30.0 mph at 85%,,Two-way,3,3,0,0.0,40.716172,-73.882379,srts_citywide.csv
SR-20210917-26533,OTTO ROAD,67 PLACE,68 STREET,denied,2021-09-12,2023-05-18T12:44:00.000,"Accept planning proposal of Not Feasible, Closed",Does not qualify; Radar speeds BELOW criteria of 30.0 mph at 85%,,Two-way,1,1,0,0.0,40.706018,-73.887396,srts_citywide.csv
SR-20231018-30822,60 PLACE,GATES AVENUE,PALMETTO STREET,denied,2022-11-27,2023-11-01T12:32:00.000,"Accept planning proposal of Not Feasible, Closed",Does not qualify; Radar speeds BELOW criteria of 30.0 mph at 85%,,One-way,10,10,2,0.0,40.708323,-73.901438,srts_citywide.csv
SR-20230621-29993,78 AVENUE,75 STREET,76 STREET,denied,2023-06-20,2023-09-20T12:15:00.000,"Accept planning proposal of Not Feasible, Closed",Does not qualify; Radar speeds BELOW criteria of 30.0 mph at 85%,,Two-way,4,6,1,0.0,40.704473,-73.874307,srts_citywide.csv
SR-20240318-31430,58 STREET,57 DRIVE,58 AVENUE,denied,2024-03-15,2024-04-01T12:35:00.000,"Accept planning proposal of Not Feasible, Closed",Does not qualify; Radar speeds BELOW criteria of 30.0 mph at 85%,,One-way,15,17,1,0.0,40.721636,-73.911988,srts_citywide.csv
SR-20230307-29312,63 STREET,FLUSHING AVENUE,59 AVENUE,denied,2023-02-20,2023-03-13T10:53:00.000,"Accept planning proposal of Not Feasible, Closed",Does not qualify; Radar speeds BELOW criteria of 30.0 mph at 85%,,Two-way,42,45,7,1.0,40.722144,-73.902269,srts_citywide.csv
SR-20200928-19964,68 AVENUE,60 STREET,60 LANE,denied,2020-01-09,2023-03-09T13:55:00.000,"Accept planning proposal of Not Feasible, Closed",Does not qualify; Radar speeds BELOW criteria of 30.0 mph at 85%,,One-way,16,18,5,0.0,40.704068,-73.900113,srts_citywide.csv
SR-20240419-31593,61 STREET,60 LANE,75 AVENUE,denied,2024-04-19,2024-05-02T12:30:00.000,"Accept planning proposal of Not Feasible, Closed",Does not qualify; Radar speeds BELOW criteria of 30.0 mph at 85%,,One-way,19,20,5,0.0,40.700508,-73.8942,srts_citywide.csv
SR-20241017-33472,PENELOPE AVENUE,69 PLACE,70 STREET,denied,2024-10-17,2024-10-28T14:30:00.000,"Accept planning proposal of Not Feasible, Closed",Does not qualify; Radar speeds BELOW criteria of 30.0 mph at 85%,,Two-way,7,9,1,0.0,40.716017,-73.886351,srts_citywide.csv
SR-20230307-29309,OTTO ROAD,64 STREET,64 PLACE,denied,2023-02-20,2023-03-13T10:52:00.000,"Accept planning proposal of Not Feasible, Closed",Does not qualify; Radar speeds BELOW criteria of 30.0 mph at 85%,,One-way,29,35,8,0.0,40.701863,-73.892716,srts_citywide.csv
SR-20241009-33426,69 LANE,QUEENS MIDTOWN EXPRESSWAY,QUEENS MIDTOWN EXPRESSWAY,denied,2024-09-20,2024-10-28T14:18:00.000,"Accept planning proposal of Not Feasible, Closed",Block is outside requested study parameter limits.,,One-way,33,47,1,0.0,40.725077,-73.89248,srts_citywide.csv
SR-20230420-29406,59 STREET,58 ROAD,58 DRIVE,denied,2023-04-14,2023-04-28T12:23:00.000,"Accept planning proposal of Not Feasible, Closed",Does not qualify; Radar speeds BELOW criteria of 30.0 mph at 85%,,One-way,7,8,1,0.0,40.720461,-73.908303,srts_citywide.csv
SR-20230302-29297,73 PLACE,METROPOLITAN AVENUE,67 ROAD,denied,2020-05-27,2023-11-21T11:03:00.000,Denied pre-inspection - Closed,,,Two-way,23,28,12,0.0,40.712727,-73.879341,srts_citywide.csv
SR-20230602-29828,59 AVENUE,FRESH POND ROAD,63 STREET,denied,2023-06-02,2023-06-15T13:00:00.000,"Accept planning proposal of Not Feasible, Closed",Does not qualify; Radar speeds BELOW criteria of 30.0 mph at 85%,,Two-way,13,14,0,0.0,40.719408,-73.902496,srts_citywide.csv
SR-20210916-26516,76 STREET,58 AVENUE,58 ROAD,denied,2021-09-07,2023-03-29T11:01:00.000,"Accept planning proposal of Not Feasible, Closed",Does not qualify; Radar speeds BELOW criteria of 30.0 mph at 85%,,One-way,2,3,3,0.0,40.726478,-73.884475,srts_citywide.csv
SR-20210820-26255,AUBREY AVENUE,88 STREET,METROPOLITAN AVENUE,denied,2021-06-30,2023-05-12T14:25:00.000,"Accept planning proposal of Not Feasible, Closed",Does not qualify; Radar speeds BELOW criteria of 30.0 mph at 85%,,Two-way,11,15,3,1.0,40.710083,-73.864445,srts_citywide.csv
SR-20240501-31621,70 STREET,60 AVENUE,ELIOT AVENUE,denied,2024-05-01,2024-05-13T13:16:00.000,"Accept planning proposal of Not Feasible, Closed",Does not qualify; Radar speeds BELOW criteria of 30.0 mph at 85%,,One-way,7,8,2,0.0,40.722882,-73.889619,srts_citywide.csv
SR-20230613-29927,GATES AVENUE,60 PLACE,FRESH POND ROAD,denied,2023-06-13,2023-06-26T13:33:00.000,"Accept planning proposal of Not Feasible, Closed",Does not qualify; Radar speeds BELOW criteria of 30.0 mph at 85%,,One-way,10,10,2,0.0,40.708323,-73.901438,srts_citywide.csv
SR-20231019-30827,FOREST AVENUE,68 AVENUE,68 ROAD,denied,2022-11-08,2023-11-01T12:33:00.000,"Accept planning proposal of Not Feasible, Closed",Does not qualify; Radar speeds BELOW criteria of 30.0 mph at 85%,,Two-way,30,33,9,0.0,40.703665,-73.901513,srts_citywide.csv
SR-20231011-30757,69 LANE,60 AVENUE,ELIOT AVENUE,denied,2023-10-11,2023-11-01T12:16:00.000,"Accept planning proposal of Not Feasible, Closed",Does not qualify; Radar speeds BELOW criteria of 30.0 mph at 85%,,One-way,8,10,3,0.0,40.722509,-73.890421,srts_citywide.csv
SR-20220705-27454,STARR STREET,WOODWARD AVENUE,METROPOLITAN AVENUE,denied,2021-07-25,2023-11-27T12:29:00.000,"Accept planning proposal of Not Feasible, Closed",Does not qualify; Radar speeds BELOW criteria of 30.0 mph at 85%,,One-way,16,20,1,0.0,40.711404,-73.916749,srts_citywide.csv
SR-20221028-28953,57 AVENUE,72 PLACE,73 STREET,denied,2022-10-26,,"Planning denied Pre-inspection, Closed",,,Two-way,18,20,6,0.0,40.728268,-73.890628,srts_citywide.csv
SR-20221004-28843,75 STREET,69 AVENUE,COOK AVENUE,denied,2022-09-30,2022-10-06T15:07:00.000,"Accept planning proposal of Not Feasible, Closed",Does not qualify; Radar speeds BELOW criteria of 30.0 mph at 85%,,One-way,5,5,1,0.0,40.709584,-73.876811,srts_citywide.csv
SR-20220621-27347,CENTRAL AVENUE,73 STREET,73 PLACE,denied,2022-06-13,2022-11-04T15:46:00.000,"Accept planning proposal of Not Feasible, Closed",Does not qualify; Radar speeds BELOW criteria of 30.0 mph at 85%,,Two-way,13,13,6,0.0,40.705432,-73.877688,srts_citywide.csv
SR-20221107-28997,77 AVENUE,81 STREET,82 STREET,denied,2022-11-04,2022-11-07T14:08:00.000,"Accept planning proposal of Not Feasible, Closed",Does not qualify; Radar speeds BELOW criteria of 30.0 mph at 85%,,Two-way,11,11,4,0.0,40.706613,-73.868636,srts_citywide.csv
SR-20230428-29478,MYRTLE AVENUE,66 PLACE,66 PLACE,denied,2023-04-28,2023-11-27T12:25:00.000,"Accept planning proposal of Not Feasible, Closed",Does not qualify; Radar speeds BELOW criteria of 30.0 mph at 85%,,Two-way,24,26,10,0.0,40.701402,-73.887401,srts_citywide.csv
SR-20211202-26763,PUTNAM AVENUE,60 LANE,STIER PLACE,denied,2021-11-04,2023-10-24T10:54:00.000,"Accept planning proposal of Not Feasible, Closed",Does not qualify; Radar speeds BELOW criteria of 30.0 mph at 85%,,One-way,10,11,5,0.0,40.706018,-73.898945,srts_citywide.csv
SR-20230428-29478,MYRTLE AVENUE,67 STREET,67 STREET,denied,2023-04-28,2023-11-27T12:25:00.000,"Accept planning proposal of Not Feasible, Closed",Does not qualify; Radar speeds BELOW criteria of 30.0 mph at 85%,,Two-way,27,29,11,0.0,40.701478,-73.886484,srts_citywide.csv
SR-20220114-26803,58 ROAD,BROWN PLACE,69 STREET,denied,2021-11-15,2024-01-11T13:19:00.000,"Accept planning proposal of Not Feasible, Closed",Does not qualify; Radar speeds BELOW criteria of 30.0 mph at 85%,,One-way,12,16,3,0.0,40.723425,-73.895416,srts_citywide.csv
SR-20220114-26801,BROWN PLACE,55 DRIVE,58 AVENUE,denied,2021-11-12,2024-01-11T13:15:00.000,"Accept planning proposal of Not Feasible, Closed",Does not qualify; Radar speeds BELOW criteria of 30.0 mph at 85%,,Two-way,91,137,16,1.0,40.725111,-73.896052,srts_citywide.csv
SR-20230807-30298,72 STREET,52 AVENUE,53 AVENUE,denied,2023-08-03,2023-08-15T13:10:00.000,"Accept planning proposal of Not Feasible, Closed",Does not qualify; Radar speeds BELOW criteria of 30.0 mph at 85%,,Two-way,3,6,0,0.0,40.733682,-73.892131,srts_citywide.csv
SR-20241009-33426,69 LANE,60 AVENUE,ELIOT AVENUE,denied,2024-09-20,2024-10-28T14:18:00.000,"Accept planning proposal of Not Feasible, Closed",Does not qualify; Radar speeds BELOW criteria of 30.0 mph at 85%,,One-way,8,10,3,0.0,40.722509,-73.890421,srts_citywide.csv
SR-20210726-26106,FRESH POND ROAD,59 AVENUE,59 ROAD,denied,2021-05-31,2024-04-16T12:28:00.000,"Accept planning proposal of Not Feasible, Closed",,,Two-way,13,14,0,0.0,40.719408,-73.902496,srts_citywide.csv
SR-20210421-25658,68 AVENUE,78 STREET,79 STREET,denied,2020-12-08,2023-07-19T12:14:00.000,"Accept planning proposal of Not Feasible, Closed",Does not qualify; Radar speeds BELOW criteria of 30.0 mph at 85%,,One-way,4,4,1,0.0,40.711015,-73.875355,srts_citywide.csv
SR-20241009-33426,69 LANE,QUEENS MIDTOWN EXPRESSWAY,QUEENS MIDTOWN EXPRESSWAY,denied,2024-09-20,2024-10-28T14:18:00.000,"Accept planning proposal of Not Feasible, Closed",,,One-way,33,47,1,0.0,40.725077,-73.89248,srts_citywide.csv
SR-20240126-31277,LINDEN STREET,FOREST AVENUE,60 PLACE,denied,2024-01-26,2024-03-06T16:01:00.000,"Accept planning proposal of Not Feasible, Closed",Does not qualify; Radar speeds BELOW criteria of 30.0 mph at 85%,,One-way,16,17,4,0.0,40.708463,-73.904009,srts_citywide.csv
SR-20201009-20015,60 LANE,68 ROAD,CATALPA AVENUE,denied,2020-01-09,2023-12-04T12:20:00.000,"Accept planning proposal of Not Feasible, Closed",Does not qualify; Radar speeds BELOW criteria of 30.0 mph at 85%,,One-way,5,5,2,0.0,40.704019,-73.897946,srts_citywide.csv
SR-20230428-29478,MYRTLE AVENUE,66 STREET,66 STREET,denied,2023-04-28,2023-11-27T12:25:00.000,"Accept planning proposal of Not Feasible, Closed",Does not qualify; Radar speeds BELOW criteria of 30.0 mph at 85%,,Two-way,16,18,7,0.0,40.70132,-73.888353,srts_citywide.csv
SR-20240405-31519,DECATUR STREET,SENECA AVENUE,FOREST AVENUE,denied,2024-04-05,2024-04-17T12:44:00.000,"Accept planning proposal of Not Feasible, Closed",Does not qualify; Radar speeds BELOW criteria of 30.0 mph at 85%,,One-way,5,6,3,0.0,40.697435,-73.898601,srts_citywide.csv
SR-20241009-33426,69 LANE,QUEENS MIDTOWN EXPRESSWAY,CALDWELL AVENUE,denied,2024-09-20,2024-10-28T14:18:00.000,"Accept planning proposal of Not Feasible, Closed",Does not qualify; Radar speeds BELOW criteria of 30.0 mph at 85%,,One-way,33,47,1,0.0,40.724839,-73.892293,srts_citywide.csv
SR-20230502-29495,63 STREET,59 AVENUE,59 DRIVE,denied,2023-05-01,2023-05-11T14:00:00.000,Denied pre-inspection - Closed,,,Two-way,6,6,0,1.0,40.719547,-73.90154,srts_citywide.csv
SR-20221004-28843,75 STREET,68 AVENUE,68 ROAD,denied,2022-09-30,2022-10-06T15:07:00.000,"Accept planning proposal of Not Feasible, Closed",,,One-way,1,1,0,0.0,40.710735,-73.877184,srts_citywide.csv
SR-20210304-25455,CALDWELL AVENUE,74 STREET,75 STREET,denied,2020-09-23,2023-03-10T10:18:00.000,"Accept planning proposal of Not Feasible, Closed",Does not qualify; Radar speeds BELOW criteria of 30.0 mph at 85%,,One-way,5,6,3,0.0,40.724639,-73.887076,srts_citywide.csv
SR-20240419-31592,METROPOLITAN AVENUE,PLEASANTVIEW STREET,73 PLACE,denied,2024-04-18,2024-05-02T12:29:00.000,"Accept planning proposal of Not Feasible, Closed",Does not qualify; Radar speeds BELOW criteria of 30.0 mph at 85%,,Two-way,12,16,3,0.0,40.712455,-73.882054,srts_citywide.csv
SR-20230608-29878,59 PLACE,59 DRIVE,60 AVENUE,denied,2023-06-08,2023-06-26T13:26:00.000,"Accept planning proposal of Not Feasible, Closed",Does not qualify; Radar speeds BELOW criteria of 30.0 mph at 85%,,One-way,11,12,1,0.0,40.717381,-73.907683,srts_citywide.csv
SR-20221118-29046,GRAND AVENUE,55 STREET,56 STREET,denied,2022-11-15,2023-07-20T14:15:00.000,"Accept planning proposal of Not Feasible, Closed",Does not qualify; Radar speeds BELOW criteria of 30.0 mph at 85%,,Two-way,12,16,0,1.0,40.71881,-73.914265,srts_citywide.csv
SR-20230426-29450,CATALPA AVENUE,WOODWARD AVENUE,FOREST AVENUE,denied,2023-02-23,2023-10-03T16:49:00.000,"Accept planning proposal of Not Feasible, Closed",Does not qualify; Radar speeds BELOW criteria of 30.0 mph at 85%,,One-way,26,30,6,0.0,40.702337,-73.901367,srts_citywide.csv
SR-20240111-31240,CORNELIA STREET,ONDERDONK AVENUE,WOODWARD AVENUE,denied,2024-01-10,2024-01-29T13:46:00.000,"Accept planning proposal of Not Feasible, Closed",Does not qualify; Radar speeds BELOW criteria of 30.0 mph at 85%,,One-way,24,25,8,0.0,40.701963,-73.903802,srts_citywide.csv
SR-20201127-20144,GATES AVENUE,FRESH POND ROAD,64 STREET,denied,2020-03-11,2022-11-29T15:20:00.000,"Accept planning proposal of Not Feasible, Closed",Does not qualify; Radar speeds BELOW criteria of 30.0 mph at 85%,,One-way,28,33,4,0.0,40.70904,-73.898454,srts_citywide.csv
SR-20210319-25531,64 STREET,DEAD END,75 AVENUE,denied,2020-10-21,2023-02-15T14:37:00.000,"Accept planning proposal of Not Feasible, Closed",Does not qualify; Radar speeds BELOW criteria of 30.0 mph at 85%,,Two-way,16,16,5,0.0,40.699905,-73.892301,srts_citywide.csv
SR-20230103-29148,66 PLACE,OTTO ROAD,70 AVENUE,denied,2022-12-20,2023-01-09T12:04:00.000,"Accept planning proposal of Not Feasible, Closed",Does not qualify; Radar speeds BELOW criteria of 30.0 mph at 85%,,One-way,2,2,0,0.0,40.7056,-73.889118,srts_citywide.csv
SR-20210827-26313,CYPRESS HILLS STREET,74 AVENUE,65 STREET,denied,2021-07-12,2023-06-08T11:39:00.000,"Accept planning proposal of Not Feasible, Closed",Does not qualify; Radar speeds BELOW criteria of 30.0 mph at 85%,,One-way,30,40,8,0.0,40.700474,-73.889692,srts_citywide.csv
SR-20210726-26106,FRESH POND ROAD,59 ROAD,61 STREET,denied,2021-05-31,2024-04-16T12:28:00.000,"Accept planning proposal of Not Feasible, Closed",Speed Reducer (Hump or Cushion) denied for not being 1000' clear of speed camera,,Two-way,16,21,1,0.0,40.71868,-73.902292,srts_citywide.csv
SR-20200928-19964,68 AVENUE,60 LANE,FRESH POND ROAD,denied,2020-01-09,2023-03-09T13:55:00.000,"Accept planning proposal of Not Feasible, Closed",Does not qualify; Radar speeds BELOW criteria of 30.0 mph at 85%,,One-way,5,5,2,0.0,40.704607,-73.898244,srts_citywide.csv
SR-20260413-40245,TRAFFIC AVENUE,64 STREET,GATES AVENUE,denied,2024-03-02,,Study Assigned to Inspector,Does not qualify; Radar speeds BELOW criteria of 30.0 mph at 85%,,Two-way,1,2,0,0.0,40.710298,-73.896461,srts_citywide.csv
SR-20240409-31526,OTTO ROAD,67 STREET,67 PLACE,denied,2024-04-08,2024-04-22T13:33:00.000,"Accept planning proposal of Not Feasible, Closed",Does not qualify; Radar speeds BELOW criteria of 30.0 mph at 85%,,Two-way,4,4,0,0.0,40.705811,-73.888262,srts_citywide.csv
SR-20260413-40245,TRAFFIC AVENUE,MENAHAN STREET,GROVE STREET,denied,2024-03-02,,Study Assigned to Inspector,Does not qualify; Radar speeds BELOW criteria of 30.0 mph at 85%,,Two-way,31,34,3,1.0,40.711225,-73.898631,srts_citywide.csv
SR-20210408-25623,JUNIPER BOULEVARD NORTH,82 STREET,63 AVENUE,denied,2020-11-24,2023-06-01T15:12:00.000,"Accept planning proposal of Not Feasible, Closed",Speed Reducer (Hump or Cushion) denied for not being 1000' clear of speed camera,,Two-way,13,20,2,1.0,40.722007,-73.874555,srts_citywide.csv
SR-20241009-33426,69 LANE,CALDWELL AVENUE,60 AVENUE,denied,2024-09-20,2024-10-28T14:18:00.000,"Accept planning proposal of Not Feasible, Closed",Does not qualify; Radar speeds BELOW criteria of 30.0 mph at 85%,,One-way,15,17,1,0.0,40.724256,-73.891818,srts_citywide.csv
SR-20260413-40245,TRAFFIC AVENUE,GATES AVENUE,PALMETTO STREET,denied,2024-03-02,,Study Assigned to Inspector,Does not qualify; Radar speeds BELOW criteria of 30.0 mph at 85%,,Two-way,6,9,1,0.0,40.709825,-73.895354,srts_citywide.csv
SR-20230512-29660,RENE COURT,GRANDVIEW AVENUE,METROPOLITAN AVENUE,denied,2023-05-11,2023-05-17T13:13:00.000,"Accept planning proposal of Not Feasible, Closed",Does not qualify; Radar speeds BELOW criteria of 30.0 mph at 85%,,One-way,17,22,2,0.0,40.712215,-73.91116,srts_citywide.csv
SR-20260413-40245,TRAFFIC AVENUE,GROVE STREET,64 STREET,denied,2024-03-02,,Study Assigned to Inspector,Does not qualify; Radar speeds BELOW criteria of 30.0 mph at 85%,,Two-way,0,0,0,0.0,40.710774,-73.897575,srts_citywide.csv
SR-20240409-31526,OTTO ROAD,68 PLACE,69 STREET,denied,2024-04-08,2024-04-22T13:33:00.000,"Accept planning proposal of Not Feasible, Closed",Does not qualify; Radar speeds BELOW criteria of 30.0 mph at 85%,,Two-way,4,5,1,0.0,40.706154,-73.885549,srts_citywide.csv
SR-20230718-30204,78 AVENUE,CYPRESS AVENUE,60 STREET,denied,2023-07-18,2023-07-26T14:26:00.000,"Accept planning proposal of Not Feasible, Closed",Does not qualify; Radar speeds BELOW criteria of 30.0 mph at 85%,,Two-way,18,22,4,0.0,40.695157,-73.898616,srts_citywide.csv
SR-20260413-40245,TRAFFIC AVENUE,PALMETTO STREET,WOODBINE STREET,denied,2024-03-02,,Study Assigned to Inspector,Does not qualify; Radar speeds BELOW criteria of 30.0 mph at 85%,,Two-way,7,10,0,0.0,40.709352,-73.89424,srts_citywide.csv
SR-20241016-33465,77 AVENUE,78 STREET,79 STREET,denied,2024-10-15,2024-10-28T14:29:00.000,"Accept planning proposal of Not Feasible, Closed",Does not qualify; Radar speeds BELOW criteria of 30.0 mph at 85%,,Two-way,8,9,1,0.0,40.70652,-73.873214,srts_citywide.csv
SR-20231113-30977,CENTRAL AVENUE,72 STREET,72 PLACE,denied,2023-11-13,2023-11-29T11:55:00.000,"Accept planning proposal of Not Feasible, Closed",Does not qualify; Radar speeds BELOW criteria of 30.0 mph at 85%,,Two-way,8,8,2,0.0,40.70502,-73.879431,srts_citywide.csv
SR-20221004-28843,75 STREET,COOK AVENUE,69 ROAD,denied,2022-09-30,2022-10-06T15:07:00.000,"Accept planning proposal of Not Feasible, Closed",Does not qualify; Radar speeds BELOW criteria of 30.0 mph at 85%,,One-way,2,2,1,0.0,40.70895,-73.876477,srts_citywide.csv
SR-20221230-29142,81 STREET,62 AVENUE,JUNIPER BOULEVARD NORTH,denied,2022-12-29,2022-12-30T12:48:00.000,"Accept planning proposal of Not Feasible, Closed",Insufficient radar speed data recorded or provided.,,One-way,9,11,0,0.0,40.723486,-73.87684,srts_citywide.csv
SR-20230302-29297,73 PLACE,68 ROAD,69 AVENUE,denied,2020-05-27,2023-11-21T11:03:00.000,Denied pre-inspection - Closed,,,Two-way,4,4,1,0.0,40.709814,-73.878531,srts_citywide.csv
SR-20230613-29927,GATES AVENUE,FRESH POND ROAD,64 STREET,denied,2023-06-13,2023-06-26T13:33:00.000,"Accept planning proposal of Not Feasible, Closed",Does not qualify; Radar speeds BELOW criteria of 30.0 mph at 85%,,One-way,28,33,4,0.0,40.70904,-73.898454,srts_citywide.csv
SR-20240111-31241,ONDERDONK AVENUE,CORNELIA STREET,CATALPA AVENUE,denied,2024-01-11,2024-01-29T13:46:00.000,"Accept planning proposal of Not Feasible, Closed",Does not qualify; Radar speeds BELOW criteria of 30.0 mph at 85%,,One-way,24,25,8,0.0,40.701963,-73.903802,srts_citywide.csv
SR-20231113-30977,CENTRAL AVENUE,71 STREET,71 PLACE,denied,2023-11-13,2023-11-29T11:55:00.000,"Accept planning proposal of Not Feasible, Closed",Does not qualify; Radar speeds BELOW criteria of 30.0 mph at 85%,,Two-way,9,9,2,0.0,40.704607,-73.881148,srts_citywide.csv
SR-20240409-31526,OTTO ROAD,69 STREET,69 PLACE,denied,2024-04-08,2024-04-22T13:33:00.000,"Accept planning proposal of Not Feasible, Closed",Does not qualify; Radar speeds BELOW criteria of 30.0 mph at 85%,,One-way,6,7,1,0.0,40.706123,-73.884597,srts_citywide.csv
SR-20231116-31005,SUMMERFIELD STREET,WYCKOFF AVENUE,CYPRESS AVENUE,denied,2023-01-11,2023-11-29T12:10:00.000,"Accept planning proposal of Not Feasible, Closed",Does not qualify; Radar speeds BELOW criteria of 30.0 mph at 85%,,One-way,14,15,7,0.0,40.694694,-73.902511,srts_citywide.csv
SR-20230328-29360,69 PLACE,60 AVENUE,60 ROAD,denied,2023-03-27,2023-04-21T12:14:00.000,"Accept planning proposal of Not Feasible, Closed",Does not qualify; Radar speeds BELOW criteria of 30.0 mph at 85%,,Two-way,21,26,2,0.0,40.722123,-73.89124,srts_citywide.csv
SR-20230816-30386,64 STREET,58 ROAD,59 AVENUE,denied,2023-08-16,2024-04-03T12:54:00.000,"Accept planning proposal of Not Feasible, Closed",Speed Reducer (Hump or Cushion) denied for not being 1000' clear of speed camera,,Two-way,4,3,0,1.0,40.720743,-73.900914,srts_citywide.csv
SR-20240111-31241,ONDERDONK AVENUE,PUTNAM AVENUE,CORNELIA STREET,denied,2024-01-11,2024-01-29T13:46:00.000,"Accept planning proposal of Not Feasible, Closed",Does not qualify; Radar speeds BELOW criteria of 30.0 mph at 85%,,One-way,17,17,4,0.0,40.7024,-73.904541,srts_citywide.csv
SR-20230613-29917,OTTO ROAD,67 PLACE,68 STREET,denied,2023-06-07,2023-06-26T13:31:00.000,"Accept planning proposal of Not Feasible, Closed",Does not qualify; Radar speeds BELOW criteria of 30.0 mph at 85%,,Two-way,1,1,0,0.0,40.706018,-73.887396,srts_citywide.csv
SR-20210916-26506,78 AVENUE,74 STREET,75 STREET,denied,2021-09-02,2023-07-25T11:32:00.000,"Accept planning proposal of Not Feasible, Closed",Does not qualify; Radar speeds BELOW criteria of 30.0 mph at 85%,,Two-way,0,0,0,0.0,40.704392,-73.875255,srts_citywide.csv
SR-20210908-26408,73 PLACE,66 ROAD,66 DRIVE,denied,2021-08-04,2023-06-06T16:11:00.000,"Accept planning proposal of Not Feasible, Closed",Does not qualify; Radar speeds BELOW criteria of 30.0 mph at 85%,,One-way,9,11,4,0.0,40.714323,-73.880561,srts_citywide.csv
SR-20230428-29478,MYRTLE AVENUE,65 PLACE,66 STREET,denied,2023-04-28,2023-11-27T12:25:00.000,"Accept planning proposal of Not Feasible, Closed",Does not qualify; Radar speeds BELOW criteria of 30.0 mph at 85%,,Two-way,16,20,7,0.0,40.701277,-73.888861,srts_citywide.csv
SR-20230302-29297,73 PLACE,68 AVENUE,68 ROAD,denied,2020-05-27,2023-11-21T11:03:00.000,Denied pre-inspection - Closed,,,Two-way,5,6,3,0.0,40.710484,-73.87893,srts_citywide.csv
SR-20230928-30663,66 PLACE,CENTRAL AVENUE,MYRTLE AVENUE,denied,2023-09-28,2023-10-06T16:42:00.000,"Accept planning proposal of Not Feasible, Closed",Does not qualify; Radar speeds BELOW criteria of 30.0 mph at 85%,,One-way,16,22,5,0.0,40.702972,-73.888043,srts_citywide.csv
SR-20220825-27661,65 PLACE,METROPOLITAN AVENUE,ADMIRAL AVENUE,denied,2022-08-24,2023-07-07T12:59:00.000,"Accept planning proposal of Not Feasible, Closed",Does not qualify; Radar speeds BELOW criteria of 30.0 mph at 85%,,Two-way,20,22,1,0.0,40.712479,-73.895025,srts_citywide.csv
SR-20240318-31442,69 STREET,60 DRIVE,ELIOT AVENUE,denied,2024-01-09,2024-03-18T19:04:00.000,"Accept planning proposal of Not Feasible, Closed",Does not qualify; Radar speeds BELOW criteria of 30.0 mph at 85%,,Two-way,40,49,9,1.0,40.720213,-73.89177,srts_citywide.csv
SR-20221107-28997,77 AVENUE,87 STREET,88 STREET,denied,2022-11-04,2022-11-07T14:08:00.000,"Accept planning proposal of Not Feasible, Closed",Does not qualify; Radar speeds BELOW criteria of 30.0 mph at 85%,,Two-way,4,4,0,0.0,40.706716,-73.862389,srts_citywide.csv
SR-20221107-28997,77 AVENUE,86 STREET,87 STREET,denied,2022-11-04,2022-11-07T14:08:00.000,"Accept planning proposal of Not Feasible, Closed",Does not qualify; Radar speeds BELOW criteria of 30.0 mph at 85%,,Two-way,4,4,0,0.0,40.706701,-73.863327,srts_citywide.csv
SR-20210908-26408,73 PLACE,66 DRIVE,METROPOLITAN AVENUE,denied,2021-08-04,2023-06-06T16:11:00.000,"Accept planning proposal of Not Feasible, Closed",Does not qualify; Radar speeds BELOW criteria of 30.0 mph at 85%,,One-way,20,25,7,0.0,40.713655,-73.880032,srts_citywide.csv
SR-20221103-28989,56 DRIVE,61 STREET,64 STREET,denied,2022-11-02,2022-11-04T12:23:00.000,"Accept planning proposal of Not Feasible, Closed",Does not qualify; Radar speeds BELOW criteria of 30.0 mph at 85%,,One-way,7,10,4,0.0,40.723707,-73.904449,srts_citywide.csv
SR-20240308-31399,69 ROAD,73 PLACE,74 STREET,denied,2024-03-06,2024-04-01T12:33:00.000,"Accept planning proposal of Not Feasible, Closed",Does not qualify; Radar speeds BELOW criteria of 30.0 mph at 85%,,Two-way,4,7,1,0.0,40.70796,-73.877777,srts_citywide.csv
SR-20231018-30822,60 PLACE,MADISON STREET,PUTNAM AVENUE,denied,2022-11-27,2023-11-01T12:32:00.000,"Accept planning proposal of Not Feasible, Closed",Does not qualify; Radar speeds BELOW criteria of 30.0 mph at 85%,,One-way,7,8,3,0.0,40.706357,-73.900268,srts_citywide.csv
SR-20210513-25735,69 LANE,CALDWELL AVENUE,60 AVENUE,denied,2021-02-01,2023-04-17T12:00:00.000,"Accept planning proposal of Not Feasible, Closed",Does not qualify; Radar speeds BELOW criteria of 30.0 mph at 85%,,One-way,15,17,1,0.0,40.724256,-73.891818,srts_citywide.csv
SR-20230809-30335,FLUSHING AVENUE,FRESH POND ROAD,63 STREET,denied,2023-08-08,2023-12-21T16:13:00.000,"Accept planning proposal of Not Feasible, Closed",Does not qualify; Radar speeds BELOW criteria of 30.0 mph at 85%,,Two-way,46,48,11,0.0,40.721629,-73.903117,srts_citywide.csv
SR-20230509-29582,PLEASANTVIEW STREET,66 ROAD,66 DRIVE,denied,2023-03-31,2023-09-18T16:16:00.000,"Accept planning proposal of Not Feasible, Closed",Does not qualify; Radar speeds BELOW criteria of 30.0 mph at 85%,,One-way,5,7,1,0.0,40.714146,-73.882343,srts_citywide.csv
SR-20220803-27582,62 AVENUE,69 LANE,70 STREET,denied,2022-07-29,2024-12-26T17:00:00.000,"Accept planning proposal of Not Feasible, Closed",Does not qualify; Radar speeds BELOW criteria of 30.0 mph at 85%,,Two-way,3,3,2,0.0,40.718631,-73.887314,srts_citywide.csv
SR-20241204-35622,69 STREET,58 ROAD,CALDWELL AVENUE,denied,2024-12-03,2024-12-26T13:33:00.000,"Accept planning proposal of Not Feasible, Closed",Does not qualify; Radar speeds BELOW criteria of 30.0 mph at 85%,,Two-way,32,42,3,0.0,40.723921,-73.894336,srts_citywide.csv
SR-20221031-28965,62 AVENUE,56 STREET,60 STREET,denied,2022-10-29,2022-11-01T09:54:00.000,"Accept planning proposal of Not Feasible, Closed",Does not qualify; Radar speeds BELOW criteria of 30.0 mph at 85%,,One-way,40,49,14,0.0,40.713614,-73.90683,srts_citywide.csv
SR-20220803-27582,62 AVENUE,69 PLACE,69 LANE,denied,2022-07-29,2024-12-26T17:00:00.000,"Accept planning proposal of Not Feasible, Closed",Does not qualify; Radar speeds BELOW criteria of 30.0 mph at 85%,,Two-way,4,7,2,0.0,40.718255,-73.888144,srts_citywide.csv
SR-20230322-29346,67 STREET,MYRTLE AVENUE,COOPER AVENUE,denied,2023-03-17,2024-12-26T17:03:00.000,"Accept planning proposal of Not Feasible, Closed",Does not qualify; Radar speeds BELOW criteria of 30.0 mph at 85%,,One-way,23,24,8,0.0,40.701508,-73.88607,srts_citywide.csv
SR-20230428-29478,MYRTLE AVENUE,CYPRESS HILLS STREET,65 STREET,denied,2023-04-28,2023-11-27T12:25:00.000,"Accept planning proposal of Not Feasible, Closed",Does not qualify; Radar speeds BELOW criteria of 30.0 mph at 85%,,Two-way,35,41,9,0.0,40.701103,-73.890867,srts_citywide.csv
SR-20220329-26997,69 AVENUE,ONDERDONK AVENUE,FOREST AVENUE,denied,2022-02-14,2023-06-20T13:41:00.000,"Accept planning proposal of Not Feasible, Closed",Does not qualify; Radar speeds BELOW criteria of 30.0 mph at 85%,,One-way,60,69,15,1.0,40.701229,-73.902559,srts_citywide.csv
SR-20210226-25427,60 AVENUE,FRESH POND ROAD,MT OLIVET CRESCENT,denied,2020-02-03,2023-10-04T12:39:00.000,"Accept planning proposal of Not Feasible, Closed",multiple impeding driveways / curb cuts,,One-way,28,33,5,2.0,40.716893,-73.901797,srts_citywide.csv
SR-20230518-29719,58 AVENUE,59 STREET,GRAND AVENUE,denied,2023-05-16,2024-04-25T18:00:00.000,"Accept planning proposal of Not Feasible, Closed",Does not qualify; Radar speeds BELOW criteria of 30.0 mph at 85%,,One-way,7,8,1,0.0,40.721084,-73.908342,srts_citywide.csv
SR-20220701-27447,65 PLACE,CLARAN COURT,55 AVENUE,denied,2021-01-16,2023-10-16T14:40:00.000,"Accept planning proposal of Not Feasible, Closed",Does not qualify; Radar speeds BELOW criteria of 30.0 mph at 85%,,Two-way,10,10,1,0.0,40.728076,-73.900272,srts_citywide.csv
SR-20241211-35639,82 STREET,62 AVENUE,JUNIPER BOULEVARD NORTH,denied,2024-12-10,2024-12-26T13:24:00.000,"Accept planning proposal of Not Feasible, Closed",Does not qualify; Radar speeds BELOW criteria of 30.0 mph at 85%,,One-way,5,6,1,0.0,40.723859,-73.876042,srts_citywide.csv
SR-20211202-26763,PUTNAM AVENUE,60 PLACE,60 LANE,denied,2021-11-04,2023-10-24T10:54:00.000,"Accept planning proposal of Not Feasible, Closed",Does not qualify; Radar speeds BELOW criteria of 30.0 mph at 85%,,One-way,9,10,4,0.0,40.705772,-73.899963,srts_citywide.csv
SR-20220308-26862,CENTRAL AVENUE,66 STREET,66 PLACE,denied,2021-12-02,2023-10-24T10:55:00.000,"Accept planning proposal of Not Feasible, Closed",Speed Reducer (Hump or Cushion) denied for not being 1000' clear of speed camera,,Two-way,16,18,5,0.0,40.702762,-73.888935,srts_citywide.csv
SR-20230621-29989,75 AVENUE,60 PLACE,60 LANE,denied,2023-06-20,2023-11-06T14:58:00.000,"Accept planning proposal of Not Feasible, Closed",Does not qualify; Radar speeds BELOW criteria of 30.0 mph at 85%,,Two-way,8,10,0,0.0,40.698511,-73.895779,srts_citywide.csv
SR-20230605-29844,60 STREET,59 AVENUE,59 ROAD,denied,2023-06-03,2023-06-23T16:28:00.000,"Accept planning proposal of Not Feasible, Closed",Does not qualify; Radar speeds BELOW criteria of 30.0 mph at 85%,,One-way,12,20,2,0.0,40.718796,-73.906707,srts_citywide.csv
SR-20210427-25680,DECATUR STREET,CYPRESS AVENUE,SENECA AVENUE,denied,2020-12-21,2023-11-15T12:15:00.000,"Accept planning proposal of Not Feasible, Closed",Does not qualify; Radar speeds BELOW criteria of 30.0 mph at 85%,,One-way,19,25,6,0.0,40.69622,-73.899869,srts_citywide.csv
SR-20240318-31442,69 STREET,60 ROAD,60 DRIVE,denied,2024-01-09,2024-03-18T19:04:00.000,"Accept planning proposal of Not Feasible, Closed",multi-lane roadway,,Two-way,25,32,2,0.0,40.720823,-73.892256,srts_citywide.csv
SR-20231018-30822,60 PLACE,PALMETTO STREET,WOODBINE STREET,denied,2022-11-27,2023-11-01T12:32:00.000,"Accept planning proposal of Not Feasible, Closed",Does not qualify; Radar speeds BELOW criteria of 30.0 mph at 85%,,One-way,9,9,2,0.0,40.70767,-73.901049,srts_citywide.csv
SR-20230612-29896,GREENE AVENUE,RICARD STREET,BUTLER AVENUE,denied,2023-06-09,2023-06-26T13:27:00.000,"Accept planning proposal of Not Feasible, Closed",Does not qualify; Radar speeds BELOW criteria of 30.0 mph at 85%,,One-way,5,6,4,0.0,40.710156,-73.907329,srts_citywide.csv
SR-20230620-29970,81 STREET,62 AVENUE,JUNIPER BOULEVARD NORTH,denied,2023-06-16,2024-02-05T08:37:00.000,Denied pre-inspection - Closed,,,One-way,9,11,0,0.0,40.723486,-73.87684,srts_citywide.csv
SR-20210107-24269,80 AVENUE,COOPER AVENUE,60 LANE,denied,2020-07-06,2023-06-06T12:34:00.000,"Accept planning proposal of Not Feasible, Closed",Does not qualify; Radar speeds BELOW criteria of 30.0 mph at 85%,,One-way,20,21,5,0.0,40.694743,-73.895789,srts_citywide.csv
SR-20210901-26370,61 STREET,FLUSHING AVENUE,59 AVENUE,denied,2021-07-26,2023-10-19T12:33:00.000,"Accept planning proposal of Not Feasible, Closed",Does not qualify; Radar speeds BELOW criteria of 30.0 mph at 85%,,Two-way,49,55,14,0.0,40.721031,-73.904096,srts_citywide.csv
SR-20221107-28997,77 AVENUE,85 STREET,86 STREET,denied,2022-11-04,2022-11-07T14:08:00.000,"Accept planning proposal of Not Feasible, Closed",Does not qualify; Radar speeds BELOW criteria of 30.0 mph at 85%,,Two-way,1,1,0,0.0,40.706685,-73.864268,srts_citywide.csv
SR-20220809-27601,CYPRESS AVENUE,CABOT ROAD,CLOVER PLACE,denied,2022-08-04,2023-11-02T12:38:00.000,"Accept planning proposal of Not Feasible, Closed",Does not qualify; Radar speeds BELOW criteria of 30.0 mph at 85%,,Two-way,58,73,13,0.0,40.693843,-73.896912,srts_citywide.csv
SR-20210908-26408,73 PLACE,JUNIPER VALLEY ROAD,66 ROAD,denied,2021-08-04,2023-06-06T16:11:00.000,"Accept planning proposal of Not Feasible, Closed",Does not qualify; Radar speeds BELOW criteria of 30.0 mph at 85%,,One-way,8,9,4,0.0,40.715053,-73.881151,srts_citywide.csv
SR-20240402-31495,61 ROAD,68 STREET,69 STREET,denied,2024-04-01,2024-04-17T12:50:00.000,"Accept planning proposal of Not Feasible, Closed",Does not qualify; Radar speeds BELOW criteria of 30.0 mph at 85%,,One-way,17,32,0,0.0,40.718182,-73.891997,srts_citywide.csv
SR-20230613-29917,OTTO ROAD,68 STREET,68 PLACE,denied,2023-06-07,2023-06-26T13:31:00.000,"Accept planning proposal of Not Feasible, Closed",Does not qualify; Radar speeds BELOW criteria of 30.0 mph at 85%,,Two-way,2,3,0,0.0,40.706226,-73.886527,srts_citywide.csv
SR-20221107-28997,77 AVENUE,83 STREET,84 STREET,denied,2022-11-04,2022-11-07T14:08:00.000,"Accept planning proposal of Not Feasible, Closed",Does not qualify; Radar speeds BELOW criteria of 30.0 mph at 85%,,Two-way,0,0,0,0.0,40.706657,-73.86613,srts_citywide.csv
SR-20220114-26801,BROWN PLACE,58 AVENUE,58 ROAD,denied,2021-11-12,2024-01-11T13:15:00.000,"Accept planning proposal of Not Feasible, Closed",Does not qualify; Radar speeds BELOW criteria of 30.0 mph at 85%,,Two-way,14,16,3,0.0,40.724068,-73.895776,srts_citywide.csv
SR-20221230-29142,81 STREET,ELIOT AVENUE,62 AVENUE,denied,2022-12-29,2022-12-30T12:48:00.000,"Accept planning proposal of Not Feasible, Closed",Does not qualify; Radar speeds BELOW criteria of 30.0 mph at 85%,,One-way,29,36,13,0.0,40.725396,-73.878369,srts_citywide.csv
SR-20230621-29989,75 AVENUE,60 LANE,61 STREET,denied,2023-06-20,2023-11-06T14:58:00.000,"Accept planning proposal of Not Feasible, Closed",Does not qualify; Radar speeds BELOW criteria of 30.0 mph at 85%,,Two-way,3,5,0,0.0,40.69859,-73.894849,srts_citywide.csv
SR-20220607-27303,LUTHERAN AVENUE,75 STREET,JUNIPER BOULEVARD NORTH,denied,2022-06-02,2024-12-26T16:58:00.000,"Accept planning proposal of Not Feasible, Closed",Does not qualify; Radar speeds BELOW criteria of 30.0 mph at 85%,,Two-way,13,16,3,0.0,40.722062,-73.884588,srts_citywide.csv
SR-20220607-27303,LUTHERAN AVENUE,ELIOT AVENUE,75 STREET,denied,2022-06-02,2024-12-26T16:58:00.000,"Accept planning proposal of Not Feasible, Closed",Does not qualify; Radar speeds BELOW criteria of 30.0 mph at 85%,,Two-way,17,21,3,0.0,40.722525,-73.884551,srts_citywide.csv
SR-20240917-32327,ELIOT AVENUE,68 STREET,69 STREET,denied,2024-09-14,2024-11-01T15:06:00.000,"Planning denied Pre-inspection, Closed",Speed Reducer (Hump or Cushion) denied for not being 1000' clear of speed camera,,Two-way,38,48,9,1.0,40.718987,-73.892129,srts_citywide.csv
SR-20220928-27825,COOPER AVENUE,72 PLACE,73 STREET,denied,2022-09-15,2022-11-01T10:49:00.000,"Accept planning proposal of Not Feasible, Closed",Does not qualify; Radar speeds BELOW criteria of 30.0 mph at 85%,,Two-way,5,8,1,0.0,40.703522,-73.877872,srts_citywide.csv
SR-20240917-32327,ELIOT AVENUE,67 STREET,68 STREET,denied,2024-09-14,2024-11-01T15:06:00.000,"Planning denied Pre-inspection, Closed",Speed Reducer (Hump or Cushion) denied for not being 1000' clear of speed camera,,Two-way,7,20,0,0.0,40.718206,-73.893757,srts_citywide.csv
SR-20240917-32327,ELIOT AVENUE,68 STREET,68 STREET,denied,2024-09-14,2024-11-01T15:06:00.000,"Planning denied Pre-inspection, Closed",Speed Reducer (Hump or Cushion) denied for not being 1000' clear of speed camera,,Two-way,36,54,6,1.0,40.718806,-73.892512,srts_citywide.csv
SR-20201109-20098,PUTNAM AVENUE,ONDERDONK AVENUE,WOODWARD AVENUE,denied,2020-02-13,2023-11-13T15:08:00.000,"Accept planning proposal of Not Feasible, Closed",Does not qualify; Radar speeds BELOW criteria of 30.0 mph at 85%,,One-way,17,17,4,0.0,40.7024,-73.904541,srts_citywide.csv
SR-20240917-32327,ELIOT AVENUE,MOUNT OLIVET CRESCENT,67 STREET,denied,2024-09-14,2024-11-01T15:06:00.000,"Planning denied Pre-inspection, Closed",street not wide enough,,Two-way,15,20,2,0.0,40.716384,-73.897501,srts_citywide.csv
SR-20231114-30982,60 ROAD,FRESH POND ROAD,MT OLIVET CRESCENT,denied,2023-11-09,2023-11-29T11:57:00.000,"Accept planning proposal of Not Feasible, Closed",Does not qualify; Radar speeds BELOW criteria of 30.0 mph at 85%,,One-way,23,23,4,2.0,40.716143,-73.901585,srts_citywide.csv
SR-20221031-28969,62 STREET,53 AVENUE,53 DRIVE,denied,2022-10-31,2022-11-01T09:54:00.000,"Accept planning proposal of Not Feasible, Closed",Does not qualify; Radar speeds BELOW criteria of 30.0 mph at 85%,,One-way,3,3,1,0.0,40.73172,-73.901764,srts_citywide.csv
SR-20230811-30358,MT OLIVER CRESCENT,60 AVENUE,60 AVENUE,denied,2023-08-11,2024-04-17T12:53:00.000,"Accept planning proposal of Not Feasible, Closed",Does not qualify; Radar speeds BELOW criteria of 30.0 mph at 85%,,One-way,2,3,0,0.0,40.717967,-73.900049,srts_citywide.csv
SR-20220323-26927,SENECA AVENUE,DEKALB AVENUE,STOCKHOLM STREET,denied,2022-01-04,2022-11-28T09:15:00.000,"Accept planning proposal of Not Feasible, Closed",Speed Cushion denied for not being 1000' clear of a speed camera,,Two-way,13,18,4,0.0,40.707632,-73.915841,srts_citywide.csv
SR-20201009-20015,60 LANE,CATALPA AVENUE,69 AVENUE,denied,2020-01-09,2023-12-04T12:20:00.000,"Accept planning proposal of Not Feasible, Closed",Does not qualify; Radar speeds BELOW criteria of 30.0 mph at 85%,,One-way,4,4,1,0.0,40.703415,-73.897647,srts_citywide.csv
SR-20220128-26815,COOPER AVENUE,68 STREET,69 STREET,denied,2021-11-12,2023-06-26T09:47:00.000,"Accept planning proposal of Not Feasible, Closed",Speed Cushion denied for not being 1000' clear of a speed camera,,Two-way,15,22,4,0.0,40.700476,-73.883431,srts_citywide.csv
SR-20231019-30827,FOREST AVENUE,68 ROAD,68 ROAD,denied,2022-11-08,2023-11-01T12:33:00.000,"Accept planning proposal of Not Feasible, Closed",street too short,,Two-way,25,28,8,0.0,40.703215,-73.901323,srts_citywide.csv
SR-20230608-29880,69 ROAD,79 STREET,80 STREET,denied,2023-06-08,2023-06-26T13:26:00.000,"Accept planning proposal of Not Feasible, Closed",Does not qualify; Radar speeds BELOW criteria of 30.0 mph at 85%,,One-way,19,25,4,0.0,40.709083,-73.873281,srts_citywide.csv
SR-20210608-25823,61 STREET,75 AVENUE,ST FELIX AVENUE,denied,2021-03-27,2023-11-16T13:01:00.000,"Accept planning proposal of Not Feasible, Closed",Does not qualify; Radar speeds BELOW criteria of 30.0 mph at 85%,,One-way,7,10,1,0.0,40.698666,-73.893936,srts_citywide.csv
SR-20230711-30162,81 AVENUE,MYRTLE AVENUE,88 STREET,denied,2023-07-11,2023-07-26T12:33:00.000,"Accept planning proposal of Not Feasible, Closed",Does not qualify; Radar speeds BELOW criteria of 30.0 mph at 85%,,One-way,36,51,1,0.0,40.70327,-73.861422,srts_citywide.csv
SR-20231018-30822,60 PLACE,WOODBINE STREET,MADISON STREET,denied,2022-11-27,2023-11-01T12:32:00.000,"Accept planning proposal of Not Feasible, Closed",Does not qualify; Radar speeds BELOW criteria of 30.0 mph at 85%,,One-way,10,11,2,0.0,40.707013,-73.900661,srts_citywide.csv
SR-20240419-31592,METROPOLITAN AVENUE,71 STREET,PLEASANTVIEW STREET,denied,2024-04-18,2024-05-02T12:29:00.000,"Accept planning proposal of Not Feasible, Closed",Does not qualify; Radar speeds BELOW criteria of 30.0 mph at 85%,,Two-way,11,14,3,0.0,40.71223,-73.884352,srts_citywide.csv
SR-20240705-31973,64 STREET,58 ROAD,59 AVENUE,denied,2024-07-02,2024-07-17T13:36:00.000,"Accept planning proposal of Not Feasible, Closed",Does not qualify; Radar speeds BELOW criteria of 30.0 mph at 85%,,Two-way,4,3,0,1.0,40.720743,-73.900914,srts_citywide.csv
SR-20240702-31952,GEORGE STREET,SENECA AVENUE,FOREST AVENUE,denied,2024-06-28,2024-07-17T13:31:00.000,"Accept planning proposal of Not Feasible, Closed",Does not qualify; Radar speeds BELOW criteria of 30.0 mph at 85%,,One-way,20,31,4,0.0,40.699161,-73.901523,srts_citywide.csv
SR-20260112-39914,65 PLACE,DEAD END,68 AVENUE,denied,2025-12-30,2026-02-05T14:13:00.000,"Accept planning proposal of Not Feasible, Closed",Does not qualify; Radar speeds BELOW criteria of 30.0 mph at 85%,,Two-way,2,3,0,0.0,40.707201,-73.892155,srts_citywide.csv
SR-20260112-39914,65 PLACE,68 AVENUE,CATALPA AVENUE,denied,2025-12-30,2026-02-05T14:13:00.000,"Accept planning proposal of Not Feasible, Closed",Does not qualify; Radar speeds BELOW criteria of 30.0 mph at 85%,,Two-way,2,2,1,0.0,40.706399,-73.891814,srts_citywide.csv
SR-20240625-31912,69 PLACE,ELIOT AVENUE,61 ROAD,denied,2024-06-18,2024-07-26T11:28:00.000,"Accept planning proposal of Not Feasible, Closed",Speed Reducer (Hump or Cushion) denied for not being 1000' clear of speed camera,,Two-way,39,49,10,2.0,40.720156,-73.889663,srts_citywide.csv
SR-20240709-31993,70 AVENUE,60 STREET,60 LANE,denied,2024-07-09,2024-07-26T11:33:00.000,"Accept planning proposal of Not Feasible, Closed",Does not qualify; Radar speeds BELOW criteria of 30.0 mph at 85%,,One-way,20,26,9,0.0,40.701539,-73.898855,srts_citywide.csv
SR-20240625-31912,69 PLACE,61 ROAD,61 DRIVE,denied,2024-06-18,2024-07-26T11:28:00.000,"Accept planning proposal of Not Feasible, Closed",Speed Reducer (Hump or Cushion) denied for not being 1000' clear of speed camera,,Two-way,19,26,3,1.0,40.719502,-73.889156,srts_citywide.csv
SR-20240625-31912,69 PLACE,61 DRIVE,62 AVENUE,denied,2024-06-18,2024-07-26T11:28:00.000,"Accept planning proposal of Not Feasible, Closed",Does not qualify; Radar speeds BELOW criteria of 30.0 mph at 85%,,Two-way,3,3,2,0.0,40.718871,-73.888637,srts_citywide.csv
SR-20251229-39878,74 AVENUE,88 STREET,89 STREET,denied,2025-06-18,2026-02-09T15:50:00.000,"Accept planning proposal of Not Feasible, Closed",Does not qualify; Radar speeds BELOW criteria of 30.0 mph at 85%,,Two-way,3,3,1,0.0,40.708331,-73.863042,srts_citywide.csv
SR-20251229-39879,71 STREET,JUNIPER BOULEVARD SOUTH,PENELOPE AVENUE,denied,2025-05-06,2026-02-09T15:50:00.000,"Accept planning proposal of Not Feasible, Closed",Does not qualify; Radar speeds BELOW criteria of 30.0 mph at 85%,,One-way,8,9,3,0.0,40.717524,-73.884228,srts_citywide.csv
SR-20231002-30678,78 AVENUE,60 STREET,60 LANE,denied,2023-10-01,2025-01-07T10:21:00.000,"Accept planning proposal of Not Feasible, Closed",Does not qualify; Radar speeds BELOW criteria of 30.0 mph at 85%,,Two-way,5,5,1,0.0,40.696094,-73.89631,srts_citywide.csv
SR-20240715-32025,64 STREET,56 ROAD,56 DRIVE,denied,2024-07-12,2024-07-29T13:07:00.000,"Accept planning proposal of Not Feasible, Closed",street too short,,One-way,1,1,1,0.0,40.724216,-73.901815,srts_citywide.csv
SR-20240715-32025,64 STREET,56 DRIVE,PERRY AVENUE,denied,2024-07-12,2024-07-29T13:07:00.000,"Accept planning proposal of Not Feasible, Closed",street too short,,One-way,35,36,6,1.0,40.723535,-73.901827,srts_citywide.csv
SR-20240715-32025,64 STREET,56 ROAD,56 DRIVE,denied,2024-07-12,2024-07-29T13:07:00.000,"Accept planning proposal of Not Feasible, Closed",Does not qualify; Radar speeds BELOW criteria of 30.0 mph at 85%,,One-way,1,1,1,0.0,40.724216,-73.901815,srts_citywide.csv
SR-20240715-32025,64 STREET,PERRY AVENUE,GRAND AVENUE,denied,2024-07-12,2024-07-29T13:07:00.000,"Accept planning proposal of Not Feasible, Closed",Does not qualify; Radar speeds BELOW criteria of 30.0 mph at 85%,,One-way,44,46,6,1.0,40.723431,-73.901823,srts_citywide.csv
SR-20240715-32025,64 STREET,HULL AVENUE,56 AVENUE,denied,2024-07-12,2024-07-29T13:07:00.000,"Accept planning proposal of Not Feasible, Closed",street too short,,One-way,24,41,0,1.0,40.725105,-73.901795,srts_citywide.csv
SR-20240715-32025,64 STREET,56 AVENUE,CLINTON AVENUE,denied,2024-07-12,2024-07-29T13:07:00.000,"Accept planning proposal of Not Feasible, Closed",Does not qualify; Radar speeds BELOW criteria of 30.0 mph at 85%,,One-way,17,28,0,1.0,40.724902,-73.901803,srts_citywide.csv
SR-20240711-32011,71 PLACE,CENTRAL AVENUE,COOPER AVENUE,denied,2024-07-10,2024-07-29T13:04:00.000,"Accept planning proposal of Not Feasible, Closed",Does not qualify; Radar speeds BELOW criteria of 30.0 mph at 85%,,One-way,5,5,0,0.0,40.704815,-73.880286,srts_citywide.csv
SR-20240715-32025,64 STREET,55 DRIVE,HULL AVENUE,denied,2024-07-12,2024-07-29T13:07:00.000,"Accept planning proposal of Not Feasible, Closed",Does not qualify; Radar speeds BELOW criteria of 30.0 mph at 85%,,One-way,32,52,0,1.0,40.725596,-73.90178,srts_citywide.csv
SR-20241223-35660,JEFFERSON AVENUE,WYCKOFF AVENUE,CYPRESS AVENUE,denied,2024-12-20,2025-01-07T10:43:00.000,"Accept planning proposal of Not Feasible, Closed",Does not qualify; Radar speeds BELOW criteria of 30.0 mph at 85%,,Two-way,13,19,5,0.0,40.697572,-73.90757,srts_citywide.csv
SR-20241224-35663,GROVE STREET,FOREST AVENUE,60 PLACE,denied,2024-12-24,2025-01-07T10:43:00.000,"Accept planning proposal of Not Feasible, Closed",Does not qualify; Radar speeds BELOW criteria of 30.0 mph at 85%,,One-way,23,32,5,0.0,40.70913,-73.904351,srts_citywide.csv
SR-20231002-30678,78 AVENUE,CYPRESS AVENUE,60 STREET,denied,2023-10-01,2025-01-07T10:21:00.000,"Accept planning proposal of Not Feasible, Closed",Does not qualify; Radar speeds BELOW criteria of 30.0 mph at 85%,,Two-way,18,22,4,0.0,40.695157,-73.898616,srts_citywide.csv
SR-20240812-32153,GATES AVENUE,WOODWARD AVENUE,FAIRVIEW AVENUE,denied,2024-08-11,2024-08-22T12:55:00.000,"Accept planning proposal of Not Feasible, Closed",Does not qualify; Radar speeds BELOW criteria of 30.0 mph at 85%,,Two-way,21,23,8,0.0,40.705286,-73.906351,srts_citywide.csv
SR-20251203-39806,WOODWARD AVENUE,CORNELIA STREET,68 ROAD,denied,2025-12-03,2026-02-19T13:14:00.000,"Reject planning proposal of Feasible, Closed",Does not qualify; Radar speeds BELOW criteria of 30.0 mph at 85%,,One-way,23,26,10,0.0,40.703101,-73.902639,srts_citywide.csv
SR-20251203-39806,WOODWARD AVENUE,PUTNAM AVENUE,CORNELIA STREET,denied,2025-12-03,2026-02-19T13:14:00.000,"Reject planning proposal of Feasible, Closed",Does not qualify; Radar speeds BELOW criteria of 30.0 mph at 85%,,One-way,25,28,8,0.0,40.703538,-73.903382,srts_citywide.csv
SR-20251203-39806,WOODWARD AVENUE,WOODBINE STREET,MYRTLE AVENUE LINE,denied,2025-12-03,2026-02-19T13:14:00.000,"Reject planning proposal of Feasible, Closed",Does not qualify; Radar speeds BELOW criteria of 30.0 mph at 85%,,One-way,19,22,6,0.0,40.704409,-73.904866,srts_citywide.csv
SR-20251203-39806,WOODWARD AVENUE,GATES AVENUE,PALMETTO STREET,denied,2025-12-03,2026-02-19T13:14:00.000,"Reject planning proposal of Feasible, Closed",Does not qualify; Radar speeds BELOW criteria of 30.0 mph at 85%,,One-way,21,23,8,0.0,40.705286,-73.906351,srts_citywide.csv
SR-20251203-39806,WOODWARD AVENUE,MYRTLE AVENUE LINE,MADISON STREET,denied,2025-12-03,2026-02-19T13:14:00.000,"Reject planning proposal of Feasible, Closed",Does not qualify; Radar speeds BELOW criteria of 30.0 mph at 85%,,One-way,25,28,10,0.0,40.704112,-73.904358,srts_citywide.csv
SR-20251203-39806,WOODWARD AVENUE,LINDEN STREET,GATES AVENUE,denied,2025-12-03,2026-02-19T13:14:00.000,"Reject planning proposal of Feasible, Closed",Does not qualify; Radar speeds BELOW criteria of 30.0 mph at 85%,,One-way,19,20,8,0.0,40.705723,-73.907093,srts_citywide.csv
SR-20251203-39806,WOODWARD AVENUE,PALMETTO STREET,WOODBINE STREET,denied,2025-12-03,2026-02-19T13:14:00.000,"Reject planning proposal of Feasible, Closed",Does not qualify; Radar speeds BELOW criteria of 30.0 mph at 85%,,One-way,21,23,9,0.0,40.704849,-73.905609,srts_citywide.csv
SR-20251203-39806,WOODWARD AVENUE,MADISON STREET,PUTNAM AVENUE,denied,2025-12-03,2026-02-19T13:14:00.000,"Reject planning proposal of Feasible, Closed",Does not qualify; Radar speeds BELOW criteria of 30.0 mph at 85%,,One-way,21,24,9,0.0,40.703975,-73.904124,srts_citywide.csv
SR-20240717-32039,56 ROAD,61 STREET,64 STREET,denied,2024-01-24,2024-08-01T15:48:00.000,"Accept planning proposal of Not Feasible, Closed",Does not qualify; Radar speeds BELOW criteria of 30.0 mph at 85%,,One-way,6,9,3,0.0,40.724391,-73.904369,srts_citywide.csv
SR-20240719-32046,PENELOPE AVENUE,78 STREET,79 STREET,denied,2024-07-18,2024-08-05T12:54:00.000,"Accept planning proposal of Not Feasible, Closed",Does not qualify; Radar speeds BELOW criteria of 30.0 mph at 85%,,Two-way,3,4,0,0.0,40.718641,-73.876336,srts_citywide.csv
SR-20240719-32046,PENELOPE AVENUE,77 PLACE,78 STREET,denied,2024-07-18,2024-08-05T12:54:00.000,"Accept planning proposal of Not Feasible, Closed",Does not qualify; Radar speeds BELOW criteria of 30.0 mph at 85%,,Two-way,2,2,0,0.0,40.718269,-73.877141,srts_citywide.csv
SR-20240719-32048,PUTNAM AVENUE,STIER PLACE,FRESH POND ROAD,denied,2024-06-24,2024-08-05T12:48:00.000,"Accept planning proposal of Not Feasible, Closed",Does not qualify; Radar speeds BELOW criteria of 30.0 mph at 85%,,One-way,32,41,15,0.0,40.706245,-73.898,srts_citywide.csv
SR-20240722-32049,PLEASANT VIEW STREET,66 ROAD,66 DRIVE,denied,2024-06-26,2024-08-05T12:48:00.000,"Accept planning proposal of Not Feasible, Closed",Does not qualify; Radar speeds BELOW criteria of 30.0 mph at 85%,,One-way,5,7,1,0.0,40.714146,-73.882343,srts_citywide.csv
SR-20240722-32049,PLEASANT VIEW STREET,66 DRIVE,METROPOLITAN AVENUE,denied,2024-06-26,2024-08-05T12:48:00.000,"Accept planning proposal of Not Feasible, Closed",Does not qualify; Radar speeds BELOW criteria of 30.0 mph at 85%,,One-way,11,15,3,0.0,40.71343,-73.882294,srts_citywide.csv
SR-20240722-32053,CYPRESS AVENUE,GATES AVENUE,PALMETTO STREET,denied,2024-07-20,2024-08-05T12:51:00.000,"Accept planning proposal of Not Feasible, Closed",Does not qualify; Radar speeds BELOW criteria of 30.0 mph at 85%,,Two-way,27,31,5,0.0,40.702124,-73.909583,srts_citywide.csv
SR-20240722-32049,PLEASANT VIEW STREET,JUNIPER VALLEY ROAD,66 ROAD,denied,2024-06-26,2024-08-05T12:48:00.000,"Accept planning proposal of Not Feasible, Closed",Does not qualify; Radar speeds BELOW criteria of 30.0 mph at 85%,,One-way,6,11,2,0.0,40.714838,-73.882389,srts_citywide.csv
SR-20240719-32048,PUTNAM AVENUE,60 PLACE,60 LANE,denied,2024-06-24,2024-08-05T12:48:00.000,"Accept planning proposal of Not Feasible, Closed",Does not qualify; Radar speeds BELOW criteria of 30.0 mph at 85%,,One-way,9,10,4,0.0,40.705772,-73.899963,srts_citywide.csv
SR-20240719-32048,PUTNAM AVENUE,60 LANE,STIER PLACE,denied,2024-06-24,2024-08-05T12:48:00.000,"Accept planning proposal of Not Feasible, Closed",Does not qualify; Radar speeds BELOW criteria of 30.0 mph at 85%,,One-way,10,11,5,0.0,40.706018,-73.898945,srts_citywide.csv
SR-20240719-32048,PUTNAM AVENUE,60 STREET,60 PLACE,denied,2024-06-24,2024-08-05T12:48:00.000,"Accept planning proposal of Not Feasible, Closed",Does not qualify; Radar speeds BELOW criteria of 30.0 mph at 85%,,One-way,12,15,6,0.0,40.705518,-73.900836,srts_citywide.csv
SR-20240719-32048,PUTNAM AVENUE,FOREST AVENUE,60 STREET,denied,2024-06-24,2024-08-05T12:48:00.000,"Accept planning proposal of Not Feasible, Closed",Does not qualify; Radar speeds BELOW criteria of 30.0 mph at 85%,,One-way,24,28,10,0.0,40.705148,-73.902121,srts_citywide.csv
SR-20240801-32110,HARMAN STREET,FAIRVIEW AVENUE,GRANDVIEW AVENUE,denied,2024-07-31,2024-08-15T12:39:00.000,"Accept planning proposal of Not Feasible, Closed",Does not qualify; Radar speeds BELOW criteria of 30.0 mph at 85%,,One-way,14,17,4,0.0,40.708992,-73.9097,srts_citywide.csv
SR-20240805-32122,56 DRIVE,59 PLACE,60 STREET,denied,2024-08-02,2024-08-15T12:41:00.000,"Accept planning proposal of Not Feasible, Closed",Does not qualify; Radar speeds BELOW criteria of 30.0 mph at 85%,,One-way,14,18,3,0.0,40.723921,-73.907566,srts_citywide.csv
SR-20240709-31983,MOUNT OLIVET CRESCENT,62 AVENUE,65 PLACE,denied,2024-07-06,2024-08-27T12:26:00.000,"Accept planning proposal of Not Feasible, Closed",other,,Two-way,1,1,0,0.0,40.714818,-73.896284,srts_citywide.csv
SR-20240709-31983,MOUNT OLIVET CRESCENT,ELIOT AVENUE,62 AVENUE,denied,2024-07-06,2024-08-27T12:26:00.000,"Accept planning proposal of Not Feasible, Closed",Does not qualify; Radar speeds BELOW criteria of 30.0 mph at 85%,,Two-way,15,20,2,0.0,40.716384,-73.897501,srts_citywide.csv
SR-20210902-26379,59 DRIVE,60 PLACE,60 LANE,denied,2021-07-28,2024-08-28T15:16:00.000,"Accept planning proposal of Not Feasible, Closed",Does not qualify; Radar speeds BELOW criteria of 30.0 mph at 85%,,One-way,6,9,1,0.0,40.717587,-73.904862,srts_citywide.csv
SR-20210902-26379,59 DRIVE,60 STREET,60 PLACE,denied,2021-07-28,2024-08-28T15:16:00.000,"Accept planning proposal of Not Feasible, Closed",other,,One-way,9,9,2,0.0,40.717363,-73.906392,srts_citywide.csv
SR-20210902-26379,59 DRIVE,60 LANE,61 STREET,denied,2021-07-28,2024-08-28T15:16:00.000,"Accept planning proposal of Not Feasible, Closed",Does not qualify; Radar speeds BELOW criteria of 30.0 mph at 85%,,One-way,5,8,0,0.0,40.717721,-73.903971,srts_citywide.csv
SR-20230710-30136,59 AVENUE,64 STREET,66 STREET,denied,2023-07-08,2024-09-04T11:34:00.000,"Accept planning proposal of Not Feasible, Closed",Does not qualify; Radar speeds BELOW criteria of 30.0 mph at 85%,,Two-way,3,2,0,1.0,40.719765,-73.900627,srts_citywide.csv
SR-20240815-32170,73 PLACE,78 AVENUE,MYRTLE AVENUE,denied,2024-08-14,2024-09-04T11:37:00.000,"Accept planning proposal of Not Feasible, Closed",Does not qualify; Radar speeds BELOW criteria of 30.0 mph at 85%,,Two-way,1,1,1,0.0,40.704215,-73.876161,srts_citywide.csv
SR-20240815-32169,86 STREET,78 AVENUE,UNION TURNPIKE,denied,2024-08-14,2024-09-04T11:37:00.000,"Accept planning proposal of Not Feasible, Closed",Does not qualify; Radar speeds BELOW criteria of 30.0 mph at 85%,,One-way,2,2,0,0.0,40.705775,-73.863199,srts_citywide.csv
SR-20240827-32230,WOODBINE STREET,64 STREET,TRAFFIC AVENUE,denied,2024-08-26,2024-09-16T13:36:00.000,"Accept planning proposal of Not Feasible, Closed",Does not qualify; Radar speeds BELOW criteria of 30.0 mph at 85%,,One-way,6,7,3,0.0,40.708266,-73.895577,srts_citywide.csv
SR-20240827-32230,WOODBINE STREET,FRESH POND ROAD,64 STREET,denied,2024-08-26,2024-09-16T13:36:00.000,"Accept planning proposal of Not Feasible, Closed",Does not qualify; Radar speeds BELOW criteria of 30.0 mph at 85%,,One-way,30,43,8,0.0,40.70776,-73.897565,srts_citywide.csv
SR-20240904-32269,61 ROAD,85 STREET,ALDERTON STREET,denied,2024-09-03,2024-09-16T13:44:00.000,"Accept planning proposal of Not Feasible, Closed",Does not qualify; Radar speeds BELOW criteria of 30.0 mph at 85%,,One-way,22,24,10,1.0,40.727379,-73.872564,srts_citywide.csv
SR-20230421-29422,68 STREET,59 DRIVE,60 AVENUE,denied,2023-04-19,2025-01-22T15:38:00.000,"Accept planning proposal of Not Feasible, Closed",other,,One-way,28,33,0,0.0,40.721604,-73.89416,srts_citywide.csv
SR-20240621-31877,60 DRIVE,85 STREET,86 STREET,denied,2024-06-14,2025-01-22T15:42:00.000,"Accept planning proposal of Not Feasible, Closed",Does not qualify; Radar speeds BELOW criteria of 30.0 mph at 85%,,Two-way,12,14,6,0.0,40.728435,-73.873908,srts_citywide.csv
SR-20230421-29422,68 STREET,59 ROAD,59 DRIVE,denied,2023-04-19,2025-01-22T15:38:00.000,"Accept planning proposal of Not Feasible, Closed",other,,One-way,19,24,2,0.0,40.722208,-73.894584,srts_citywide.csv
SR-20240604-31777,52 COURT,73 STREET,74 STREET,denied,2024-05-28,2025-01-22T15:41:00.000,"Accept planning proposal of Not Feasible, Closed",Does not qualify; Radar speeds BELOW criteria of 30.0 mph at 85%,,Two-way,3,4,1,0.0,40.731959,-73.890477,srts_citywide.csv
SR-20230421-29422,68 STREET,60 AVENUE,60 ROAD,denied,2023-04-19,2025-01-22T15:38:00.000,"Accept planning proposal of Not Feasible, Closed",Does not qualify; Radar speeds BELOW criteria of 30.0 mph at 85%,,One-way,30,36,0,0.0,40.721,-73.893688,srts_citywide.csv
SR-20230421-29422,68 STREET,CALDWELL AVENUE,59 ROAD,denied,2023-04-19,2025-01-22T15:38:00.000,"Accept planning proposal of Not Feasible, Closed",other,,One-way,12,16,2,0.0,40.722824,-73.894973,srts_citywide.csv
SR-20230421-29422,68 STREET,60 ROAD,60 DRIVE,denied,2023-04-19,2025-01-22T15:38:00.000,"Accept planning proposal of Not Feasible, Closed",multiple impeding driveways / curb cuts,,One-way,25,32,2,0.0,40.720382,-73.893216,srts_citywide.csv
SR-20230421-29422,68 STREET,60 DRIVE,ELIOT AVENUE,denied,2023-04-19,2025-01-22T15:38:00.000,"Accept planning proposal of Not Feasible, Closed",Does not qualify; Radar speeds BELOW criteria of 30.0 mph at 85%,,One-way,37,45,8,1.0,40.719764,-73.892734,srts_citywide.csv
SR-20250130-35729,ELIOT AVENUE,82 STREET,83 STREET,denied,2025-01-28,2025-02-20T13:27:00.000,"Accept planning proposal of Not Feasible, Closed",Does not qualify; Radar speeds BELOW criteria of 30.0 mph at 85%,,Two-way,15,18,7,0.0,40.725752,-73.877557,srts_citywide.csv
SR-20250130-35729,ELIOT AVENUE,83 PLACE,84 STREET,denied,2025-01-28,2025-02-20T13:27:00.000,"Accept planning proposal of Not Feasible, Closed",Does not qualify; Radar speeds BELOW criteria of 30.0 mph at 85%,,Two-way,10,15,3,0.0,40.726726,-73.875499,srts_citywide.csv
SR-20250131-35738,70 STREET,52 DRIVE,53 AVENUE,denied,2025-01-31,2025-02-20T13:29:00.000,"Accept planning proposal of Not Feasible, Closed",Does not qualify; Radar speeds BELOW criteria of 30.0 mph at 85%,,One-way,5,6,1,0.0,40.732248,-73.893955,srts_citywide.csv
SR-20250130-35729,ELIOT AVENUE,83 STREET,83 PLACE,denied,2025-01-28,2025-02-20T13:27:00.000,"Accept planning proposal of Not Feasible, Closed",Does not qualify; Radar speeds BELOW criteria of 30.0 mph at 85%,,Two-way,10,12,4,0.0,40.726354,-73.876297,srts_citywide.csv
SR-20250131-35738,70 STREET,52 AVENUE,52 DRIVE,denied,2025-01-31,2025-02-20T13:29:00.000,"Accept planning proposal of Not Feasible, Closed",other,,One-way,3,5,2,0.0,40.733596,-73.894065,srts_citywide.csv
SR-20250130-35729,ELIOT AVENUE,84 STREET,85 STREET,denied,2025-01-28,2025-02-20T13:27:00.000,"Accept planning proposal of Not Feasible, Closed",Does not qualify; Radar speeds BELOW criteria of 30.0 mph at 85%,,Two-way,7,10,2,0.0,40.727091,-73.874708,srts_citywide.csv
SR-20230918-30597,74 STREET,66 DRIVE,METROPOLITAN AVENUE,denied,2023-09-17,,BC prioritized installation queue,street too short,,One-way,29,40,14,0.0,40.713215,-73.878583,srts_citywide.csv
SR-20240502-31623,74 STREET,JUNIPER BOULEVARD SOUTH,PLEASANTVIEW STREET,denied,2024-05-01,,BC prioritized installation queue,Does not qualify; Radar speeds BELOW criteria of 30.0 mph at 85%,,One-way,3,3,2,0.0,40.718272,-73.882628,srts_citywide.csv
SR-20250312-35837,76 STREET,EDSALL AVENUE,77 AVENUE,denied,2025-03-12,2025-03-25T15:07:00.000,"Accept planning proposal of Not Feasible, Closed",Does not qualify; Radar speeds BELOW criteria of 30.0 mph at 85%,,One-way,8,9,1,0.0,40.706729,-73.874241,srts_citywide.csv
SR-20250407-37912,GROVE STREET,61 STREET,FRESH POND ROAD,denied,2025-04-04,2025-04-22T11:03:00.000,"Accept planning proposal of Not Feasible, Closed",Does not qualify; Radar speeds BELOW criteria of 30.0 mph at 85%,,One-way,40,45,4,1.0,40.710095,-73.900281,srts_citywide.csv
SR-20250407-37912,GROVE STREET,60 PLACE,BUNNECKE COURT,denied,2025-04-04,2025-04-22T11:03:00.000,"Accept planning proposal of Not Feasible, Closed",Does not qualify; Radar speeds BELOW criteria of 30.0 mph at 85%,,One-way,9,10,1,0.0,40.709636,-73.902222,srts_citywide.csv
SR-20250407-37912,GROVE STREET,BUNNECKE COURT,61 STREET,denied,2025-04-04,2025-04-22T11:03:00.000,"Accept planning proposal of Not Feasible, Closed",Does not qualify; Radar speeds BELOW criteria of 30.0 mph at 85%,,One-way,9,10,1,0.0,40.70989,-73.901147,srts_citywide.csv
SR-20250515-38055,82 STREET,CALDWELL AVENUE,62 AVENUE,denied,2025-05-13,2025-06-05T13:15:00.000,"Accept planning proposal of Not Feasible, Closed",Does not qualify; Radar speeds BELOW criteria of 30.0 mph at 85%,,One-way,15,18,7,0.0,40.725752,-73.877557,srts_citywide.csv
SR-20250519-38066,69 LANE,54 AVENUE,GRAND AVENUE,denied,2025-05-15,2025-06-10T13:03:00.000,"Accept planning proposal of Not Feasible, Closed",Does not qualify; Radar speeds BELOW criteria of 30.0 mph at 85%,,One-way,12,15,4,0.0,40.729098,-73.894505,srts_citywide.csv
SR-20250528-38108,65 STREET,CATALPA AVENUE,SHALER AVENUE,denied,2025-05-25,2025-06-11T13:14:00.000,"Accept planning proposal of Not Feasible, Closed",Does not qualify; Radar speeds BELOW criteria of 30.0 mph at 85%,,Two-way,10,10,4,0.0,40.704846,-73.89213,srts_citywide.csv
SR-20250604-38129,59 AVENUE,63 STREET,64 STREET,denied,2025-06-03,2025-06-23T13:18:00.000,"Accept planning proposal of Not Feasible, Closed",Does not qualify; Radar speeds BELOW criteria of 30.0 mph at 85%,,Two-way,8,8,0,1.0,40.719692,-73.90158,srts_citywide.csv
SR-20250926-39540,TRAFFIC AVENUE,64 STREET,GATES AVENUE,denied,2025-09-26,2025-10-08T12:48:00.000,"Accept planning proposal of Not Feasible, Closed",Does not qualify; Radar speeds BELOW criteria of 30.0 mph at 85%,,Two-way,1,2,0,0.0,40.710298,-73.896461,srts_citywide.csv
SR-20250630-38228,WILLOUGHBY AVENUE,ONDERDONK AVENUE,WOODWARD AVENUE,denied,2025-06-29,2025-07-10T17:27:00.000,"Accept planning proposal of Not Feasible, Closed",Does not qualify; Radar speeds BELOW criteria of 30.0 mph at 85%,,Two-way,8,12,2,0.0,40.709851,-73.91714,srts_citywide.csv
SR-20241023-34491,81 STREET,QUEENS MIDTOWN EXPRESSWAY,58 AVENUE,denied,2024-10-21,2025-07-14T12:39:00.000,"Accept planning proposal of Not Feasible, Closed",Does not qualify; Radar speeds BELOW criteria of 30.0 mph at 85%,,One-way,19,33,0,0.0,40.728415,-73.880778,srts_citywide.csv
SR-20241023-34491,81 STREET,58 AVENUE,CALDWELL AVENUE,denied,2024-10-21,2025-07-14T12:39:00.000,"Accept planning proposal of Not Feasible, Closed",Does not qualify; Radar speeds BELOW criteria of 30.0 mph at 85%,,One-way,7,10,0,0.0,40.727368,-73.879946,srts_citywide.csv
SR-20241023-34491,81 STREET,CALDWELL AVENUE,ELIOT AVENUE,denied,2024-10-21,2025-07-14T12:39:00.000,"Accept planning proposal of Not Feasible, Closed",Does not qualify; Radar speeds BELOW criteria of 30.0 mph at 85%,,One-way,28,38,12,0.0,40.725728,-73.878636,srts_citywide.csv
SR-20250115-35688,73 STREET,CENTRAL AVENUE,COOPER AVENUE,denied,2025-01-15,2025-07-14T12:41:00.000,"Accept planning proposal of Not Feasible, Closed",Does not qualify; Radar speeds BELOW criteria of 30.0 mph at 85%,,One-way,13,13,6,0.0,40.705432,-73.877688,srts_citywide.csv
SR-20250806-39341,62 AVENUE,FRESH POND ROAD,62 STREET,denied,2025-08-06,2025-08-28T12:46:00.000,"Accept planning proposal of Not Feasible, Closed",Does not qualify; Radar speeds BELOW criteria of 30.0 mph at 85%,,One-way,78,93,21,1.0,40.713843,-73.900939,srts_citywide.csv
SR-20250808-39350,55 STREET,NURGE AVENUE,ARNOLD AVENUE,denied,2025-07-30,2025-09-02T10:39:00.000,"Accept planning proposal of Not Feasible, Closed",Does not qualify; Radar speeds BELOW criteria of 30.0 mph at 85%,,One-way,11,20,1,0.0,40.71519,-73.911052,srts_citywide.csv
SR-20250811-39362,GRANDVIEW AVENUE,GREENE AVENUE,BLEECKER STREET,denied,2025-08-03,2025-09-02T10:42:00.000,"Accept planning proposal of Not Feasible, Closed",Does not qualify; Radar speeds BELOW criteria of 30.0 mph at 85%,,One-way,6,7,3,0.0,40.709745,-73.907741,srts_citywide.csv
SR-20250828-39407,81 STREET,62 AVENUE,JUNIPER BOULEVARD NORTH,denied,2025-08-19,2025-09-08T13:31:00.000,"Accept planning proposal of Not Feasible, Closed",Does not qualify; Radar speeds BELOW criteria of 30.0 mph at 85%,,One-way,9,11,0,0.0,40.723486,-73.87684,srts_citywide.csv
SR-20250912-39479,WOODWARD AVENUE,PALMETTO STREET,WOODBINE STREET,denied,2025-09-06,2025-09-25T13:27:00.000,"Accept planning proposal of Not Feasible, Closed",Does not qualify; Radar speeds BELOW criteria of 30.0 mph at 85%,,One-way,21,23,9,0.0,40.704849,-73.905609,srts_citywide.csv
SR-20250911-39469,WOODWARD AVENUE,HIMROD STREET,HARMAN STREET,denied,2025-09-04,2025-09-25T13:25:00.000,"Accept planning proposal of Not Feasible, Closed",Does not qualify; Radar speeds BELOW criteria of 30.0 mph at 85%,,One-way,12,12,3,0.0,40.708345,-73.911548,srts_citywide.csv
SR-20250912-39479,WOODWARD AVENUE,WOODBINE STREET,MYRTLE AVENUE LINE,denied,2025-09-06,2025-09-25T13:27:00.000,"Accept planning proposal of Not Feasible, Closed",Does not qualify; Radar speeds BELOW criteria of 30.0 mph at 85%,,One-way,19,22,6,0.0,40.704409,-73.904866,srts_citywide.csv
SR-20250912-39479,WOODWARD AVENUE,MADISON STREET,PUTNAM AVENUE,denied,2025-09-06,2025-09-25T13:27:00.000,"Accept planning proposal of Not Feasible, Closed",Does not qualify; Radar speeds BELOW criteria of 30.0 mph at 85%,,One-way,21,24,9,0.0,40.703975,-73.904124,srts_citywide.csv
SR-20250910-39468,79 PLACE,78 AVENUE,MYRTLE AVENUE,denied,2025-09-04,2025-09-25T13:25:00.000,"Accept planning proposal of Not Feasible, Closed",Does not qualify; Radar speeds BELOW criteria of 30.0 mph at 85%,,One-way,3,4,0,0.0,40.704898,-73.870667,srts_citywide.csv
SR-20250912-39479,WOODWARD AVENUE,MYRTLE AVENUE LINE,MADISON STREET,denied,2025-09-06,2025-09-25T13:27:00.000,"Accept planning proposal of Not Feasible, Closed",See data information above or below.,,One-way,25,28,10,0.0,40.704112,-73.904358,srts_citywide.csv
SR-20250912-39479,WOODWARD AVENUE,PUTNAM AVENUE,CORNELIA STREET,denied,2025-09-06,2025-09-25T13:27:00.000,"Accept planning proposal of Not Feasible, Closed",Does not qualify; Radar speeds BELOW criteria of 30.0 mph at 85%,,One-way,25,28,8,0.0,40.703538,-73.903382,srts_citywide.csv
SR-20250917-39496,OTTO ROAD,67 STREET,67 PLACE,denied,2025-09-17,,Study request passed to planning,,,Two-way,4,4,0,0.0,40.705811,-73.888262,srts_citywide.csv
SR-20250923-39520,FAIRVIEW AVENUE,STANHOPE STREET,HIMROD STREET,denied,2025-09-16,2025-10-06T14:34:00.000,"Accept planning proposal of Not Feasible, Closed",Does not qualify; Radar speeds BELOW criteria of 30.0 mph at 85%,,One-way,6,8,2,0.0,40.709868,-73.911178,srts_citywide.csv
SR-20250923-39520,FAIRVIEW AVENUE,GREENE AVENUE,BLEECKER STREET,denied,2025-09-16,2025-10-06T14:34:00.000,"Accept planning proposal of Not Feasible, Closed",Does not qualify; Radar speeds BELOW criteria of 30.0 mph at 85%,,One-way,16,19,5,0.0,40.708555,-73.908961,srts_citywide.csv
SR-20250923-39520,FAIRVIEW AVENUE,MADISON STREET,PUTNAM AVENUE,denied,2025-09-16,2025-10-06T14:34:00.000,"Accept planning proposal of Not Feasible, Closed",Does not qualify; Radar speeds BELOW criteria of 30.0 mph at 85%,,One-way,24,27,9,0.0,40.705047,-73.90303,srts_citywide.csv
SR-20250923-39520,FAIRVIEW AVENUE,GROVE STREET,LINDEN STREET,denied,2025-09-16,2025-10-06T14:34:00.000,"Accept planning proposal of Not Feasible, Closed",Does not qualify; Radar speeds BELOW criteria of 30.0 mph at 85%,,One-way,11,11,3,1.0,40.707238,-73.906738,srts_citywide.csv
SR-20250923-39520,FAIRVIEW AVENUE,WOODBINE STREET,MADISON STREET,denied,2025-09-16,2025-10-06T14:34:00.000,"Accept planning proposal of Not Feasible, Closed",Does not qualify; Radar speeds BELOW criteria of 30.0 mph at 85%,,One-way,21,26,8,0.0,40.705484,-73.903772,srts_citywide.csv
SR-20250923-39520,FAIRVIEW AVENUE,HIMROD STREET,HARMAN STREET,denied,2025-09-16,2025-10-06T14:34:00.000,"Accept planning proposal of Not Feasible, Closed",Does not qualify; Radar speeds BELOW criteria of 30.0 mph at 85%,,One-way,14,16,3,0.0,40.709429,-73.910443,srts_citywide.csv
SR-20250923-39520,FAIRVIEW AVENUE,HARMAN STREET,GREENE AVENUE,denied,2025-09-16,2025-10-06T14:34:00.000,"Accept planning proposal of Not Feasible, Closed",Does not qualify; Radar speeds BELOW criteria of 30.0 mph at 85%,,One-way,14,17,4,0.0,40.708992,-73.9097,srts_citywide.csv
SR-20250923-39520,FAIRVIEW AVENUE,MENAHAN STREET,GROVE STREET,denied,2025-09-16,2025-10-06T14:34:00.000,"Accept planning proposal of Not Feasible, Closed",Does not qualify; Radar speeds BELOW criteria of 30.0 mph at 85%,,One-way,11,11,3,1.0,40.707678,-73.907477,srts_citywide.csv
SR-20250923-39520,FAIRVIEW AVENUE,BLEECKER STREET,MENAHAN STREET,denied,2025-09-16,2025-10-06T14:34:00.000,"Accept planning proposal of Not Feasible, Closed",Does not qualify; Radar speeds BELOW criteria of 30.0 mph at 85%,,One-way,12,15,3,1.0,40.708115,-73.908215,srts_citywide.csv
SR-20250923-39520,FAIRVIEW AVENUE,GATES AVENUE,PALMETTO STREET,denied,2025-09-16,2025-10-06T14:34:00.000,"Accept planning proposal of Not Feasible, Closed",Does not qualify; Radar speeds BELOW criteria of 30.0 mph at 85%,,One-way,11,11,3,0.0,40.706361,-73.905257,srts_citywide.csv
SR-20250926-39540,TRAFFIC AVENUE,MENAHAN STREET,GROVE STREET,denied,2025-09-26,2025-10-08T12:48:00.000,"Accept planning proposal of Not Feasible, Closed",Does not qualify; Radar speeds BELOW criteria of 30.0 mph at 85%,,Two-way,31,34,3,1.0,40.711225,-73.898631,srts_citywide.csv
SR-20250923-39520,FAIRVIEW AVENUE,PALMETTO STREET,WOODBINE STREET,denied,2025-09-16,2025-10-06T14:34:00.000,"Accept planning proposal of Not Feasible, Closed",Does not qualify; Radar speeds BELOW criteria of 30.0 mph at 85%,,One-way,9,9,2,0.0,40.705924,-73.904514,srts_citywide.csv
SR-20250923-39520,FAIRVIEW AVENUE,LINDEN STREET,GATES AVENUE,denied,2025-09-16,2025-10-06T14:34:00.000,"Accept planning proposal of Not Feasible, Closed",Does not qualify; Radar speeds BELOW criteria of 30.0 mph at 85%,,One-way,10,10,3,0.0,40.706798,-73.905995,srts_citywide.csv
SR-20250923-39520,FAIRVIEW AVENUE,PUTNAM AVENUE,67 AVENUE,denied,2025-09-16,2025-10-06T14:34:00.000,"Accept planning proposal of Not Feasible, Closed",Does not qualify; Radar speeds BELOW criteria of 30.0 mph at 85%,,One-way,29,35,11,0.0,40.704608,-73.902291,srts_citywide.csv
SR-20221006-28863,CYPRESS HILLS STREET,MYRTLE AVENUE,74 AVENUE,denied,2022-10-05,,MOSAICS closed,Speed Cushion Denied Due To Failure By KSI.,2025-07-18T00:00:00.000,One-way,35,41,9,0.0,40.701103,-73.890867,srts_citywide.csv
SR-20221006-28863,CYPRESS HILLS STREET,74 AVENUE,65 STREET,denied,2022-10-05,,MOSAICS closed,Speed Cushion Denied Due To Failure By KSI.,2025-07-18T00:00:00.000,One-way,30,40,8,0.0,40.700474,-73.889692,srts_citywide.csv
SR-20250925-39537,52 AVENUE,67 STREET,69 STREET,denied,2025-09-18,2025-10-08T12:46:00.000,"Accept planning proposal of Not Feasible, Closed",Does not qualify; Radar speeds BELOW criteria of 30.0 mph at 85%,,One-way,1,1,0,0.0,40.733605,-73.897893,srts_citywide.csv
SR-20250926-39540,TRAFFIC AVENUE,GATES AVENUE,PALMETTO STREET,denied,2025-09-26,2025-10-08T12:48:00.000,"Accept planning proposal of Not Feasible, Closed",Does not qualify; Radar speeds BELOW criteria of 30.0 mph at 85%,,Two-way,6,9,1,0.0,40.709825,-73.895354,srts_citywide.csv
SR-20221006-28863,CYPRESS HILLS STREET,65 STREET,65 PLACE,denied,2022-10-05,,MOSAICS closed,Does not qualify; Radar speeds BELOW criteria of 30.0 mph at 85%,2025-07-18T00:00:00.000,One-way,28,38,6,0.0,40.700292,-73.889527,srts_citywide.csv
SR-20250926-39540,TRAFFIC AVENUE,GROVE STREET,64 STREET,denied,2025-09-26,2025-10-08T12:48:00.000,"Accept planning proposal of Not Feasible, Closed",Does not qualify; Radar speeds BELOW criteria of 30.0 mph at 85%,,Two-way,0,0,0,0.0,40.710774,-73.897575,srts_citywide.csv
SR-20221006-28863,CYPRESS HILLS STREET,COOPER AVENUE,78 AVENUE,denied,2022-10-05,,MOSAICS closed,Speed Cushion Denied Due To Failure By KSI.,2025-07-18T00:00:00.000,Two-way,25,37,1,0.0,40.698858,-73.88818,srts_citywide.csv
SR-20221006-28863,CYPRESS HILLS STREET,CYPRESS AVENUE,JACKIE ROBINSON PARKWAY,denied,2022-10-05,,MOSAICS closed,street too short,2025-07-18T00:00:00.000,Two-way,87,130,2,0.0,40.692317,-73.882678,srts_citywide.csv
SR-20221006-28863,CYPRESS HILLS STREET,65 PLACE,COOPER AVENUE,denied,2022-10-05,,MOSAICS closed,Does not qualify; Radar speeds BELOW criteria of 30.0 mph at 85%,2025-07-18T00:00:00.000,One-way,20,29,1,0.0,40.699394,-73.88867,srts_citywide.csv
SR-20251003-39583,GREENE AVENUE,BUTLER AVENUE,TONSOR STREET,denied,2025-09-29,2025-10-16T13:10:00.000,"Accept planning proposal of Not Feasible, Closed",Does not qualify; Radar speeds BELOW criteria of 30.0 mph at 85%,,One-way,6,7,4,0.0,40.710258,-73.907217,srts_citywide.csv
SR-20251003-39583,GREENE AVENUE,RICARD STREET,BUTLER AVENUE,denied,2025-09-29,2025-10-16T13:10:00.000,"Accept planning proposal of Not Feasible, Closed",other,,One-way,5,6,4,0.0,40.710156,-73.907329,srts_citywide.csv
SR-20251006-39594,62 STREET,52 AVENUE,53 AVENUE,denied,2025-10-02,2025-10-20T13:34:00.000,"Accept planning proposal of Not Feasible, Closed",Does not qualify; Radar speeds BELOW criteria of 30.0 mph at 85%,,One-way,10,13,0,0.0,40.733659,-73.900069,srts_citywide.csv
SR-20251006-39599,STARR STREET,ONDERDONK AVENUE,WOODWARD AVENUE,denied,2025-10-05,2025-10-20T13:36:00.000,"Accept planning proposal of Not Feasible, Closed",Does not qualify; Radar speeds BELOW criteria of 30.0 mph at 85%,,One-way,11,17,4,0.0,40.71029,-73.917883,srts_citywide.csv
SR-20251014-39628,ST FELIX AVENUE,SENECA AVENUE,60 STREET,denied,2025-10-14,2025-10-27T12:58:00.000,"Accept planning proposal of Not Feasible, Closed",Does not qualify; Radar speeds BELOW criteria of 30.0 mph at 85%,,One-way,6,7,3,0.0,40.696482,-73.897564,srts_citywide.csv
SR-20251014-39630,GATES AVENUE,FAIRVIEW AVENUE,GRANDVIEW AVENUE,denied,2025-10-13,2025-10-27T12:59:00.000,"Accept planning proposal of Not Feasible, Closed",Does not qualify; Radar speeds BELOW criteria of 30.0 mph at 85%,,Two-way,11,11,3,0.0,40.706361,-73.905257,srts_citywide.csv
SR-20251020-39648,ELIOT AVENUE,85 STREET,86 STREET,denied,2025-10-18,2025-11-03T14:00:00.000,"Accept planning proposal of Not Feasible, Closed",Does not qualify; Radar speeds BELOW criteria of 30.0 mph at 85%,,Two-way,13,15,7,0.0,40.727912,-73.873241,srts_citywide.csv
SR-20251027-39682,MYRTLE AVENUE,NORMAN STREET,SUMMERFIELD STREET,denied,2025-10-24,2025-11-12T13:26:00.000,"Accept planning proposal of Not Feasible, Closed",Does not qualify; Radar speeds BELOW criteria of 30.0 mph at 85%,,Two-way,42,53,17,1.0,40.70052,-73.897962,srts_citywide.csv
SR-20251027-39682,MYRTLE AVENUE,SUMMERFIELD STREET,60 LANE,denied,2025-10-24,2025-11-12T13:26:00.000,"Accept planning proposal of Not Feasible, Closed",Does not qualify; Radar speeds BELOW criteria of 30.0 mph at 85%,,Two-way,31,39,7,1.0,40.700617,-73.896721,srts_citywide.csv
SR-20251027-39682,MYRTLE AVENUE,60 STREET,NORMAN STREET,denied,2025-10-24,2025-11-12T13:26:00.000,"Accept planning proposal of Not Feasible, Closed",Does not qualify; Radar speeds BELOW criteria of 30.0 mph at 85%,,Two-way,38,48,16,1.0,40.700517,-73.898348,srts_citywide.csv
SR-20251027-39682,MYRTLE AVENUE,DECATUR STREET,FRESH POND ROAD,denied,2025-10-24,2025-11-12T13:26:00.000,"Accept planning proposal of Not Feasible, Closed",Does not qualify; Radar speeds BELOW criteria of 30.0 mph at 85%,,Two-way,30,36,8,1.0,40.700666,-73.896097,srts_citywide.csv
SR-20251027-39682,MYRTLE AVENUE,60 LANE,DECATUR STREET,denied,2025-10-24,2025-11-12T13:26:00.000,"Accept planning proposal of Not Feasible, Closed",street too short,,Two-way,30,36,6,1.0,40.700653,-73.89627,srts_citywide.csv
SR-20251029-39708,72 PLACE,CENTRAL AVENUE,COOPER AVENUE,denied,2025-10-16,2025-11-13T12:32:00.000,"Accept planning proposal of Not Feasible, Closed",Does not qualify; Radar speeds BELOW criteria of 30.0 mph at 85%,,One-way,11,11,3,0.0,40.705225,-73.878565,srts_citywide.csv
SR-20251103-39723,69 LANE,CALDWELL AVENUE,60 AVENUE,denied,2025-11-03,2025-11-17T18:34:00.000,"Accept planning proposal of Not Feasible, Closed",Does not qualify; Radar speeds BELOW criteria of 30.0 mph at 85%,,One-way,15,17,1,0.0,40.724256,-73.891818,srts_citywide.csv
SR-20251029-39709,52 ROAD,67 STREET,69 STREET,denied,2025-10-06,2025-12-01T13:12:00.000,"Accept planning proposal of Not Feasible, Closed",Does not qualify; Radar speeds BELOW criteria of 30.0 mph at 85%,,Two-way,2,2,0,0.0,40.732924,-73.897919,srts_citywide.csv
SR-20251029-39709,52 ROAD,66 STREET,67 STREET,denied,2025-10-06,2025-12-01T13:12:00.000,"Accept planning proposal of Not Feasible, Closed",Does not qualify; Radar speeds BELOW criteria of 30.0 mph at 85%,,Two-way,5,7,0,0.0,40.732942,-73.899103,srts_citywide.csv
SR-20251107-39745,87 STREET,78 AVENUE,79 AVENUE,denied,2025-11-07,2025-12-01T13:15:00.000,"Accept planning proposal of Not Feasible, Closed",Does not qualify; Radar speeds BELOW criteria of 30.0 mph at 85%,,One-way,4,4,0,0.0,40.705832,-73.862265,srts_citywide.csv
SR-20251117-39766,69 AVENUE,79 STREET,80 STREET,denied,2025-11-16,2025-12-08T13:18:00.000,"Accept planning proposal of Not Feasible, Closed",Does not qualify; Radar speeds BELOW criteria of 30.0 mph at 85%,,One-way,5,5,2,0.0,40.70977,-73.873334,srts_citywide.csv
